                 0.3 0 0 0 -8.49647e-05  0.000109787 -7.80739e-05 0 0 0    0    0 0.07 -0.000778983  0.000871385 -0.000138619 -7.50599e-05 -1.25857e-05  -3.0266e-05 0 0 0 -0.00606391  0.00393156      -9.80                    0.4 -0.00387121  -0.0439769  -0.0164025 -0.00317229 -0.00133563  0.00550692 0 0 0    0    0 0.07 -0.00415979  0.00197558  0.00116118 -7.50541e-05 -1.25769e-05 -3.02599e-05  4.85383e-08  2.97035e-08 -1.02578e-07 -0.00606396  0.00393153      -9                       0.5 0.00212096   0.167304 -0.0465725  -0.0199844 -0.00931406  -0.0296152 0 0 0    0    0 0.07 -0.0835718 -0.0383193  -0.174393 -9.14486e-05 -0.000653187  6.34677e-05 2.11393e-05 1.03744e-05 4.43375e-05 -0.00608422  0.00392156                               0.6 -0.0036258   0.106625 -0.0617991 -0.0165727  -0.010455 -0.0121019 0 0 0    0    0 0.07 -0.0428848 -0.0296381 -0.0461097 -5.61984e-05 -0.000396743  0.000103982 -0.000107694 -3.75551e-06  -0.00214753 -0.00595955  0.00393596                               0.7  -0.359355 -0.0421598  -0.996354 -0.0204897 -0.0121213 -0.0136026 0 0 0    0    0 0.07 -0.0433583 -0.0177692 -0.0370131 0.000999141 4.83781e-05  0.00287545 -7.85143e-05 -0.000529683  -0.00287895 -0.00598636   0.0044422      -9                       0.8  -0.384229 -0.0512769  -0.999076  -0.0216214  -0.0169702 -0.00698971 0 0 0    0    0 0.07  -0.0361089   -0.020588 -0.00941825 0.00107411 0.00011032 0.00283785 -0.00223753   0.0017701 -0.00829334 -0.00391138  0.00223224      -9                       0.9 -0.569375 -0.126187   -1.5209 -0.0259319   -0.01787  -0.009272 0 0 0    0    0 0.07  -0.0400412 -0.00759874  -0.0119578  0.00158591 0.000304997  0.00429101 -0.00146052 0.000865732 -0.00690214 -0.00465059  0.00310437      -9.80                      1 -0.580959 -0.148552  -1.52909   -0.028391  -0.0200204 -0.00443149 0 0 0    0    0 0.07  -0.0384468 -0.00352604  0.00441864  0.00160348 0.000382416  0.00424354 -0.00388824  0.00324937  -0.0154056 -0.00234656 0.000823653      -9                       1.1  -0.452265 -0.0892228   -1.40873  -0.0325742   -0.020131 -0.00677502 0 0 0    0    0 0.07  -0.0397276  0.00305386 -0.00187758  0.00121652 0.000207676  0.00383965 -0.00350353   0.0033331  -0.0102078 -0.00271343 0.000715763      -9                       1.2 -0.466096 -0.137881  -1.43164 -0.0350206 -0.0242831 -0.0024444 0 0 0    0    0 0.07   -0.036647 -0.00316639   0.0109933  0.00124727 0.000346172  0.00384326 -0.00667804   0.0102941  -0.0188479 0.000182358 -0.00599022      -9.80                    1.3  -0.418286 -0.0854949   -1.36626  -0.0389015  -0.0240851 -0.00458068 0 0 0    0    0 0.07 -0.0366956 0.00327728 0.00377525  0.00109721 0.000198376  0.00360619 -0.00628371  0.00994076  -0.0119867 -0.00017797  -0.0056984      -9.809 
                 1.4  -0.44153 -0.106226  -1.37873  -0.0414938  -0.0297865 0.000215592 0 0 0    0    0 0.07  -0.0340797 -0.00903451   0.0168845  0.00114963 0.000250958  0.00358321 -0.00822918   0.0178797  -0.0204126 0.00146236 -0.0133346   -9.80899 
                 1.5 -0.353173 0.0181598  -1.41209  -0.0455739  -0.0301535 -0.00536994 0 0 0    0    0 0.07    -0.033103  -0.00535248 -0.000919375  0.000924859 -5.13396e-05   0.00361069 -0.00706598   0.0172875  -0.0065445 0.000385838  -0.0128497    -9.8089                    1.6  -0.366206 -0.0529825   -1.42118 -0.0458624 -0.0324314 0.00104285 0 0 0    0    0 0.07  -0.0255477 -0.00830435   0.0161105 0.000947332 0.000126685  0.00357964 -0.0106012  0.0193583 -0.0177406 0.00369156 -0.0148684   -9.80899 
                 1.7 -0.342334 0.0337867  -1.45171  -0.0476394  -0.0341002 -0.00480428 0 0 0    0    0 0.07  -0.0198439 -0.00861297 -0.00196448  0.000874193 -8.62958e-05   0.00360303  -0.0112368   0.0202101 -0.00566468 0.00428003 -0.0158001   -9.80899 
                 1.8  -0.354139 -0.0251976   -1.45154 -0.0460354 -0.0349427  0.0018661 0 0 0    0    0 0.07  -0.0103687 -0.00654416   0.0162693 0.000890099 5.67177e-05  0.00355194 -0.0146536  0.0203753 -0.0157316  0.0075445 -0.0160207   -9.80898 
                 1.9 -0.295255  0.015645  -1.49519  -0.0474145  -0.0378654 -0.00315033 0 0 0    0    0 0.07 -0.00686385  -0.0119781 0.000645929  0.000733674 -3.81243e-05   0.00360702  -0.0142645   0.0223338 -0.00643249 0.00708963 -0.0179342   -9.80898 
                   2  -0.310174 -0.0655685    -1.4981 -0.0464981 -0.0390205 0.00265749 0 0 0    0    0 0.07 -0.00261433   -0.011824   0.0155084 0.000758081 0.000157091  0.00356551 -0.0156034  0.0223902 -0.0136932 0.00838225  -0.018016   -9.80898 
                 2.1  -0.337195 0.00702236   -1.52378  -0.0478066  -0.0411465 -0.00339201 0 0 0    0    0 0.07  -0.0015888  -0.0129736 -0.00212679 0.000816838 -1.6209e-05  0.00357547  -0.0146901   0.0231221 -0.00443985 0.00745333 -0.0186987   -9.80898 
                 2.2  -0.346696 -0.0835756   -1.52884   -0.04928 -0.0421991 0.00244901 0 0 0    0    0 0.07 -0.00599092  -0.0109384    0.012458 0.000825256 0.000195125  0.00354011 -0.0138162  0.0230417   -0.01128 0.00664248 -0.0185803   -9.80898 
                 2.3   -0.32392 -0.0356563   -1.55785  -0.0504731  -0.0440176 -0.00186113 0 0 0    0    0 0.07  -0.00568853   -0.0121863 -0.000260929 0.000762817 8.20119e-05  0.00355969  -0.013383  0.0235297 -0.0052566 0.00618492 -0.0190272   -9.80898 
                 2.4 -0.333264 -0.112216  -1.55791 -0.0495989 -0.0438904 0.00376532 0 0 0    0    0 0.07 -0.00290074 -0.00763755   0.0140665 0.000772154 0.000256532  0.00351477  -0.014277  0.0227402 -0.0109349 0.00709566 -0.0183162   -9.80898 
                 2.5 -0.290954 0.0129553  -1.56883  -0.0496791    -0.04494 -0.00296366 0 0 0    0    0 0.07  0.00159477 -0.00831834 -0.00441764  0.000666824 -3.01373e-05    0.0034911  -0.0143162   0.0228846 -0.00291861 0.00710153  -0.018446   -9.80898 
                 2.6  -0.298473 -0.0835504   -1.56828 -0.0494869 -0.0433631 0.00257361 0 0 0    0    0 0.07   0.00101669 -0.000805668    0.0101869 0.000672729 0.000185971  0.00344645  -0.0142602   0.0215306 -0.00844674 0.00712857 -0.0171537   -9.80898 
                 2.7  -0.225501 0.00501599   -1.59003  -0.0499367  -0.0447457 -0.00325476 0 0 0    0    0 0.07  0.00318038  -0.0045201 -0.00575839 0.000502767 -1.2168e-05  0.00345083  -0.0139251   0.0222361 -0.00227574 0.00675781 -0.0178002   -9.80898 
                 2.8  -0.232311 -0.0529542   -1.58997 -0.0490893 -0.0446679 0.00319789 0 0 0    0    0 0.07 0.00435454 -0.0034384  0.0109539 0.000509565 0.000113117  0.00340709  -0.0141841   0.0219516 -0.00827285 0.00703344 -0.0175568   -9.80898 
                 2.9   -0.248303 -0.00394224    -1.59895  -0.0486975   -0.046067 -0.00144268 0 0 0    0    0 0.07   0.0073722 -0.00611994 -0.00159441 0.000539664 6.84262e-06   0.0033835  -0.0141642   0.0225292 -0.00344732 0.00697281 -0.0180913   -9.80898 
                   3  -0.253857 -0.0752148   -1.60096 -0.0483537  -0.045869 0.00352116 0 0 0    0    0 0.07  0.00556933 -0.00361457   0.0110705 0.000544052 0.000159649  0.00334507  -0.0139484   0.0221338 -0.00748668 0.00679783 -0.0177198   -9.80898 
                 3.1    -0.23232 -0.00411618    -1.62167 -0.0482332 -0.0472089 -0.0013377 0 0 0    0    0 0.07  0.00712629 -0.00654354 -0.00210846 0.000492002 7.67201e-06  0.00334754  -0.0137433   0.0226094 -0.00284354 0.00656488 -0.0181384   -9.80898 
                 3.2  -0.246374 -0.0679687   -1.61254 -0.0474676 -0.0457579 0.00258924 0 0 0    0    0 0.07  0.00646808 -0.00125599  0.00799442 0.000513967 0.000141626  0.00328938  -0.0137074   0.0216417 -0.00588013 0.00659102 -0.0172293   -9.80898 
                 3.3   -0.23184 0.00281269    -1.6292   -0.047326  -0.0473197 -0.00197559 0 0 0    0    0 0.07   0.0083631 -0.00489191 -0.00380154  0.000478933 -6.30275e-06   0.00328385  -0.0134887   0.0223034 -0.00199706 0.00633611 -0.0178236   -9.80898 
                 3.4  -0.237028 -0.0545558   -1.62047 -0.0460774 -0.0465428 0.00366909 0 0 0    0    0 0.07  0.00889803 -0.00187216   0.0105479 0.000482746 0.000111047  0.00322747  -0.0136183   0.0217426 -0.00614574 0.00650139 -0.0173244   -9.80898 
                 3.5    -0.24949 -0.00948108    -1.62962  -0.0458623  -0.0480387 -0.00122896 0 0 0    0    0 0.07  0.00992829 -0.00483237 -0.00270201  0.00050429 1.96137e-05  0.00320683  -0.0133554   0.0223318 -0.00209877 0.00620703 -0.0178418   -9.80898 
                 3.6  -0.258755 -0.0898113   -1.63242 -0.0468936 -0.0486234 0.00429803 0 0 0    0    0 0.07   0.0041693 -0.00481578   0.0109681 0.000516317 0.000180408   0.0031762  -0.0125735   0.0223815 -0.00586899 0.00547068 -0.0178717   -9.80898 
                 3.8  -0.268378 -0.0141045   -1.65261  -0.0467352  -0.0511788 -0.00151775 0 0 0    0    0 0.07  0.00612265 -0.00654315 -0.00309936 0.000532504 2.84704e-05  0.00317841  -0.0122899   0.0229786 -0.00165355 0.00515584  -0.018393   -9.80898 
                 3.9  -0.281806 -0.0680905   -1.65586 -0.0489601 -0.0511153 0.00380353 0 0 0    0    0 0.07 -0.00101908 -0.00382765  0.00944501 0.000545173 0.000129418  0.00311529  -0.0114168   0.0227722 -0.00477289 0.00434569 -0.0181646   -9.80898 
                   4   -0.25535 -0.0101491   -1.67349  -0.0491175  -0.0521897 -0.00204601 0 0 0    0    0 0.07 0.000905328 -0.00588959 -0.00471795                  4.2 -0.350578 -0.280447 -0.309376  -0.0515804 -0.00475433   0.0033741 0 0 0    0    0 0.07  -0.0932069 0.000902972  0.00557551 0.000685398 0.000501315 0.000606181  0.0238702 0.00954067 0.00145028 -0.0160618  -0.010393   -9.80898 
                 4.3  -0.34159 -0.168444 -0.305102  -0.0346567 -0.00276074  0.00933606 0 0 0    0    0 0.07 -0.0452627 0.00767502   0.016924 0.000645444 0.000325478 0.000575572   0.0182744  0.00918264 -0.00113931 -0.0107482 -0.0100683   -9.80899 
                 4.4 -0.256569  0.239254 -0.350874  -0.0365397 -0.00152353   0.0078171 0 0 0    0    0 0.07 -0.0344303  0.0101086  0.0101971   0.00047786 -0.000432039  0.000651549   0.0177898  0.00904566 0.000501503  -0.0102475 -0.00998671    -9.80899 
                 4.5 -0.268278  0.206121 -0.342935  -0.0371257 -0.00242259  0.00918362 0 0 0    0    0 0.07 -0.0273114 0.00701309  0.0112077  0.000504708 -0.000353675   0.00063087   0.0170866    0.009516 0.000345134 -0.00962179  -0.0104758    -9.80899 
                 4.6 -0.243415  0.152119 -0.314257  -0.0374103 -0.00108047  0.00761075 0 0 0    0    0 0.07 -0.0204588  0.0109491 0.00422578  0.000452722 -0.000239545  0.000572444  0.0164606   0.009331 0.00180612 -0.00897955  -0.0103871    -9.80899 
                 4.7  -0.24503  0.143725 -0.319241   -0.0394516 -0.000681031   0.00876102 0 0 0    0    0 0.07 -0.0204105  0.0113831 0.00555906  0.000453759 -0.000221709  0.000575585  0.0164442 0.00955189 0.00140958 -0.00899196   -0.010588    -9.80899 
                 4.8      -0.2  0.232133 -0.297469 -0.0385159 0.00119646 0.00522505 0 0 0    0    0 0.07  -0.0100517   0.0142839 -0.00470208  0.000368501 -0.000377212  0.000530375  0.0156774 0.00928566 0.00354736 -0.00822364  -0.0104505    -9.80899 
                 4.9 -0.209349  0.190256 -0.298005 -0.0388379 0.00112295 0.00686099 0 0 0    0    0 0.07 -0.00810161    0.011538   0.0002912  0.000378533 -0.000304457  0.000528932  0.0154581 0.00973081 0.00251839 -0.00806051  -0.0108696    -9.80899 
                   5 -0.143026  0.252809 -0.275039 -0.0404958 0.00182923 0.00582402 0 0 0    0    0 0.07 -0.00763136   0.0102578 -0.00315982 0.000263514 -0.00040402  0.00048473  0.0157571  0.0098675 0.00304982 -0.00835537  -0.0109817    -9.80899 
                 5.1 -0.141157  0.263235 -0.270497 -0.0401995 0.00297927  0.0058557 0 0 0    0    0 0.07 -0.00259579    0.011118 -0.00229645  0.000256798 -0.000421145   0.00047254  0.0154938 0.00982905 0.00288063 -0.00810274  -0.0109641    -9.80899 
                 5.2 -0.0924881   0.292046  -0.256892 -0.0416595 0.00292214 0.00388451 0 0 0    0    0 0.07  -0.003239 0.00710471 -0.0067385 0.000165798 -0.00046255 0.000444125  0.0158697  0.0101797 0.00372886 -0.0084955 -0.0112726   -9.80899 
                 5.3 -0.0938248   0.292482   -0.26513 -0.0415624 0.00231956 0.00446938 0 0 0    0    0 0.07 0.000121243  0.00330954 -0.00365291   0.00016422 -0.000460205  0.000453447  0.0157607  0.0105616 0.00314342 -0.00840819  -0.0116367    -9.80899 
                 5.4 -0.0664184   0.293056  -0.254857 -0.0431521 0.00161616 0.00268299 0 0 0    0    0 0.07 -0.00264463 -0.00113821  -0.0074738  0.000114337 -0.000453746  0.000431432  0.0162206  0.0108506 0.00381736 -0.00887601  -0.0118769    -9.80899 
                 5.5 -0.069463  0.286938 -0.257527 -0.0435324 0.00168306 0.00324463 0 0 0    0    0 0.07 -0.00154446 -0.00190086 -0.00415559  0.000118202 -0.000439323  0.000431611  0.0162917  0.0107804 0.00321552 -0.00892247  -0.0118094    -9.80899 
                 5.6 -0.0768042   0.245193   -0.25711 -0.0435102  0.0012051 0.00274754 0 0 0    0    0 0.07 0.000760963 -0.00373426 -0.00415197  0.000129545 -0.000365573  0.000427147  0.0162584  0.0108486 0.00325984 -0.00889681  -0.0118751    -9.80899 
                 5.7 -0.0843569    0.22676  -0.255605 -0.0420927 0.00173695  0.0037162 0 0 0    0    0 0.07   0.00502682  -0.00164225 -0.000727787  0.000140538 -0.000331796  0.000420725   0.015931  0.0105876 0.00262445 -0.00855531  -0.0116579    -9.80899 
                 5.8 -0.0686107   0.232057  -0.246609 -0.0422578  0.0017803 0.00248377 0 0 0    0    0 0.07  0.00519982 -0.00148242 -0.00441073   0.00011308 -0.000336765  0.000401611  0.0161356  0.0105279 0.00313584 -0.00875687  -0.0115828    -9.80899 
                 5.9 -0.0755071   0.211363  -0.255774 -0.0424093 0.00220819  0.0030661 0 0 0    0    0 0.07   0.00364187 -0.000563571  -0.00251397  0.000122857 -0.000299503  0.000412783  0.0163257  0.0103581 0.00266899 -0.00891287  -0.0114185    -9.80899 
                   6 -0.0539601   0.198998  -0.246129 -0.0424219 0.00115766 0.00194951 0 0 0    0    0 0.07  0.00376698 -0.00461404 -0.00515228  8.72766e-05 -0.000276846  0.000392598 0.0164201 0.0106168  0.003052 -0.00902564  -0.0116493    -9.80899 
                 6.1 -0.0599652   0.186409  -0.250819 -0.0431168 0.00222312  0.0032033 0 0 0    0    0 0.07  0.00168676 -0.00109911 -0.00041206  9.61926e-05 -0.000254287   0.00039661  0.0167332  0.0102046 0.00230167 -0.00927833  -0.0112557    -9.80899 
                 6.2 -0.0209819   0.208733  -0.256538  -0.0441976 0.000760303  0.00214356 0 0 0    0    0 0.07 -0.000371217  -0.00738703  -0.00242891  3.43914e-05 -0.000287581  0.000402158  0.0170526  0.0105309 0.00275603 -0.00960418  -0.0115344    -9.80899 
                 6.3 -0.0197299    0.21902   -0.26276 -0.0455479 0.00238911  0.0024913 0 0 0    0    0 0.07  -0.00275834   -0.0022111 -0.000695905  3.16502e-05 -0.000300899  0.000407928  0.0174327 0.00991447 0.00249391 -0.00991746  -0.0109407    -9.80899 
                 6.4 -0.00393534    0.232754   -0.263638 -0.0444336  0.0010827 0.00110614 0 0 0    0    0 0.07  0.00202773 -0.00782778 -0.00444081  5.10219e-06 -0.000321634  0.000405173  0.0170901  0.0101602 0.00302922 -0.00962018  -0.0111814    -9.80899 
                 6.5 -0.0140767   0.199489  -0.269169   -0.04552 0.00239093 0.00200084 0 0 0    0    0 0.07 -0.000849581  -0.00403252 -0.000727414  2.23658e-05 -0.000265616  0.000410747  0.0174321 0.00962919 0.00249804 -0.00989882  -0.0106763    -9.80899 
                 6.6 -0.00364311    0.248288   -0.261583   -0.0455171  0.000888568 -0.000117351 0 0 0    0    0 0.07  0.00108171 -0.00877385 -0.00647492  5.61257e-06 -0.000339296  0.000395749  0.0174207 0.00988931 0.00330058 -0.00991495  -0.0109025    -9.80899 
                 6.7 -0.0113301   0.225823  -0.271531  -0.0451846  0.00271506 0.000620612 0 0 0    0    0 0.07  0.00205219 -0.00309538 -0.00289251  1.80869e-05 -0.000301603   0.00040753  0.0174191  0.0092267 0.00275595 -0.00986396  -0.0102992    -9.80899 
                 6.8 -0.00647555    0.255563   -0.266605   -0.0438016   0.00142807 -0.000734143 0 0 0    0    0 0.07  0.00704926   -0.008272 -0.00631577  1.09506e-05 -0.000344695  0.000396372   0.017162 0.00943806 0.00315497 -0.00964451  -0.0105023    -9.80899 
                 6.9 -0.00984353    0.251797   -0.264681     -0.04428   0.00225842 -0.000558562 0 0                  6.9 -0.532997 -0.142469  -1.82997 -0.0711372 -0.0594584 -0.0021806 0 0 0    0    0 0.07   -0.022969   0.0195271 -0.00334018  0.00078469 0.0002077                   7 -0.240395 -0.233073  -0.50906  -0.0330785 -0.00111553  0.00333454 0                   7 -0.550093  -0.15692  -1.83754  -0.072458 -0.0649086 0.00378111 0 0 0    0    0 0.07 -0.0218864 0.00713181  0.0100103 0.000796991 0.0002251                 7.1 -0.244519 -0.202522 -0.494719  -0.0325388 0.000340096  0.0085847                 7.1 -0.581742 -0.152222  -1.84467    -0.074122   -0.0643084 -0.000964719 0 0 0    0    0 0.07  -0.0205336   0.0115422 -0.00225576 0.000837934 0.0002171                 7.2   -0.17692 -0.0567875   -0.47645 -0.0325748 0.00116097 0.00724019 0                 7.2 -0.590522 -0.180479  -1.85315 -0.0757787 -0.0661115 0.00233024 0 0 0    0    0 0.07 -0.0217949  0.0091703 0.00454272 0.000844516  0.00025598                  7.3 -0.196131 -0.109148 -0.476971 -0.0331003 0.00221403 0.0096437                 7.3 -0.493887 -0.130269   -1.8929  -0.0779228  -0.0675309 -0.00136986 0 0 0    0    0 0.07 -0.0214379 0.00554191 -0.0038317 0.000695475 0.000179662                  7.4  -0.154727 -0.0190704  -0.482661 -0.0335666   0.002424 0.0067110                 7.4 -0.504189 -0.202086  -1.89572 -0.0779482 -0.0692723 0.00219982 0 0 0    0    0 0.07 -0.0187587 0.00275183 0.00503946 0.000705148  0.00028303                  7.5  -0.174647 -0.0723413  -0.489529  -0.034289 0.00345688 0.0084                 7.5  -0.453659 -0.0694784   -1.91974   -0.080598  -0.0698498 -0.00347709 0 0 0    0    0 0.07  -0.0184114  0.00256307 -0.00874637 0.000626397 8.85276e-                 7.6 -0.102587 0.0328043 -0.442072 -0.0338299 0.00372858  0.0047749 0                 7.6 -0.455259 -0.126972   -1.9182  -0.0800048  -0.0683815 -0.00126711 0 0 0    0    0 0.07 -0.0143994 0.00730727 -0.0015742 0.000623999 0.000170051                  7.7  -0.121507 -0.0273711  -0.444751 -0.0330778 0.00484631 0.0052574                 7.7 -0.723668 -0.223959  -1.86484  -0.0814824   -0.066535 -0.00241593 0 0 0    0    0 0.07  -0.0169283   0.0173142 -0.00363969  0.00100123 0.0003075                 7.8 -0.106847 0.0181077 -0.447427 -0.0334294 0.00481459  0.0029487 0                 7.8 -0.725374 -0.228212  -1.88604  -0.0874682  -0.0693619 -0.00136069 0 0 0    0    0 0.07  -0.0291613   0.0132769 0.000425236 0.000996684 0.0003                 7.9   -0.116227 -0.00179085   -0.442347 -0.0322209 0.00474082 0.00390186 0                 7.9 -0.827843 -0.269979  -1.82408  -0.0903314  -0.0670738 -0.00129377 0 0 0    0    0 0.07  -0.0318418   0.0241218 0.000323868  0.00112486 0.0003                   8 -0.0844059  0.0465457  -0.400324 -0.0319851 0.00461253  0.001792                   8 -0.825478 -0.311134  -1.84022  -0.0923797   -0.068935 0.000934741 0 0 0    0    0 0.07 -0.0323728   0.021558 0.00522756  0.00111389 0.000418758  0.                 8.1 -0.0962197  0.0209953   -0.41166  -0.032656 0.00625078 0.0026                 8.1 -0.602047 -0.153584  -1.88762  -0.0956862  -0.0674497 -0.00391437 0 0 0    0    0 0.07  -0.0320733   0.0223987 -0.00663472 0.000792688 0.000196375                  8.2 -0.0712892   0.108771   -0.41163  -0.0322112  0.00502689 0.00                 8.2  -0.60914 -0.210689  -1.90006   -0.0973197   -0.0708563 -0.000262129 0 0 0    0    0 0.07 -0.0303932  0.0122625 0.00281058 0.000797688 0.000273475  0.002                 8.3 -0.074477  0.105226 -0.411454 -0.0329429 0.00497824 0.0010                 8.3 -0.768037  -0.26751  -1.86919   -0.100252   -0.068687 -0.00063865 0 0 0    0    0 0.07 -0.0325899  0.0220965 0.00194259  0.00100933 0.000348945  0.002                 8.4 -0.0544035   0.128725  -0.415216   -0.0322658   0.00329926                 8.4 -0.771103 -0.299231  -1.87473  -0.100626 -0.0711228 0.00238101 0 0 0    0    0 0.07 -0.0285982  0.0165741 0.00781625  0.00100662 0.000389274  0.00234731                     8.5 -0.062182  0.122903  -0.41977 -0.0311035 0.002                 8.5 -0.613309 0.0372037  -1.90102   -0.102619  -0.0701359 -0.00460039 0 0 0    0    0 0.07  -0.0219301    0.017705 -0.00980328  0.000786379 -6.79266e-05   0.00235827                  8.6 -0.0870859   0.112594   -0.41024  -0.0312874                   8.6 -0.616044 0.0181025  -1.91657    -0.10422  -0.0725337 -0.00371787 0 0 0    0    0 0.07 -0.0184938  0.0117423 -0.0058395 0.000784744 -4.2536e-05  0.00236101  -0.0120753   0                 8.9 -0.0895171   0.121326  -0.415305   -0.0327469 -0.000253747   0.00320205 0 0 0    0    0 0.07 -0.00300688 -0.00889342  0.00334121  0.000115803 -0.000124807  0.000531585  0.0147016 0.00912386 0.00175003 -0.00722541  -0.0105197    -9.80899 
                   9 -0.101989  0.167161 -0.434558  -0.0404072 -5.6459e-05  0.00243374 0 0 0    0    0 0.07  -0.0190802 -0.00678034  0.00130715  0.000128445 -0.000187336  0.000545426  0.0156761 0.00903408 0.00202694 -0.00809533  -0.0103346    -9.80899 
                 9.1 -0.106682  0.163685 -0.446906   -0.0428222 -0.000478354    0.0031058 0 0 0    0    0 0.07  -0.0195257 -0.00636638  0.00175558   0.00013316 -0.000181567     0.000557  0.0157371 0.00900419 0.00189427 -0.00814647  -0.0103028    -9.80899 
                 9.2 -0.0803066   0.269865  -0.438008   -0.0440184 -0.000825778   0.00164928 0 0 0    0    0 0.07  -0.0142667 -0.00627763 -0.00186774  9.92863e-05 -0.000311398  0.000541784  0.0156756 0.00896029 0.00231313 -0.00808956  -0.0102664    -9.80899 
                 9.3 -0.0866717    0.25312  -0.445605 -0.0473391 0.00121546 0.00179232 0 0 0    0    0 0.07  -0.0175932 0.000302767 -0.00177137  0.000107333 -0.000287882  0.000548581  0.0159327 0.00863534 0.00221306 -0.00828232 -0.00994862    -9.80899 
                 9.4 -0.0693651   0.276596  -0.470361   -0.050628 0.000377193 -0.00073377 0 0 0    0    0 0.07  -0.0187548 -0.00298546 -0.00769097  8.46351e-05 -0.000313678  0.000574826  0.0161526 0.00877824 0.00286039 -0.00850667  -0.0100464    -9.80899 
                 9.5 -0.0768166   0.270035  -0.483534  -0.0521695  0.00191779 0.000194671 0 0 0    0    0 0.07  -0.0166877  0.00126931 -0.00305642  9.47008e-05 -0.000304187  0.000588196  0.0161467 0.00850207 0.00239755 -0.00845817  -0.0098051    -9.80899 
                 9.6 -0.0604987   0.304196  -0.474324   -0.0534037 -0.000168429 -0.000525264 0 0 0    0    0 0.07  -0.0130807  -0.0058987 -0.00464664  7.27599e-05 -0.000345588  0.000572142  0.0160712 0.00884919 0.00251991 -0.00843652  -0.0101211    -9.80899 
                 9.7 -0.0699574   0.285199  -0.483438   -0.051775 0.000468351  0.00020707 0 0 0    0    0 0.07 -0.00409258 -0.00308012 -0.00187718  8.41286e-05 -0.000319564  0.000580182  0.0156559  0.0086312 0.00219556 -0.00802962 -0.00998128    -9.80899 
                 9.8 -0.0836856   0.298438   -0.48135   -0.0526613 -0.000603567 -0.000269515 0 0 0    0    0 0.07 -0.00278904  -0.0065531 -0.00298359   0.00010088 -0.000333727   0.00057385  0.0157411 0.00875873 0.00226991 -0.0081242 -0.0100827   -9.80899 
                 9.9 -0.0977081   0.253492   -0.48209 -0.0520191 0.00112897 0.00172034 0 0 0    0    0 0.07 0.000414205 0.000200071  0.00289269   0.00011673 -0.000275496  0.000571167  0.0156569  0.0083577 0.00166094 -0.00797238  -0.0097473    -9.80899 
                  10 -0.0865346   0.305653  -0.482666  -0.0524019 0.000122365 0.000685492 0 0 0    0    0 0.07   0.00209006  -0.00317527 -0.000812501  0.000102048 -0.000338752  0.000567377  0.0157287 0.00854013 0.00201453 -0.00807507 -0.00989417    -9.80899 
                10.1 -0.103655  0.250157 -0.486199  -0.0525315 0.000252484  0.00213827 0 0 0    0    0 0.07  0.00186207 -0.00170063  0.00291258  0.000122258 -0.000267721  0.000567837  0.0157989 0.00847049 0.00162055 -0.00811044 -0.00982908    -9.80899 
                10.2 -0.0714998   0.293708   -0.48429   -0.0534252 -0.000903526   0.00103059 0 0 0    0    0 0.07   0.00163192  -0.00571832 -0.000649034  8.23564e-05 -0.000319826  0.000561595  0.0159755 0.00863585 0.00199488 -0.00830423 -0.00994746    -9.80899 
                10.3 -0.0870841   0.238642  -0.490001  -0.0530959 9.79656e-05  0.00217267 0 0 0    0    0 0.07   0.0028188 -0.00140433  0.00224734  0.00010043 -0.00025091 0.000564682  0.0159841   0.008384 0.00168688 -0.00826563 -0.00972858    -9.80899 
                10.4 -0.0771389   0.283168  -0.486548   -0.0527496 -0.000821655   0.00109183 0 0 0    0    0 0.07   0.00528769  -0.00449604 -0.000722571   8.8087e-05 -0.000303544  0.000556633  0.0159789 0.00850885 0.00203235 -0.00829188 -0.00983494    -9.80899 
                10.5 -0.0907652   0.236687  -0.496379   -0.0529984 -0.000549025   0.00247872 0 0 0    0    0 0.07  0.00406199 -0.00304507  0.00285117  0.000103139 -0.000245735  0.000564754  0.0161222 0.00840048 0.00166133 -0.00838846  -0.0097257    -9.80899 
                10.6 -0.101868  0.373207 -0.484304   -0.0477962 -0.000672926   0.00100873 0 0 0    0    0 0.07   0.0206811 -0.00296299 -0.00167868  0.000115804 -0.000407518  0.000546197   0.015423 0.00833143  0.0020989 -0.00778407 -0.00975044    -9.80899 
                10.7 -0.124468  0.285012 -0.496569  -0.0497054 1.11617e-05  0.00172897 0 0 0    0    0 0.07    0.0125366 -0.000296196  0.000517785 0.000141457 -0.00029979 0.000556803  0.0160063  0.0082238 0.00188862  -0.0082719 -0.00958374    -9.80899 
                10.8 -0.114865  0.283147 -0.491437    -0.050873 -0.000328291  0.000550473 0 0 0    0    0 0.07   0.00862316 -0.000830875  -0.00232494  0.000129706 -0.000296513  0.000547922  0.0163651 0.00830139 0.00219618 -0.00860848 -0.00960239    -9.80899 
                10.9 -0.134983  0.213641 -0.494128 -0.0517307 0.00181614 0.00225008 0 0 0    0    0 0.07 0.00460473 0.00542937 0.00259958  0.000148552 -0.000224233  0.000547117  0.0166482 0.00799018 0.00173003 -0.00879362 -0.00929867    -9.80899 
                  11 -0.0816876   0.291553  -0.452785  -0.0518405    0.002019 0.000583864 0 0 0    0    0 0.07   0.0058368  0.00342031 -0.00222183  8.54011e-05 -0.000313661  0.000494602  0.0167439 0.00803483 0.00218723 -0.00890251 -0.00932303    -9.80899 
                11.1 -0.0840429   0.289361  -0.456179  -0.0530592  0.00330354 0.000941756 0 0 0    0    0 0.07    0.0035987   0.00560882 -0.000350438   8.8038e-05 -0.000307223  0.000494645  0.0170248 0.00791221  0.0020514 -0.00912517 -0.00918149    -9.80899 
                11.2 -0.0643168   0.330783  -0.437293   -0.0528745   0.00342676 -0.000664864 0 0 0    0    0 0.07  0.00621554  0.00382084 -0.00477541  6.47678e-05 -0.000352792  0.000469546  0.0170614 0.00797644 0.00240973 -0.00917917 -0.00923138    -9.80899 
                11.3 -0.069131   0.31686 -0.435103    -0.052809   0.00378225 -0.000490899 0 0 0    0    0 0.07   0.0071133  0.00358983 -0.00264414  7.02146e-05 -0.000334272  0.000464422  0.0171582 0.00797987 0.00226874  -0.0092578 -0.00922375    -9.80899 
                11.4 -0.454697 -0.297807 -0.620993  -0.0528451 -0.00125657  0.00572814 0 0 0    0    0 0.07  -0.0053881 -0.00416434   0.0136831 0.000514375 0.000375112 0.000678475   0.0170894  0.00887282 0.000792929 -0.00923392  -0.0100143    -9.80899 
                11.5 -0.450517 -0.243117  -0.60475   -0.0510747 -0.000476911    0.0113218 0 0 0    0    0 0.07 -0.00578202   0.0038033   0.0240653 0.000506749 0.000314149 0.000655537    0.0167776   0.00872881 -0.000186745 -0.00891636 -0.00992579    -9.80899 
                11.6  -0.481003 -0.0988928  -0.614768   -0.0507629 -0.000468358   0.00825983 0 0 0    0    0 0.07 -0.00585404  0.00823453  0.00994581 0.000538316 0.000146228 0.000661279  0.0166517 0.00880972 0.00107669 -0.00881784  -0.0100405    -9.80899 
                11.7  -0.50054  -0.16154 -0.615444 -0.0496769 0.00118734  0.0103608 0 0 0    0    0 0.07 -0.00669593   0.0162503   0.0125285 0.000557324 0.000215748 0.000658516   0.0163939   0.0087309 0.000823534  -0.0085915 -0.00999876    -9.80899 
                11.8  -0.428816 -0.0570304  -0.598614 -0.0501133 0.00219791 0.00614455 0 0 0    0    0 0.07 -0.00843495    0.018473 -0.00176798 0.000472586 9.60925e-05 0.000633574  0.0163791 0.00880052 0.00206126 -0.00852806  -0.0101539    -9.80899 
                11.9 -0.443503 -0.116704 -0.597725 -0.0488617  0.0046608 0.00703177 0 0 0    0    0 0.07 -0.00753879   0.0256046 0.000131543 0.000485011 0.000160037 0.000628973  0.0160575 0.00874728 0.00183024 -0.00826001  -0.0101433    -9.80899 
                  12   -0.401766 0.000533233   -0.568096  -0.049417 0.00598797 0.00276082 0 0 0    0    0 0.07 -0.00837104   0.0257693  -0.0109181 0.000434409 2.71614e-05  0.00059057  0.0160453  0.0088955 0.00278835 -0.0082104 -0.0103726   -9.80899 
                12.1 -0.420619  -0.07421 -0.575339 -0.0476649 0.00661178 0.00400305 0 0 0    0    0 0.07 -0.00592422   0.0251798 -0.00614007  0.00045165 0.000109019 0.000595584   0.015605 0.00919366 0.00229346 -0.00792894  -0.0106485    -9.80899 
                12.2 -0.413241 0.0255917 -0.504357   -0.0483828   0.00894889 -0.000482702 0 0 0    0    0 0.07 -0.00686416   0.0290613  -0.0159675  0.000440372 -1.64445e-06  0.000512516  0.0156535 0.00920857 0.00313946 -0.00791694  -0.0107456    -9.80899 
                12.3   -0.42081 -0.0023491  -0.511902   -0.0472633    0.0098031 -0.000405035 0 0 0    0    0 0.07 -0.00443485   0.0282877  -0.0119836 0.000445608 2.94549e-05 0.000517644  0.0153471 0.00951947 0.00279744 -0.00773393  -0.0110219    -9.80899 
                12.4 -0.313877  -0.68434 -0.506926 -0.0548376  0.0149731  0.0012662 0 0 0    0    0 0.07 -0.0405073  0.0374101  -0.005273 0.000324595 0.000778007   0.0005135  0.0161256 0.00928453 0.00216014 -0.00838637  -0.0106363    -9.80899 
                12.5 -0.310836  -0.61166 -0.511514  -0.057095  0.0149408 0.00642779 0 0 0    0    0 0.07 -0.0470483   0.030775 0.00880543  0.00031968 0.000693536 0.000515253   0.0157383  0.00981851 0.000946172 -0.00821617  -0.0110235    -9.80899 
                12.6 -0.409728 -0.363892 -0.487067 -0.0623068  0.0134242 0.00490572 0 0 0    0    0 0.07 -0.0542327  0.0228078 0.00265592 0.000425979 0.000419228 0.000483315  0.0157584  0.0104613 0.00148627 -0.00826827  -0.0116094    -9.80899 
                12.7 -0.412802 -0.357265 -0.497797 -0.0639884  0.0137471 0.00688016 0 0 0    0    0 0.07 -0.0524447  0.0220662 0.00656468 0.000428242 0.000412463 0.000491692   0.015189  0.0107327 0.00114536 -0.00786691  -0.0118838    -9.80899 
                12.8 -0.410505 -0.317596 -0.499331 -0.0663788  0.0127714 0.00614556 0 0 0    0    0 0.07 -0.0514547  0.0166467 0.00259669  0.00042268 0.000365632  0.00049099  0.0147632  0.0111612 0.00144705 -0.00751629  -0.0123238    -9.80899 
                12.9 -0.414393 -0.311708 -0.506988 -0.0664696  0.0132616 0.00697184 0 0 0    0    0 0.07 -0.0449598  0.0170029 0.00381396 0.000423483 0.000355208 0.000496273  0.0140617  0.0113123 0.00135138 -0.00696032  -0.0125303    -9.80899 
                  13  -0.41962 -0.281866 -0.512363 -0.0676152  0.0114155 0.00535162 0 0 0    0    0 0.07  -0.0408841   0.0104129 -0.00142124 0.000425917 0.000320665 0.000498213  0.0135955    0.01177 0.00177574 -0.00656011  -0.0130093    -9.80899 
                13.1 -0.425724 -0.288912 -0.513513 -0.0658671  0.0121611 0.00576975 0 0 0    0    0 0.07    -0.031652    0.0136865 -0.000689489 0.000429795 0.000325569 0.000496314  0.0128253  0.0118066 0.00167872 -0.0059362 -0.0131285   -9.80899 
                13.2  -0.46958 -0.266843 -0.506008 -0.0661769  0.0105853 0.00445716 0 0 0    0    0 0.07  -0.0294605   0.0105536 -0.00410987 0.000468431 0.000304433  0.00048593  0.0124144  0.0122075 0.00194625 -0.00560913  -0.0135403    -9.80899 
                13.3 -0.478579  -0.28486 -0.508355 -0.0642077  0.0105063 0.00528927 0 0 0    0    0 0.07  -0.0228528   0.0120883 -0.00140323 0.000473383 0.000316878 0.000485236  0.0117486  0.0123578 0.00172383 -0.00510684  -0.0137319    -9.80899 
                13.4  -0.48817 -0.274977 -0.515758 -0.0647391 0.00924776 0.00392702 0 0 0    0    0 0.07  -0.0239825  0.00967677 -0.00403652 0.000477335 0.000301308 0.000490198   0.011485  0.0126776 0.00198303 -0.00489973   -0.014058    -9.80899 
                13.5 -0.498884 -0.300857 -0.519586 -0.0634838 0.00956356 0.00525518 0 0 0    0    0 0.07   -0.0207613    0.0127085 -5.85858e-05 0.000483924 0.000321839  0.00049235  0.0109822   0.012782 0.00166902 -0.00453597  -0.0141799    -9.80899 
                13.6 -0.502535 -0.271817  -0.52322 -0.0639399 0.00850146  0.0037949 0 0 0    0    0 0.07  -0.0221801   0.0108363 -0.00386525 0.000483746 0.000288264 0.000492941  0.0107418  0.0130777 0.00196336 -0.00434504  -0.0144886    -9.80899 
                13.7 -0.522954    -0.337 -0.528349 -0.0618532 0.00876059 0.00652174 0 0 0    0    0 0.07 -0.0184587  0.0146672 0.00331379 0.000501137 0.000353045 0.000495844  0.0101364  0.0132182 0.00138706 -0.00393081  -0.0146239    -9.80899 
                13.8  -0.50679 -0.277764 -0.519839 -0.0628477 0.00822887 0.00409656 0 0 0    0    0 0.07 -0.0204951  0.0137275 -0.0038108 0.000482179 0.000290032 0.000484099  0.0100187  0.0134652 0.00193255  -0.003809 -0.0149066   -9.80899 
                13.9  -0.51755 -0.301839 -0.523793 -0.0620614   0.008442 0.00573232 0 0 0    0    0 0.07  -0.0194121   0.0158008 0.000612909  0.00049119 0.000313811 0.000485744 0.00960571  0.0136397 0.00156364 -0.00353665  -0.0150646    -9.80899 
                  14 -0.506795 -0.250814 -0.519144  -0.062922 0.00826599 0.00328008 0 0 0    0    0 0.07  -0.0208834   0.0151729 -0.00615895 0.000475263 0.000256218 0.000478165 0.00946145  0.0138478 0.00204611 -0.00339523  -0.0153139    -9.80899 
                14.1 -0.518392 -0.275814 -0.526826 -0.0625316 0.00862198 0.00450143 0 0 0    0    0 0.07  -0.0201582    0.017289 -0.00125149 0.000482256 0.000276936 0.000483768 0.00910491  0.0140174 0.00172218 -0.00316482  -0.0154641    -9.80899 
                14.2 -0.514198 -0.249714 -0.519998 -0.0626957 0.00819339 0.00260355 0 0 0    0    0 0.07  -0.0195537   0.0159682 -0.00633702 0.000472807  0.00024658   0.0004739 0.00885992   0.014274 0.00205793 -0.00296686   -0.015749    -9.80899 
                14.3 -0.518739 -0.256919  -0.53335 -0.0624236  0.0083718 0.00395079 0 0 0    0    0 0.07  -0.0182757   0.0175524 -0.00136048 0.000473961 0.000251006 0.000484261  0.0085366  0.0144768 0.00171326 -0.00277041  -0.0159184    -9.80899 
                14.4 -0.509279 -0.219791 -0.514052 -0.0628127 0.00836454 0.00244563 0 0 0    0    0 0.07  -0.0184615   0.0175496 -0.00471208 0.000461519 0.000212236 0.000461104 0.00833889  0.0146941 0.00197982 -0.0026153 -0.0161552   -9.80899 
                14.5  -0.51977 -0.255339  -0.51556 -0.0617851 0.00972267 0.00382222 0 0 0    0    0 0.07   -0.0168212    0.0215759 -0.000548056 0.000469672 0.000246639  0.00045997 0.00795081  0.0147733 0.00165484 -0.00234495   -0.016237    -9.80899 
                14.6 -0.482832  -0.22735 -0.509021 -0.0619211 0.00960456 0.00223574 0 0 0    0    0 0.07  -0.0164296    0.019157 -0.00450297 0.000430958 0.000217999 0.000450066 0.00773794  0.0150467 0.00194926 -0.00218581  -0.0165231    -9.80899 
                14.7 -0.491601 -0.244663 -0.515998 -0.0606461  0.0107116 0.00344655 0 0 0    0    0 0.07    -0.013995    0.0225458 -0.000675699  0.00043815 0.000235228 0.000454403 0.00734687  0.0151717 0.00165919 -0.00191539   -0.016646    -9.80899 
                14.8  -0.49473 -0.235315 -0.500389 -0.0606586  0.0104309 0.00197756 0 0 0    0    0 0.07  -0.0141252   0.0195873 -0.00452885 0.000440032 0.000225634 0.000436304 0.00714575  0.0154818 0.00192661 -0.00177466  -0.0169539    -9.80899 
                14.9 -0.503095 -0.249651 -0.511469 -0.0598585  0.0105006 0.00276022 0 0 0    0    0 0.07  -0.0128083   0.0187004 -0.00158133 0.000446606 0.000239309 0.000444941  0.0068326  0.0157211 0.00171921 -0.00157566  -0.0171666    -9.80898 
                  15 -0.486179 -0.255637 -0.504243   -0.06026 0.00973075 0.00241714 0 0 0    0    0 0.07  -0.0147378    0.015596 -0.00215791 0.000428469 0.000244576  0.00043542 0.00667202  0.0160536 0.00176352 -0.0014902 -0.0174595   -9.80898 
                15.1 -0.495415 -0.273868 -0.509709 -0.0592705 0.00965541 0.00362569 0 0 0    0    0 0.07 -0.0133046  0.0158498 0.00171814 0.000435925 0.000261854 0.000438767  0.0063335  0.0162682 0.00152929 -0.00126984  -0.0176525    -9.80898 
                15.2 -0.497747  -0.26506 -0.502518  -0.060009 0.00885439 0.00318316 0 0 0    0    0 0.07  -0.0159574   0.0131963 1.60974e-05 0.000436874 0.000252301 0.000429314 0.00621768    0.01657 0.00164428 -0.00120959  -0.0179209    -9.80898 
                15.3 -0.504368 -0.276452 -0.511811 -0.0600323 0.00959061 0.00449029 0 0 0    0    0 0.07 -0.0164094  0.0158515 0.00354236 0.000440839 0.000262303 0.000435692 0.00599793  0.0166624 0.00142419 -0.00106722  -0.0180016    -9.80898 
                15.4 -0.486421 -0.265309 -0.516335 -0.0606253 0.00861147 0.00364994 0 0 0    0    0 0.07  -0.0174236   0.0127944 0.000734306 0.000422212  0.00025051 0.000437593 0.00583958  0.0169668 0.00164689 -0.000963536    -0.018288     -9.80898 
                15.5 -0.489693 -0.269609 -0.526983 -0.0607251 0.00950591 0.00449138 0 0 0    0    0 0.07 -0.0182423  0.0157626 0.00278652 0.000423344 0.000254004 0.000445477 0.00561972  0.0170304 0.00152524 -0.000809446   -0.0183562     -9.80898 
                15.6 -0.492591 -0.259825 -0.510148  -0.060849 0.00846138 0.00347026 0 0 0    0    0 0.07  -0.0180694   0.0121343 -0.00067739 0.000424906 0.000243807 0.000426931 0.00538497  0.0173342 0.00176396 -0.000645194   -0.0186536     -9.80898 
                15.7 -0.504413 -0.286837 -0.512737 -0.0589616 0.00895441 0.00449183 0 0 0    0    0 0.07 -0.0142421  0.0143761 0.00193196 0.000434311 0.000269372 0.000427427 0.00493443  0.0174244 0.00159013 -0.000319313   -0.0187714     -9.80898 
                15.8 -0.505073 -0.261124 -0.509136 -0.0594049 0.00811629 0.00351377 0 0 0    0    0 0.07  -0.0157534   0.0118045 -0.00179923 0.000432953 0.000243784 0.000421242 0.00478568  0.0176885  0.0017956 -0.00022183   -0.019021    -9.80898 
                15.9 -0.518339 -0.297087 -0.518776 -0.0591786 0.00784529  0.0048429 0 0 0    0    0 0.07 -0.0162736  0.0122508 0.00236429 0.000443689  0.00027729 0.000428316 0.00452991  0.0178726 0.00155481 -7.0946e-05  -0.0191774    -9.80898 
                  16 -0.507913 -0.275898  -0.51737 -0.0599804 0.00729046 0.00378928 0 0 0    0    0 0.07   -0.0184783    0.0113372 -0.000786877 0.000432573 0.000255775 0.000424596 0.00440745  0.0180804 0.00178946 1.65913e-05  -0.0193815    -9.80898 
                16.1 -0.516657  -0.29177 -0.521611 -0.0599985 0.00777724 0.00507282 0 0 0    0    0 0.07 -0.0182639  0.0144092 0.00222891 0.000438618  0.00027003 0.000426318 0.00416261  0.0181773 0.00156354 0.00017219 -0.0194691   -9.80898 
                16.2 -0.499789 -0.256668 -0.523535 -0.0601459 0.00721407  0.0039279 0 0 0    0    0 0.07  -0.0179931   0.0129241 -0.00108554 0.000420899 0.000236527 0.000425531 0.00395076  0.0183998 0.00180948 0.000327762  -0.0196987    -9.80898 
                16.3 -0.516064 -0.305739 -0.528194 -0.0600739 0.00853512 0.00545558 0 0 0    0    0 0.07 -0.0177831  0.0176083 0.00247029 0.000434349 0.000282016 0.000428556 0.00371205  0.0184256  0.0015412 0.000484043  -0.0197256    -9.80898 
                16.4 -0.495966 -0.281414 -0.524697 -0.0604015 0.00795996 0.00410152 0 0 0    0    0 0.07  -0.0180804    0.014891 -0.00227885 0.000414213 0.000258259 0.000422711 0.00352163  0.0186813 0.00181332 0.000618614    -0.01998    -9.80898 
                16.5 -0.502744 -0.295488 -0.528009 -0.0606015 0.00847748 0.00529742 0 0 0    0    0 0.07  -0.0190443   0.0165052 0.000777524 0.000418494 0.000270625 0.000424521 0.00330047  0.0188081 0.00158349 0.000748507  -0.0200869    -9.80898 
                16.6 -0.492659 -0.260695 -0.522283 -0.0609433 0.00788816 0.00382078 0 0 0    0    0 0.07  -0.0194902   0.0137735 -0.00355016 0.000408094 0.000237515 0.000416695  0.0030987  0.0190477 0.00184827 0.000892387  -0.0203288    -9.80898 
                16.7 -0.503236 -0.285264 -0.528584 -0.0606548 0.00884107 0.00500327 0 0 0    0    0 0.07  -0.0186347   0.0167765 -0.00029093 0.000415541 0.000259617 0.000420929 0.00281834  0.0191142 0.00160009 0.00107437 -0.0203971   -9.80898 
                16.8 -0.494624 -0.266591 -0.517247 -0.0610259 0.00795333 0.00355075 0 0 0    0    0 0.07  -0.0185549   0.0129114 -0.00464167 0.000406476 0.000244106  0.00040931 0.00262351  0.0193911 0.00183865 0.00120323 -0.0206622   -9.80898 
                16.9 -0.503274 -0.278809 -0.522189 -0.0604938 0.00895299 0.00470144 0 0 0    0    0 0.07   -0.0167095    0.0159726 -0.000666917 0.000411851 0.000251489 0.000411659 0.00234115  0.0194392 0.00158595 0.00138878 -0.0207169   -9.80898 
                  17 -0.497638 -0.274583 -0.519006 -0.0606957 0.00790905 0.00344511 0 0 0    0    0 0.07   -0.016911   0.0119183 -0.00351687 0.000403356 0.000245682 0.000405996 0.00214814  0.0197215 0.00178681 0.00151098 -0.0209803   -9.80898 
                17.1 -0.504205 -0.281519 -0.522974 -0.0604699 0.00842954 0.00467235 0 0 0    0    0 0.07  -0.0168716   0.0143033 0.000444587 0.000406628 0.000250241 0.000407559 0.00191031  0.0198115 0.00154504 0.00165687 -0.0210613   -9.80898 
                17.2 -0.487758 -0.271307 -0.522117 -0.0605815 0.00741364 0.00352018 0 0 0    0    0 0.07  -0.0167689   0.0113499 -0.00245941 0.000389801 0.000239096 0.000404675 0.00170946  0.0200713 0.00174094 0.00178742 -0.0213068   -9.80898 
                17.3 -0.498616 -0.290194 -0.525543 -0.0598234 0.00795071 0.00481371 0 0 0    0    0 0.07  -0.0147801   0.0136144 0.000463845 0.000397892 0.000255588 0.000406019 0.00142343  0.0201476 0.00150046 0.00197169 -0.0213846   -9.80898 
                17.4 -0.501156 -0.267232 -0.524493 -0.0599165 0.00708009 0.00361657 0 0 0    0    0 0.07  -0.0145551   0.0112672 -0.00301176 0.000398979 0.000233685 0.000402578 0.00124982  0.0203882 0.00170584 0.0020844 -0.021611  -9.80898 
                17.5 -0.510505 -0.284721 -0.524904 -0.0594558 0.00874607 0.00514078 0 0 0    0    0 0.07 -0.0142034  0.0173311 0.00123999 0.000404805 0.000249083 0.000400737 0.00102614  0.0203579 0.00142184 0.00223311 -0.0215956   -9.80898 
                17.6 -0.485373 -0.290957 -0.518132 -0.0595875 0.00774617 0.00388445 0 0 0    0    0 0.07  -0.0148354   0.0132062 -0.00312663 0.000381875 0.000254198 0.000393073 0.000853275   0.0206449  0.00164341 0.00233836 -0.0218573   -9.80898 
                17.7 -0.493163  -0.30084 -0.526418 -0.0579977 0.00739186 0.00500212 0 0 0    0    0 0.07  -0.011337  0.0120941 0.00036038 0.000386324 0.000261309 0.000398569 0.000494589   0.0208217  0.00143964 0.00256296  -0.022025   -9.80897 
                17.8 -0.500119 -0.283923 -0.518139 -0.0585835  0.0070383 0.00366802 0 0 0    0    0 0.07  -0.0144482   0.0113039 -0.00397852 0.000390576 0.000245106 0.000388718 0.000409089    0.020993   0.0016503  0.0026193 -0.0221848   -9.80897 
                17.9 -0.516504 -0.326479  -0.51754 -0.0580298 0.00772216 0.00518292 0 0 0    0    0 0.07  -0.0137581   0.0136124 0.000503339 0.000403315 0.000281576 0.000386233 0.000167929   0.0210554  0.00136568 0.00276472 -0.0222418   -9.80897 
                  18 -0.508684 -0.297161 -0.515072 -0.0588035 0.00712478 0.00411883 0 0 0    0    0 0.07  -0.0161531   0.0119802 -0.00206909 0.000394539 0.000254494  0.00038226 7.61958e-05   0.0212665  0.00154557 0.00281723 -0.0224285   -9.80897 
                18.1 -0.517515 -0.312411 -0.523322 -0.0586678 0.00745358 0.00517412 0 0 0    0    0 0.07 -0.0162813  0.0142938 0.00135098 0.000400538 0.000266952 0.000387943 -0.000139545    0.0213732   0.00136696 0.00294515 -0.0225234   -9.80897 
                18.2 -0.510795 -0.268846 -0.516912  -0.059394 0.00690321 0.00396705 0 0 0    0    0 0.07  -0.0180003   0.0125739 -0.00211026 0.000393074 0.000227533  0.00038009 -0.000259923    0.0215812    0.0015802 0.00302314 -0.0227146   -9.80897 
                18.3 -0.530498 -0.329888 -0.524539  -0.059053 0.00694387 0.00582112 0 0 0    0    0 0.07 -0.0172454  0.0135272 0.00270208 0.000409081 0.000280861 0.000385861 -0.00052835   0.0217219  0.00127783 0.00317242   -0.02283   -9.80897 
                18.4 -0.501733 -0.295218 -0.527188  -0.059784 0.00654301 0.00453436 0 0 0    0    0 0.07   -0.0188055    0.0122256 -0.000782788 0.000382586 0.000249407 0.000386086 -0.000652586       0.0219   0.00152338    0.00326 -0.0230024   -9.80897 
                18.5 -0.510879 -0.315116 -0.536581 -0.0600369 0.00797474 0.00587576 0 0 0    0    0 0.07 -0.0191413  0.0165258 0.00228514 0.000388832 0.000266024 0.000392424 -0.000842548    0.0218999    0.0013119 0.00338035 -0.0230106   -9.80897 
                18.6  -0.49786 -0.280711 -0.520295 -0.0603301 0.00723094 0.00426135 0 0 0    0    0 0.07  -0.0183629   0.0128078 -0.00233696 0.000376273 0.000235337 0.000375754 -0.0010278  0.0221363 0.00159904 0.00350642 -0.0232383   -9.80897 
                18.7 -0.504667 -0.292831 -0.529654 -0.0605549 0.00771376 0.00526854 0 0 0    0    0 0.07  -0.0182919   0.0148314 0.000741852 0.000381045 0.000244975 0.000382372 -0.0012229  0.0222324 0.00142547 0.00361831 -0.0233219   -9.80897 
                18.8  -0.50903 -0.264386 -0.519677 -0.0604667 0.00694201 0.00384458 0 0 0    0    0 0.07 -0.0160388  0.0122729 -0.0035421 0.000383401 0.000219754  0.00037155 -0.00143542   0.0224558  0.00165575 0.00375926 -0.0235375   -9.80897 
                18.9 -0.518033 -0.283722 -0.525104 -0.0602876  0.0080015 0.00478674 0 0 0    0    0 0.07   -0.0152948    0.0158845 -0.000492741 0.000389121 0.000236202  0.00037451 -0.00163784   0.0224901  0.00146997 0.00388496 -0.0235768   -9.80897 
                  19 -0.512011 -0.243392 -0.515074 -0.0603885 0.00700627  0.0024535 0 0 0    0    0 0.07  -0.0142392   0.0114525 -0.00688857 0.000383014 0.000200911 0.000364073 -0.00179712   0.0227404  0.00181451 0.00399076 -0.0238124   -9.80897 
                19.1 -0.520066 -0.264238  -0.51938 -0.0591506 0.00713451 0.00317198 0 0 0    0    0 0.07    -0.01102   0.0128292 -0.00382975 0.000388353 0.000218709 0.000365995 -0.00208665   0.0228494  0.00161837 0.00416782 -0.0239176   -9.80897 
                19.2 -0.517335 -0.236829  -0.51408 -0.0597624  0.0065263 0.00137594 0 0 0    0    0 0.07  -0.0130822   0.0105355 -0.00757973 0.000383435 0.000193642 0.000359711 -0.00216029   0.0230381  0.00182685 0.00420818 -0.0240826   -9.80897 
                19.3 -0.533101 -0.271978 -0.515604 -0.0594825 0.00818924 0.00326899 0 0 0    0    0 0.07  -0.0130398   0.0168146 -0.00089574 0.000395082 0.000222305 0.000359299 -0.0023397  0.0230125 0.00145505 0.00431447 -0.0240584   -9.80897 
                19.4 -0.512791   -0.2514 -0.514801 -0.0590922 0.00727558  0.0024272 0 0 0    0    0 0.07  -0.0112559   0.0126437 -0.00326259 0.000375055 0.000203015 0.000356717 -0.00253112   0.0232643  0.00156771 0.00442235 -0.0242767   -9.80897 
                19.5 -0.521393 -0.274864 -0.521595 -0.0599471 0.00852177 0.00380654 0 0 0    0    0 0.07  -0.0146529   0.0166555 0.000312484 0.000380511 0.000221879 0.000360929 -0.00259141   0.0232958  0.00132445 0.00444455 -0.0242866   -9.80897 
                19.6 -0.507892 -0.248246 -0.506058 -0.0602479 0.00770756 0.00278738 0 0 0    0    0 0.07  -0.0148199   0.0131152 -0.00249364 0.000367794 0.000198375 0.000345811 -0.00273542   0.0235403  0.00148316 0.00452208 -0.0244956   -9.80897 
                19.7 -0.519023 -0.278897 -0.514959  -0.059513 0.00942335 0.00433925 0 0 0    0    0 0.07  -0.013024  0.0183568 0.00169435 0.000375161 0.000223502 0.000352029 -0.00296754   0.0235225  0.00123283 0.00467391 -0.0244947   -9.80897 
                19.8 -0.509489 -0.258738 -0.509671 -0.0594457 0.00836457 0.00335649 0 0 0    0    0 0.07  -0.0123518   0.0131464 -0.00167108 0.000366432 0.000206404  0.00034577 -0.00312969   0.0238042  0.00140293 0.00475964 -0.0247324   -9.80897 
                19.9 -0.519387 -0.275567 -0.511249 -0.0588343 0.00864075 0.00439121 0 0 0    0    0 0.07 -0.0110525  0.0135454 0.00088271 0.000373521 0.000220183 0.000345358 -0.00333664   0.0239146  0.00124072 0.00487977 -0.0248261   -9.80897 
                  20  -0.51347 -0.267174 -0.507231 -0.0589261  0.0074404 0.00331765 0 0 0    0    0 0.07 -0.0121327 0.00992152 -0.0023786 0.000368013 0.000212658 0.000340241 -0.00346851   0.0241675   0.0014133 0.00494845 -0.0250378   -9.80897 
                20.1 -0.519411 -0.281632 -0.504584 -0.0592792 0.00857315 0.00425666 0 0 0    0    0 0.07  -0.0130277   0.0137763 0.000430152 0.000371126 0.000223574 0.000336386 -0.00356914   0.0241724  0.00125106 0.00500776 -0.0250419   -9.80897 
                20.2 -0.509849 -0.261712 -0.509445 -0.0592991  0.0073173 0.00305394 0 0 0    0    0 0.07 -0.0124105 0.00919354 -0.0027756 0.000362419 0.000206184 0.000338403 -0.00371883    0.024424  0.00143219 0.00509009 -0.0252545   -9.80897 
                20.3 -0.518556 -0.281248 -0.511194 -0.0585011 0.00894139 0.00425868 0 0 0    0    0 0.07  -0.0108894   0.0145336 0.000557319 0.000367413 0.000222259 0.000338233 -0.00392485    0.024374  0.00122959 0.00522796 -0.0252317   -9.80897 
                20.4 -0.503577 -0.269269 -0.507718 -0.0592488 0.00768579 0.00315189 0 0 0    0    0 0.07  -0.0128112  0.00982349 -0.00259913 0.000353678 0.000210951 0.000333889 -0.00399085   0.0246381  0.00139913 0.00524874  -0.025439   -9.80897 
                20.5 -0.510962 -0.282808 -0.515856 -0.0585405 0.00802424 0.00413585 0 0 0    0    0 0.07  -0.0109286    0.012362 0.000408429 0.000357991 0.000221141  0.00033918 -0.00419538   0.0247143  0.00123657 0.00536959 -0.0255074   -9.80897 
                20.6 -0.525046 -0.252607 -0.496755 -0.0585993 0.00696662 0.00310915 0 0 0    0    0 0.07  -0.0108857  0.00866764 -0.00244917  0.00036811 0.000195077 0.000321501 -0.00431748   0.0249343  0.00138959 0.00543427 -0.0256892   -9.80896 
                20.7  -0.54033 -0.290389 -0.502049 -0.0579361 0.00761041   0.004477 0 0 0    0    0 0.07   -0.01036  0.0123616 0.00132751 0.000378831 0.000225781 0.000324746 -0.00450749   0.0249765  0.00117492 0.00554537  -0.025728   -9.80896 
                20.8 -0.522709 -0.276447  -0.51038 -0.0582183 0.00645346 0.00344465 0 0 0    0    0 0.07  -0.0110968  0.00848106 -0.00131018 0.000363488 0.000213585 0.000329509 -0.00460497   0.0252033  0.00134457 0.00559294 -0.0259116   -9.80896 
                20.9 -0.530352 -0.285985 -0.508135 -0.0582649 0.00691553 0.00517683 0 0 0    0    0 0.07 -0.0127066  0.0108275 0.00284056 0.000368013 0.000220895 0.000326165 -0.00473679   0.0252582  0.00109491 0.00565917 -0.0259472   -9.80896 
                  21 -0.526083 -0.277995 -0.516046 -0.0582066 0.00575107 0.00398672 0 0 0    0    0 0.07   -0.0125211   0.00718086 -0.000524373  0.00036354 0.000213444 0.000331011 -0.00488464   0.0254672  0.00130637 0.00574677 -0.0261286   -9.80896 
                21.1 -0.538597 -0.307412 -0.523764 -0.0585356 0.00665911 0.00542668 0 0 0    0    0 0.07 -0.0143114   0.011394 0.00377699 0.000372129 0.000236607 0.000336021 -0.0049936  0.0254703 0.00111358  0.0058078 -0.0261297   -9.80896 
                21.2  -0.52499 -0.278786 -0.510361 -0.0588267 0.00584295 0.00420871 0 0 0    0    0 0.07  -0.0138953  0.00912969 -6.7386e-05 0.000360091 0.000212652 0.000323685 -0.00511801   0.0256535  0.00133895 0.00588298 -0.0262911   -9.80896 
                21.3 -0.532258 -0.295219 -0.513798 -0.0585948 0.00769777 0.00551805 0 0 0    0    0 0.07 -0.0128866  0.0153102 0.00298988 0.000363986 0.000225786 0.000325438 -0.00527475   0.0255865  0.00116206 0.00598713 -0.0262529   -9.80896 
                21.4 -0.528597 -0.277619 -0.507816 -0.0585363  0.0067155   0.004073 0 0 0    0    0 0.07  -0.0117565   0.0117663 -0.00169896 0.000360589 0.000210953 0.000318935 -0.00542022    0.025819  0.00141015 0.00607062 -0.0264521   -9.80896 
                21.5 -0.535472 -0.301739 -0.504179 -0.0578197 0.00792727 0.00549398 0 0 0    0    0 0.07 -0.0110853  0.0152088 0.00201766 0.000364911 0.000230348 0.000314802 -0.00561752   0.0258307  0.00120276 0.00618797 -0.0264708   -9.80896 
                21.6 -0.512214 -0.290777   -0.5187 -0.0582963 0.00708118 0.00404994 0 0 0    0    0 0.07    -0.01265   0.0110277 -0.00290052 0.000345618 0.000220722 0.000324496 -0.00570173   0.0260467  0.00142656 0.00623051  -0.026647   -9.80896 
                21.7 -0.524149   -0.3203 -0.522828 -0.0580705 0.00762147 0.00520681 0 0 0    0    0 0.07  -0.0126252   0.0123447 0.000591283 0.000353628 0.000243911 0.000326938 -0.00586513   0.0261103  0.00124338 0.00631858 -0.0266975   -9.80896 
                21.8 -0.514139 -0.259551 -0.521431 -0.0579447  0.0064141 0.00352193 0 0 0    0    0 0.07  -0.0110365  0.00867242 -0.00360404 0.000345047 0.000194192 0.000323904 -0.00600702   0.0263318  0.00148355 0.00640049 -0.0268855   -9.80896 
                21.9 -0.533063 -0.317029 -0.522331 -0.0580201  0.0079332 0.00486163 0 0 0    0    0 0.07  -0.0120363   0.0143774 0.000611319 0.000358418 0.000239635 0.000323492 -0.00611903   0.0262975  0.00126226 0.00646421 -0.0268608   -9.80896 
                  22 -0.514674 -0.276409 -0.515639 -0.0583693 0.00714344 0.00348955 0 0 0    0    0 0.07 -0.0131461  0.0109494  -0.003427 0.000342813 0.000206182 0.000316648 -0.00622221   0.0265035  0.00145749 0.00651753 -0.0270281   -9.80896 
                22.1 -0.522048 -0.292526 -0.521022 -0.0584885 0.00803424 0.00483855 0 0 0    0    0 0.07  -0.0134334   0.0132205 0.000422964 0.000346813 0.000218279 0.000319788 -0.00635278   0.0265358  0.00123885 0.00658393 -0.0270515   -9.80896 
                22.2 -0.517432 -0.275373 -0.513346 -0.0587508 0.00678346 0.00339958 0 0 0    0    0 0.07 -0.0130924 0.00851222 -0.0035577 0.000342377 0.000203982 0.000312127 -0.0064749  0.0267686 0.00143895 0.00664536 -0.0272386   -9.80896 
                22.3 -0.523514 -0.278819 -0.523753  -0.058554 0.00784144 0.00439998 0 0 0    0    0 0.07  -0.0124745   0.0120786 0.000213206 0.000345895 0.000205833  0.00031892 -0.00662457   0.0267633  0.00127017 0.00673357  -0.027244   -9.80896 
                22.4 -0.516346 -0.269678 -0.521285 -0.0585589 0.00645831 0.00341676 0 0 0    0    0 0.07 -0.0115376 0.00777334 -0.0027895 0.000339723 0.000198061 0.000315978 -0.00676568   0.0270019  0.00140508 0.00680135 -0.0274315   -9.80896 
                22.5 -0.527972 -0.293432 -0.519005 -0.0584393 0.00756811  0.0047922 0 0 0    0    0 0.07 -0.0118988  0.0118002 0.00100726 0.000347137   0.0002164 0.000312759 -0.00689841   0.0269873  0.00119521 0.00687706 -0.0274256   -9.80896 
                22.6 -0.516922 -0.282738 -0.518962 -0.0580347  0.0062664 0.00354296 0 0 0    0    0 0.07   -0.011185  0.00720807 -0.00204765 0.000337882 0.000207495 0.000311401 -0.00706821   0.0272064  0.00138436 0.00696903 -0.0276074   -9.80896 
                22.7 -0.530566  -0.31349 -0.514215 -0.0578273 0.00795788  0.0048055 0 0 0    0    0 0.07 -0.0111693   0.013574 0.00143537 0.000346565  0.00023111 0.000306499 -0.00719718    0.027139  0.00119933 0.00705159 -0.0275686   -9.80896 
                22.8 -0.510643  -0.28246  -0.51822 -0.0584502 0.00706441 0.00357919 0 0 0    0    0 0.07  -0.0126083    0.010421 -0.00215084 0.000330461 0.000206058 0.000308164 -0.00726602   0.0273479  0.00138107 0.00707823 -0.0277276   -9.80896 
                22.9 -0.515161 -0.284823 -0.524441 -0.0584994 0.00781912 0.00444611 0 0 0    0    0 0.07  -0.0130407   0.0128417 2.70706e-05   0.0003328 0.000207424 0.000311304 -0.0073948  0.0273857 0.00124353 0.00714766 -0.0277606   -9.80896 
                  23 -0.498088 -0.283793 -0.518169 -0.0589464  0.0065765 0.00317006 0 0 0    0    0 0.07  -0.0133664  0.00823269 -0.00341571 0.000319522 0.000206383 0.000305459 -0.00749908   0.0276137  0.00141217 0.00719395  -0.027935   -9.80896 
                23.1 -0.505998 -0.297512 -0.520136 -0.0584925 0.00785411 0.00489016 0 0 0    0    0 0.07 -0.0117787  0.0124283 0.00133822 0.000323799 0.000215744 0.000305617 -0.00766912   0.0275888  0.00115473  0.0072907 -0.0279252   -9.80896 
                23.2 -0.511513 -0.284417 -0.514752 -0.0585664 0.00662404 0.00362992 0 0 0    0    0 0.07 -0.0113895  0.0079235 -0.0026054 0.000326768 0.000204867 0.000299947 -0.00778836   0.0278063  0.00133413 0.00734833 -0.0280942   -9.80896 
                23.3 -0.520035 -0.302855 -0.521251 -0.0580286 0.00765248 0.00489779 0 0 0    0    0 0.07 -0.0110792  0.0114989 0.00110258 0.000331703 0.000218057 0.000303757 -0.00795021    0.027796  0.00114781 0.00744182 -0.0280984   -9.80896 
                23.4 -0.518289 -0.276155 -0.518894 -0.0580268  0.0062843 0.00349542 0 0 0    0    0 0.07  -0.0106928  0.00735578 -0.00293273 0.000329526 0.000196547 0.000300355 -0.00807018   0.0280186  0.00134123 0.00749994 -0.0282702   -9.80896 
                23.5 -0.542405 -0.347775 -0.520961 -0.0568906 0.00710229 0.00608107 0 0 0    0    0 0.07 -0.00947165   0.0114335   0.0039566 0.000346026 0.000249575 0.000301086 -0.00829022    0.028031 0.000992151 0.00761593 -0.0282868   -9.80896 
                23.6 -0.527226 -0.302085 -0.520442 -0.0576503 0.00619621  0.0046195 0 0 0    0    0 0.07  -0.0111636  0.00834027 -0.00045323 0.000333377 0.000213177 0.000299145 -0.00832181   0.0282126  0.00123006 0.00762626 -0.0284224   -9.80896 
                23.7 -0.545506 -0.359257 -0.521491 -0.0565861 0.00604525   0.006722 0 0 0    0    0 0.07 -0.0100944 0.00928575 0.00397224 0.000346523 0.000257097 0.000299236 -0.00854459   0.0283099 0.000971464 0.00773609 -0.0284981   -9.80896 
                23.8 -0.536214 -0.312505 -0.524019 -0.0578676 0.00563228 0.00496835 0 0 0    0    0 0.07  -0.0137228  0.00839701 -0.00130333  0.00033819 0.000220026 0.000299495 -0.00853319     0.02843  0.00124411 0.00773183 -0.0285918   -9.80896 
                23.9  -0.56001 -0.383399  -0.54167 -0.0567591 0.00462451 0.00738078 0 0 0    0    0 0.07 -0.0122731 0.00722183 0.00524792 0.000355492 0.000273694 0.000312062 -0.00879551    0.028599 0.000949885 0.00785094  -0.028714   -9.80895 
                  24 -0.540974 -0.333478 -0.532336 -0.0578404 0.00469775 0.00553898 0 0 0    0    0 0.07 -0.0144486 0.00790984 -0.0013559 0.000339917 0.000234829 0.000303236 -0.00880694   0.0286556  0.00124152  0.0078737 -0.0287735   -9.80895 
                24.1 -0.564375 -0.409043 -0.535143 -0.0562569 0.00568634 0.00805884 0 0 0    0    0 0.07 -0.0120347  0.0122297 0.00520351 0.000356092  0.00029229 0.000304703 -0.00909885   0.0286521 0.000927445 0.00803116 -0.0287894   -9.80895 
                24.2 -0.545539 -0.322105 -0.528252   -0.05675 0.00532423  0.0054941 0 0 0    0    0 0.07  -0.012331  0.0102321 -0.0026386 0.000341137 0.000225784 0.000297338 -0.00915715    0.028782  0.00131211 0.00808272 -0.0289103   -9.80895 
                24.3 -0.565648 -0.386418 -0.532948 -0.0561158 0.00509779 0.00725503 0 0 0    0    0 0.07 -0.0129086  0.0113968 0.00204789 0.000355466 0.000274548 0.000300212 -0.00936626    0.028905  0.00107609 0.00817266 -0.0289983   -9.80895 
                24.4 -0.533304 -0.263692  -0.52529 -0.0579378 0.00510133 0.00310712 0 0 0    0    0 0.07  -0.0157457   0.0104437 -0.00941043 0.000329489 0.000180465 0.000292368 -0.00930021   0.0289926  0.00161124 0.00816898 -0.0290879   -9.80895 
                24.5  -0.55559  -0.33553 -0.532313 -0.0563703 0.00531895 0.00496655 0 0 0    0    0 0.07  -0.0115401   0.0122505 -0.00256821 0.000345023 0.000234886 0.000297143 -0.00960512   0.0290778  0.00128106 0.00831465 -0.0291581   -9.80895 
                24.6 -0.525304 -0.252329 -0.529325  -0.057915 0.00514973 0.00149887 0 0 0    0    0 0.07 -0.0139001   0.010633  -0.011423 0.000321554 0.000171176 0.000293084 -0.00956479    0.029195  0.00167252 0.00830599 -0.0292566   -9.80895 
                24.7 -0.550327 -0.337917 -0.530635 -0.0565652 0.00602357 0.00401231 0 0 0    0    0 0.07  -0.0107766   0.0131752 -0.00240727  0.00033911 0.000235876 0.000293503 -0.00983136   0.0292298  0.00124341 0.00843079 -0.0292827   -9.80895 
                24.8 -0.516341 -0.222205 -0.513248 -0.0575155 0.00583963 0.00109369 0 0 0    0    0 0.07  -0.0113487   0.0111957 -0.00959944 0.000313035 0.000148321 0.000277876 -0.00983826   0.0293549  0.00157016 0.00844019 -0.0293855   -9.80895 
                24.9 -0.547509 -0.316838 -0.525679 -0.0566113 0.00635517 0.00362868 0 0 0    0    0 0.07 -0.00981225   0.0126982 -0.00109353 0.000335316 0.000219214  0.00028654 -0.0100474  0.0294245 0.00116322 0.00853103 -0.0294278   -9.80895 
                  25 -0.510355 -0.215507 -0.512227  -0.0578881  0.00577866 0.000895797 0 0 0    0    0 0.07 -0.0116811 0.00957762 -0.0079771 0.000307249 0.000142477 0.000274483 -0.0100287   0.029582 0.00148203 0.00851583 -0.0295437   -9.80895 
                25.1 -0.531533 -0.291992 -0.518027 -0.0570419 0.00802911  0.0028949 0 0 0    0    0 0.07 -0.00943366   0.0160712 -0.00150445 0.000320951 0.000199701 0.000278083 -0.0102073  0.0294919 0.00115012 0.00861968 -0.0294914   -9.80895 
                25.2 -0.500472 -0.216384 -0.506416  -0.0576201  0.00722675 0.000465761 0 0 0    0    0 0.07 -0.00936036   0.0110646 -0.00757382 0.000297223  0.00014283 0.000267524 -0.0102508  0.0296928  0.0014269 0.00863178 -0.0296371   -9.80895 
                25.3 -0.509424 -0.232578 -0.504605 -0.0571573 0.00853192 0.00176992 0 0 0    0    0 0.07 -0.00818961   0.0140187 -0.00271324 0.000302589 0.000154609 0.000265229 -0.0103797  0.0296903 0.00118509 0.00869959  -0.029638   -9.80895 
                25.4 -0.487251 -0.191781 -0.505776   -0.0578352   0.00720231 -0.000325294 0 0 0    0    0 0.07 -0.00912733  0.00839183 -0.00789711  0.00028655 0.000125828 0.000264526 -0.0104151   0.029925 0.00140615 0.00869847  -0.029797   -9.80895 
                25.5 -0.499676 -0.226548 -0.501797 -0.0565625 0.00741081 0.00128906 0 0 0    0    0 0.07 -0.00539447  0.00839442 -0.00247878 0.000294381 0.000150331 0.000260608 -0.0106111  0.0299833 0.00112896 0.00880005 -0.0298426   -9.80895 
                25.6   -0.5015  -0.17156 -0.506498   -0.0573977   0.00620858 -0.000596225 0 0 0    0    0 0.07 -0.00646396  0.00477349 -0.00711563 0.000294663 0.000109215 0.000262458 -0.0106006  0.0301631 0.00132524 0.00877607 -0.0299587   -9.80895 
                25.7 -0.515385 -0.205262 -0.505611 -0.0563146 0.00675357 0.00044082 0 0 0    0    0 0.07 -0.00421841  0.00765188  -0.0025378 0.000303852  0.00013393 0.000260627 -0.0107496  0.0301681 0.00112949 0.00886071 -0.0299713   -9.80895 
                25.8 -0.494036 -0.159782 -0.510728   -0.056657   0.0056242 -0.00111702 0 0 0    0    0 0.07 -0.00463586   0.0037681  -0.0058824 0.000287266 9.98894e-05 0.000262763 -0.0107706  0.0303288 0.00128912 0.00885574 -0.0300769   -9.80895 
                25.9  -0.50507  -0.18669 -0.515149  -0.0553972  0.00684936 6.33692e-05 0 0 0    0    0 0.07 -0.00235668   0.0087719 -0.00174355 0.000293906 0.000119605  0.00026485 -0.0109093  0.0302684 0.00108545 0.00894406 -0.0300494   -9.80895 
                  26 -0.509983  -0.14896 -0.505855   -0.056121  0.00585586 -0.00127515 0 0 0    0    0 0.07  -0.0038653  0.00545017 -0.00440517 0.000297254 9.12695e-05  0.00025674 -0.0108853  0.0304362 0.00123025 0.00890924 -0.0301519   -9.80895 
                26.1 -0.519787 -0.175829 -0.504967  -0.0545705  0.00766301 0.000314302 0 0 0    0    0 0.07 -0.000252089    0.0107152  0.000960249 0.000302884 0.000111193 0.000254745 -0.0110354  0.0303393 0.00100018 0.0090104 -0.030104  -9.80895 
                26.2 -0.499977 -0.173652 -0.498795   -0.0549979   0.00676583 -0.000879805 0 0 0    0    0 0.07 -0.00147696   0.0071814  -0.0024319 0.000287985 0.000109082 0.000249223 -0.0110227  0.0305126 0.00115521 0.00898039 -0.0302111   -9.80895 
                26.3 -0.515972 -0.215556 -0.498763 -0.0532325 0.00770375 0.00086482 0 0 0    0    0 0.07 0.00172208  0.0104057 0.00237527 0.000298392 0.000139898 0.000248576  -0.0111801    0.030505 0.000929216 0.00907525 -0.0302166   -9.80895 
                26.4  -0.51821  -0.21663 -0.502268 -0.0540792  0.0065145 0.00057685 0 0 0    0    0 0.07  -0.0022983  0.00639253 0.000630531 0.000299399 0.000139869 0.000250184  -0.0111235   0.0307072 0.000995825 0.00901645 -0.0303308   -9.80895 
                26.5 -0.531829 -0.250344 -0.509148 -0.0547578 0.00721872 0.00245487 0 0 0    0    0 0.07 -0.00525582  0.00968065  0.00506098 0.000308061 0.000163833 0.000254202  -0.0110998   0.0307221 0.000790083 0.00900041 -0.0303272   -9.80895 
                26.6 -0.519405 -0.229315 -0.498127 -0.0552215 0.00602788 0.00150636 0 0 0    0    0 0.07 -0.00641649  0.00558438 0.000457411 0.000298806 0.000148074 0.000244846  -0.0111273   0.0309084 0.000956648 0.00899516  -0.030447   -9.80895 
                26.7 -0.530963 -0.251522 -0.493038 -0.0545281 0.00782103  0.0027315 0 0 0    0    0 0.07 -0.00517432    0.011348  0.00367819 0.000305468 0.000164017 0.000240003  -0.0112306   0.0308174 0.000821329 0.00906487    -0.0304   -9.80895 
                26.8 -0.521533 -0.217244 -0.505229 -0.0548228 0.00637733 0.00153962 0 0 0    0    0 0.07 -0.00597408  0.00616873 0.000150319 0.000298529 0.000138225 0.000247863 -0.0112721  0.0310362  0.0010117 0.00906686 -0.0305415   -9.80895 
                26.9 -0.528593 -0.226776 -0.511097 -0.0552959  0.0067924 0.00237865 0 0 0    0    0 0.07 -0.00711464   0.0086058  0.00205715 0.000303057 0.000144687 0.000250817  -0.0112936   0.0310677 0.000918529 0.00907325 -0.0305572   -9.80895 
                  27 -0.527061 -0.214137 -0.506171 -0.0557188 0.00576135  0.0010808 0 0 0    0    0 0.07 -0.00755159  0.00514005 -0.00193933 0.000301326 0.000135212 0.000246382  -0.011333   0.031227 0.00109168  0.0090816 -0.0306629   -9.80895 
                27.1 -0.543012 -0.259033 -0.508303 -0.0561018 0.00743846 0.00247671 0 0 0    0    0 0.07 -0.00990562   0.0114835  0.00232212 0.000311009 0.000166812 0.000247317  -0.0113745   0.0311526 0.000913372 0.00910984 -0.0306155   -9.80895 
                27.2 -0.522801 -0.213943 -0.505992 -0.0563388 0.00620176 0.00130345 0 0 0    0    0 0.07 -0.00935678  0.00688646 -0.00110721 0.000295975 0.000133915  0.00024458 -0.0114561  0.0313511 0.00108112 0.00913694  -0.030748   -9.80895 
                27.3 -0.528952 -0.223291 -0.512456 -0.0564169 0.00707443 0.00273403 0 0 0    0    0 0.07 -0.00864514   0.0104572  0.00316574 0.000299118 0.000140187  0.00024847 -0.0115326  0.0313516 0.00091079 0.00917613 -0.0307481   -9.80895 
                27.4 -0.518038 -0.205238 -0.509817 -0.0561993  0.0057228 0.00144362 0 0 0    0    0 0.07 -0.00638032   0.0058808 -0.00078839 0.000291099 0.000126928 0.000245464 -0.0116375  0.0315488 0.00110358 0.00921663 -0.0308836   -9.80895 
                27.5 -0.532793 -0.235928 -0.508043 -0.0568372 0.00692109 0.00280658 0 0 0    0    0 0.07 -0.00831677   0.0104115  0.00387651 0.000300128  0.00014815 0.000243116 -0.0116458  0.0315193 0.00094888 0.00922126 -0.0308594   -9.80895 
                27.6 -0.528008 -0.198072 -0.511429 -0.0567209 0.00566089 0.00150597 0 0 0    0    0 0.07  -0.00693229   0.00593044 -0.000696144 0.000296384   0.0001229 0.000244526 -0.0117415  0.0317086 0.00114246 0.00925629 -0.0309882   -9.80895 
                27.7 -0.536298  -0.22816 -0.511674 -0.0563219 0.00715362 0.00266383 0 0 0    0    0 0.07 -0.00659598   0.0119903  0.00150541 0.000300965 0.000143549 0.000244119 -0.0118311  0.0316528 0.00100488 0.00931116 -0.0309607   -9.80895 
                27.8 -0.531995 -0.193973 -0.506467  -0.055973 0.00603279 0.00125171 0 0 0    0    0 0.07 -0.00489396  0.00792076 -0.00248017 0.000296803 0.000120368  0.00023924 -0.0119283  0.0318426 0.00118213 0.00934569 -0.0310883   -9.80895 
                27.9  -0.53763 -0.203358 -0.503472 -0.0563239 0.00754301 0.00204091 0 0 0    0    0 0.07 -0.00607095    0.012979 7.31757e-05 0.000299502 0.000126307 0.000236545 -0.0119427  0.0318034 0.00106773  0.0093567 -0.0310621   -9.80895 
                  28  -0.5133 -0.18562 -0.51005  -0.0561644  0.00629394 0.000634525 0 0 0    0    0 0.07 -0.00473251  0.00780214 -0.00312992 0.000279978 0.000112512 0.000240279 -0.0120218  0.0320059 0.00122941 0.00937847 -0.0311931   -9.80895 
                28.1 -0.521903 -0.207898 -0.518265 -0.0562417 0.00690128 0.00169275 0 0 0    0    0 0.07  -0.00527338   0.00945156 -1.76521e-05 0.000285109 0.000127414 0.000245411 -0.0120632  0.0320298 0.00108331 0.00939691 -0.0312037   -9.80895 
                28.2 -0.533228 -0.202893 -0.502048  -0.0559724  0.00580209 0.000627231 0 0 0    0    0 0.07 -0.00386795   0.0064423 -0.00289685 0.000291538 0.000123086 0.000232723  -0.012144  0.0321993 0.00120294 0.00942233 -0.0313132   -9.80895 
                28.3 -0.538273 -0.211426 -0.505536 -0.0557267 0.00696166 0.00203334 0 0 0    0    0 0.07 -0.00357179   0.0107796  0.00106898 0.000293785 0.000128279 0.000234378 -0.0121946  0.0321753  0.0010223 0.00945179 -0.0312972   -9.80895 
                28.4 -0.528727  -0.20166 -0.509002  -0.0556148  0.00550876 0.000920584 0 0 0    0    0 0.07 -0.00355741  0.00570435 -0.00235804 0.000286413 0.000120842  0.00023594 -0.0122552  0.0323833 0.00115684 0.00946128 -0.0314254   -9.80895 
                28.5 -0.541949 -0.239133 -0.517341 -0.0551701 0.00679447 0.00221277 0 0 0    0    0 0.07 -0.00356776   0.0105026  0.00146396   0.0002946 0.000146994 0.000240847   -0.012322   0.0323418 0.000993283  0.0095017 -0.0314025   -9.80895 
                28.6 -0.531082 -0.211384 -0.501523 -0.0552202 0.00588672 0.00112143 0 0 0    0    0 0.07 -0.00321132  0.00634074 -0.00201416 0.000286578 0.000127154 0.000228672 -0.0123616  0.0325017 0.00112962 0.00950562 -0.0315014   -9.80894 
                28.7 -0.547713 -0.249272 -0.510295 -0.0550026 0.00684137 0.00266504 0 0 0    0    0 0.07 -0.00590669   0.0195794  0.00621928 0.000296882 0.000153649 0.000234001  -0.0124107   0.0325252 0.000955689 0.00952742 -0.0315112   -9.80894 
                28.8 -0.498585 -0.336071 -0.206461 -0.0548488 0.00699938 0.00261656 0 0 0    0    0 0.07 -0.0120193  0.0172931  0.0320443 0.000271734  0.00018197 0.000220263 -0.0125198  0.0326728  0.0011564 0.00957283 -0.0316148   -9.80894 
                28.9 -0.683415 -0.970149   1.87203 -0.0583497 0.00533779  0.0150806 0 0 0    0    0 0.07 -0.0352518  0.0143767   0.111158  0.00035507 0.000308054  0.00022688 -0.0124642  0.0329925   0.000465 0.00949798 -0.0317506   -9.80894 
                  29 -0.701634  -1.15525   6.14588 -0.0603496 0.00482656  0.0234811 0 0 0    0    0 0.07 -0.0475531  0.0097758   0.178664 0.000228434 0.000227318 0.000287525  -0.012547  0.0331606 0.00119696 0.00969058 -0.0318305   -9.80894 
                29.1 -0.805864  -0.96853   12.6641 -0.0670855 0.00674075  0.0448512 0 0 0    0    0 0.07 -0.0647429  0.0157737   0.270021 0.000311267 0.000144019 0.000244981 -0.0124839  0.0330231 0.00128429 0.00959034 -0.0318859   -9.80894 
                29.2 -0.414075 -0.637757   21.1588 -0.0726584 0.00824393  0.0776916 0 0 0    0    0 0.07 -0.0674104  0.0111085   0.369064 0.000160888 0.000124691   0.0002018 -0.0126606  0.0332226 0.00113032 0.00955646 -0.0316536   -9.80894 
                29.3 -0.393479 -0.287665   31.5164 -0.0800045 0.00933662   0.125828 0 0 0    0    0 0.07 -0.0704662  0.0107784   0.595008 0.000252764 9.69797e-05 0.000181154  -0.0127373   0.0330819 0.000793518 0.00943117  -0.031802   -9.80894 
                29.4 -0.136317 -0.246386   43.3146 -0.0799714  0.0093675   0.202284 0 0 0    0    0 0.07   -0.0468541 -0.000117616     0.877116 0.000247888 0.000248131 0.000217251  -0.0120516   0.0373455 0.000497295  0.0109351 -0.0277641   -9.80895 
                29.5 0.109174 0.127863  55.4703  -0.084684 0.00994124   0.303138 0 0 0    0    0 0.07 -0.0357893 0.00191364     1.0412 0.000445573 0.000136272 0.000218113    -0.012631    0.0370499 -6.22106e-05  0.0103345 -0.0280189   -9.80895 
                29.6 0.950215 0.097233  66.6974 -0.0804392  0.0115427    0.40846 0 0 0    0    0 0.07    0.0101133 -0.000554313      1.11478 0.000318119 0.000248106 0.000174814   -0.012492   0.0448019 0.000312345  0.0111627 -0.0203375   -9.80897 
                29.7  1.26862 0.194883   75.909 -0.0817364 0.00843678   0.525405 0 0 0    0    0 0.07   0.0273537 -0.00995689     1.15961 0.000341876 0.000245842 0.000205715   -0.0107152    0.0391568 -7.99893e-05  0.0125341 -0.0260629   -9.80896 
                29.8 1.32778 0.36653 82.7566 -0.0768276 0.00392811    0.63534 0 0 0    0    0 0.07  0.0572385 -0.0180421    1.13958 0.000301607 0.000222628 0.000236597 -0.00446943   0.0374753 0.000584611  0.0186273 -0.0280236   -9.80894 
                29.9  1.01796 0.539408  87.1348  -0.0729471 -0.00212767    0.747838 0 0 0    0    0 0.07  0.0672208 -0.0247086    1.10332 0.000304438 0.000235651 0.000276063 -0.00045999   0.0302533 0.000548404  0.0222883 -0.0353377   -9.80891 
                  30 0.280291  1.10038  89.2373  -0.0654314 -0.00679682     0.85203 0 0 0    0    0 0.07   0.072932 -0.0169125    1.03452  0.000457707 -1.39099e-05  0.000302532  0.00498627   0.0278644 0.000927784  0.0275998 -0.0378763   -9.80889 
                30.1 -0.507717   1.46676   89.3926 -0.0542518 -0.0150873   0.964319 0 0 0    0    0 0.07  0.0764351 -0.0186692   0.994205  0.000564247 -0.000144831  0.000318488   0.0188449   0.0252642 -0.00039276   0.041263 -0.0408279   -9.80883 
                30.2 -0.982217  0.908049   87.7945 -0.0440293 -0.0188873    1.05631 0 0 0    0    0 0.07  0.0742187 -0.0191103   0.912868 0.000450984 0.000248698 0.000496026   0.0239413   0.0266894 5.68472e-05  0.0463395 -0.0395491   -9.80881 
                30.3 -1.39132  1.19668  85.4312  -0.041369 -0.0369007    1.15229 0 0 0    0    0 0.07  0.0461272 -0.0525711   0.873458 0.000367634 4.31126e-05 0.000492943    0.0380305   0.00656102 -0.000815314  0.0598136 -0.0597847   -9.80864 
                30.4 -1.90353  0.76113  82.3425 -0.034471 -0.038666   1.23221 0 0 0    0    0 0.07  0.0307337 -0.0367139   0.814318 0.000437257 0.000272773 0.000630756    0.0375619    0.0133624 -0.000214866  0.0594953 -0.0530479   -9.80868                  30.5 -2.29878 0.837736   79.337 -0.0381325 -0.0511529    1.32184 0 0 0    0    0 0.07 -0.0147292 -0.0511042   0.809505 0.000547598 0.000142682 0.000633872     0.04241  0.00108503 -0.00126323  0.0640088 -0.0653046   -9.80857                  30.6 -2.55329 0.651943  76.4634 -0.0362208 -0.0530513    1.39823 0 0 0    0    0 0.07 -0.0342391 -0.0329672   0.781066 0.000673692 0.000181352  0.00073288    0.0438087   0.00772146 -0.000809283  0.0655611 -0.0587639    -                        30.7 -2.57101  0.72143  74.2001 -0.0494028 -0.0610865    1.47902 0 0 0    0    0 0.07 -0.0878533 -0.0346772   0.778433 0.000723637 0.000106489 0.000757588   0.0428369 -0.00236759 -0.00120939  0.0643175 -0.068732                              30.8 -2.35044 0.474226   72.757  -0.054215 -0.0540574    1.55179 0 0 0    0    0 0.07  -0.100163 0.00474247   0.757916  0.00070672  0.00020868 0.000684725   0.0380872  0.00789603 -0.00064266  0.0599578 -0.058406                              30.9 -2.15334 0.615416  71.8762 -0.0663255 -0.0679365    1.63258 0 0 0    0    0 0.07 -0.126818  -0.02747  0.765906 0.000751421 0.000156063 0.000703354    0.0477366 -0.000202197  -0.00118713  0.0691956 -0.066785                                31 -1.94126   0.3444  71.5445 -0.0732967 -0.0660443    1.70432 0 0 0    0    0 0.07  -0.129216 -0.0107973   0.747859 0.000809199 0.000298448 0.000779789    0.0478401   0.00656257 -0.000673383 0.0695902 -0.060087                            31.1 -1.65253 0.520495  71.8915 -0.0794367 -0.0665129    1.78542 0 0 0    0    0 0.07   -0.123981 -0.00304826    0.759633 0.000809968 0.000187928 0.000772429   0.0509781   0.0112334 -0.00124652  0.0728883 -0.055616                              31.2 -1.47874 0.216128  72.6142 -0.0851782 -0.0635557     1.8576 0 0 0    0    0 0.07  -0.118033 0.00507015    0.74609 0.000854837 0.000364532 0.000823527    0.0517726    0.0172414 -0.000837766  0.0739697 -0.                31.2                31.3 -1.27898 0.358158  73.7791 -0.0880525 -0.0722515    1.93593 0 0 0    0    0 0.07  -0.102617 -0.0196974   0.752209 0.000853806 0.000296489  0.00079492   0.0606496   0.0188979 -0.00119271  0.0828146 -0.048                3                31.4   -1.02885 -0.0507113    75.0041 -0.0925968 -0.0652414    2.00715 0 0 0    0    0 0.07  -0.0926513 -0.00146962    0.736649 0.000811297 0.000555374 0.000834541    0.0571088    0.0263184 -0.000758314                31.4 0.0701881    1                31.5  -1.06759 0.0735685   76.2386  -0.109748 -0.0776582    2.08802 0 0 0    0    0 0.07  -0.121711 -0.0399772   0.750695 0.000903476 0.000472996  0.00084923   0.0611848     0.01804 -0                31.5 0.0628221   1.14589   7                31.6   -1.0622 -0.359853   77.2543  -0.115335 -0.0746469    2.15965 0 0 0    0    0 0.07  -0.112289 -0.0312979   0.736449 0.000905928 0.000731819 0.000919735  0.0591689  0.0255687 -                31.6 0.284787  1.31107  72.5                31.7   -1.1318 -0.143568   78.1419   -0.11707 -0.0740557    2.23779 0 0 0    0    0 0.07 -0.0955997 -0.0275316   0.745435  0.00091537 0.000598776 0.000921866   0.0608752   0.0                31.7 0.168205  1.34247  73.6827 -0.26                31.8  -1.37978 -0.106433   78.7296  -0.118415 -0.0704568    2.30858 0 0 0    0    0 0.07 -0.0840084 -0.0133302   0.731283  0.00100607 0.000553953 0.000948312   0.0606508                31.8 0.167896  1.29368  74.5235 -0.25135                31.9  -1.5413 0.045529  79.0861  -0.127969 -0.0926798    2.37935 0 0 0    0    0 0.07  -0.100835 -0.0754659   0.723416   0.0010319 0.000484449 0.000955038    0.070550                31.9 0.0578906   1.38733   75.2329 -0.256118 -                  32  -1.69382 -0.283289   79.0993  -0.130239 -0.0918999    2.44974 0 0 0    0    0 0.07 -0.0948212 -0.0599055   0.713166  0.00104617 0.000674242  0.00103563    0.                  32 -0.0183071    1.28844    75.7635 -0.249856 -                32.1  -1.77055 -0.185377   79.0288 -0.135541  -0.10792   2.52384 0 0 0    0    0 0.07 -0.0999898 -0.0940709   0.715699  0.00101302 0.000634696  0.00104588   0.0753525                32.1 -0.188206   1.34757   76.0574 -0.24817                32.2  -1.97229 -0.501428   78.7652 -0.138857 -0.113384   2.59388 0 0 0    0    0 0.07  -0.100449 -0.0942236   0.705425  0.00106691 0.000832957  0.00110861    0.075871                32.2 -0.349942   1.50491   76.1858 -0.241598 -                32.3   -2.0322 -0.360872   78.4976  -0.14299 -0.127112   2.66835 0 0 0    0    0 0.07  -0.10439 -0.114134  0.709278  0.00104689 0.000742975  0.00111293   0.0                32.3 -0.436205   1.62044   76.1472 -0.225364 -0.1                32.4  -2.40587 -0.559341   77.7841 -0.144189 -0.139873   2.73843 0 0 0    0    0 0.07 -0.105427  -0.12871   0.70106 0.00124864 0.00085759  0.0013971                   32.4 -0.344306   1.22059   75.9993 -0.217603 -0.1440                32.5  -2.34517 -0.502582   77.5098 -0.154337 -0.158391   2.79706 0 0 0    0    0 0.07 -0.126841 -0.154374  0.666037  0.00120147 0.000822834  0.00140581                32.5 -0.426758   1.32887   75.8235 -0.206977  -0.15345   2                32.6  -2.01213 -0.978421   77.2451 -0.149046 -0.159246     2.861 0 0 0    0    0 0.07 -0.0952275  -0.129795    0.65108 0.000991415  0.00115811  0.00146                32.6 -0.577065   1.60066   75.6033  -0.20208 -0.151916                 32.7 -1.96893 -1.03378  77.1191 -0.146812 -0.168124   2.88635 0 0 0    0    0 0.07 -0.0823976  -0.134791   0.538287 0.000979159  0.00120303  0.00145                32.7 -0.705366   1.68329   75.4312 -0.197663 -0.165767                 32.8 -1.94937 -1.15038  77.0777 -0.140548  -0.17566   2.94484 0 0 0    0    0 0.07 -0.059248 -0.136073  0.547115 0.000995249   0.0012909  0.00144298 0.088                32.8 -0.472259   1.46074   75.3151 -0.19768                32.9 -1.87714 -1.16141  77.0968 -0.141572 -0.189793   2.98045 0 0 0    0    0 0.07  -0.06213 -0.156208  0.485708 0.000971074  0.00130233  0.00143753  0.0906503  0.0809331 0                32.9 -0.506176   1.58568                   33 -1.91991 -1.24981  76.9917 -0.136374 -0.194693   3.03887 0 0 0    0    0 0.07 -0.0454159  -0.143064   0.512746 0.000989927  0.00134798  0.00152821  0.0891884  0.0897931 0.00497281                     33 -0.47976                33.1 -1.86342 -1.32627    77.14 -0.138751 -0.217144   3.08048 0 0 0    0    0 0.07 -0.0550357  -0.186574   0.478429 0.00096266 0.00139321 0.00152305  0.0926787  0.0887912 0.00592725  0.117437 0                33.1                33.2 -1.87052 -1.46748  77.1463 -0.132796 -0.222587    3.1441 0 0 0    0    0 0.07 -0.0368332  -0.167092   0.526239 0.000954824  0.00142071  0.00162114  0.0904179  0.0970509 0.00440285  0.115623 0.0274398                            33.3 -1.82175 -1.55786  77.3426 -0.137325 -0.238419   3.17983 0 0 0    0    0 0.07 -0.0537214  -0.189656   0.470977 0.000934585  0.00147181  0.00159757  0.0897786  0.0973805 0.00586832  0.115013 0.0278345  -9.80                     33.4  -1.7975 -1.71346  77.1564 -0.122868 -0.245099   3.24456 0 0 0    0    0 0.07 -0.0130627  -0.178466   0.522629 0.000878708  0.00150062  0.00179667  0.0897963   0.107893 0.00407267  0.115569 0.0381058  -9.80825 
                33.5 -1.78833 -1.79052  77.3193 -0.131485 -0.271655   3.27161 0 0 0    0    0 0.07 -0.046974 -0.229924  0.443576 0.000877677  0.00154103  0.00179512  0.0908972   0.103822 0.00649414  0.116434 0.0341217  -9.80825 
                33.6 -1.83568 -1.90897  77.3522 -0.129702 -0.280344    3.3339 0 0 0    0    0 0.07 -0.0443786  -0.214667   0.503357 0.000881298  0.00153378  0.00183079  0.0870086   0.110349 0.00454195  0.112963 0.0406664  -9.80827 
                33.7 -1.82311 -1.95304  77.5344 -0.107747 -0.293756   3.35207 0 0 0    0    0 0.07 0.0120887 -0.219422  0.398937 0.000796007  0.00150466  0.00178909  0.0900555   0.119764 0.00770861   0.11644 0.0498376  -9.80818 
                33.8 -1.86103  -2.0553  77.5397 -0.101032 -0.294437   3.41231 0 0 0    0    0 0.07 0.0120165 -0.183205  0.468647 0.000790624  0.00145849   0.0018375 0.0842016  0.126908 0.0057059  0.111094 0.0570867   -9.8082 
                33.9 -1.82739 -2.08982  77.5675 -0.105476  -0.31324    3.4313 0 0 0    0    0 0.07 -0.0170862  -0.213973   0.380604 0.000772604  0.00145807  0.00184668  0.0831646   0.125548 0.00823853 0.109991 0.055894 -9.80822 
                  34 -1.86576 -2.20617  77.3589 -0.0990822  -0.319424    3.49215 0 0 0    0    0 0.07 -0.00992702   -0.198292    0.459687 0.000754885  0.00142574  0.00199355  0.0796848   0.132073 0.00580491  0.106952 0.0623877  -9.80822 
                34.1 -1.82859 -2.23333  77.3298 -0.116861 -0.326725    3.5089 0 0 0    0    0 0.07 -0.0688206   -0.19401   0.366882 0.00078347 0.00138562 0.00199388  0.0729182   0.130443 0.00865895  0.100221 0.0612663   -9.8083 
                34.2 -1.89029 -2.31587  76.8948 -0.114579 -0.331058    3.5688 0 0 0    0    0 0.07 -0.0600158   -0.17942   0.447117 0.000803986   0.0013534   0.0022711   0.069753   0.137201 0.00609653 0.0975169 0.0679587  -9.80828 
                34.3 -1.87427 -2.32825  76.8975 -0.108896 -0.343485    3.5909 0 0 0    0    0 0.07 -0.0447377  -0.193073    0.37405 0.000773506  0.00132694  0.00226348  0.0704408   0.141648 0.00844331 0.0984342 0.0723554  -9.80824 
                34.4 -2.02868 -2.28707  77.0419 -0.100554 -0.328437   3.64437 0 0 0    0    0 0.07 -0.0249796  -0.113855   0.434757 0.000798249  0.00112206  0.00219502  0.0626985   0.152977 0.00688141 0.0915454  0.083818  -9.80821 
                34.5 -2.01517  -2.2958  76.9828 -0.119927 -0.341336    3.6546 0 0 0    0    0 0.07 -0.0884241  -0.145177   0.319284 0.000885409  0.00116987  0.00221608  0.0603502   0.148972 0.00969349 0.0889938  0.080159  -9.80827 
                34.6 -2.21902 -2.13148    76.68 -0.115884 -0.325726    3.7047 0 0 0    0    0 0.07 -0.0693606 -0.0720661   0.387235 0.000926576 0.000821241  0.00235179  0.0552954   0.157387 0.00829595 0.0845849 0.0886238  -9.80823 
                34.7 -2.21438 -2.12209  76.6633  -0.12136 -0.329508   3.71462 0 0 0    0    0 0.07 -0.0844139 -0.0857967   0.292889 0.000926631 0.000831077   0.0023633 0.0549533  0.158259  0.010438 0.0843049 0.0895794  -9.80823 
                34.8  -2.3914 -1.94137    75.92 -0.115528 -0.327076   3.75692 0 0 0    0    0 0.07 -0.0656351 -0.0719397   0.337876 0.000918189 0.000684795  0.00259535  0.0544824   0.163786 0.00912177  0.084199 0.0949413  -9.80818 
                34.9 -2.39516 -1.91894  75.9169 -0.121122 -0.327356   3.77103 0 0 0    0    0 0.07 -0.0839591 -0.0705111   0.270106 0.000938335 0.000660876  0.00260893 0.0532807  0.165211 0.0109526  0.083132 0.0964787  -9.80817 
                  35 -2.52363 -1.78346  74.8328 -0.120565 -0.337062   3.81014 0 0 0    0    0 0.07 -0.0818709 -0.0939195   0.312941 0.000947088 0.000595833  0.00301714  0.0552721   0.167295 0.00964329  0.085201 0.0983206  -9.80814 
                35.1 -2.51637 -1.75147  74.8536 -0.117777 -0.341657   3.82741 0 0 0    0    0 0.07 -0.0750044 -0.0957262   0.265618 0.000896693 0.000548653  0.00300822  0.055926  0.170433 0.0109871 0.086072 0.101374  -9.8081 
                35.2 -2.81826 -1.37302  74.1303 -0.118136 -0.351482   3.86654 0 0 0    0    0 0.07 -0.078851 -0.104457  0.313284 0.000956944 0.000375259  0.00328046  0.0571477   0.172389 0.00979099 0.0873873  0.103141  -9.80807 
                35.3   -2.811 -1.34911  74.1595  -0.11758 -0.365151   3.87564 0 0 0    0    0 0.07 -0.0797738  -0.121319   0.234751 0.000885388 0.000376339  0.00327755 0.0591036  0.173548 0.0115465 0.089403  0.10418 -9.80804 
                35.4  -3.09432 -0.945505   73.2856 -0.120142 -0.384879   3.90869 0 0 0    0    0 0.07 -0.0893283  -0.145951   0.271706 0.000905352 0.000281482  0.00356088 0.0613189  0.173921 0.0108359 0.0915652   0.10434  -9.80802 
                35.5  -3.07983 -0.912786   73.2767 -0.129667 -0.387841   3.92745 0 0 0    0    0 0.07 -0.117614 -0.111776  0.239429 0.000919761  0.00018393  0.00356133  0.059647  0.175129 0.0113455 0.0900585  0.105663  -9.80802 
                35.6  -3.24843 -0.630165   73.0589 -0.114117 -0.391173   3.96261 0 0 0    0    0 0.07 -0.0600245 -0.0816824   0.269513  0.000766614 -5.65832e-05   0.00364015 0.0614562  0.180518 0.0105498 0.0922524  0.110687  -9.80794 
                35.7   -3.2273 -0.621229   73.1004 -0.115984 -0.412521   3.97543 0 0 0    0    0 0.07 -0.0736983  -0.114827   0.188439 0.000694119 2.56876e-05  0.00362936 0.0639698  0.179878 0.0114019 0.0946525  0.109868  -9.80793 
                35.8   -3.1635 -0.656151   73.1333  -0.10045 -0.412022   4.01235 0 0 0    0    0 0.07 -0.0272913  -0.074017   0.220933  0.000497277 -0.000117149    0.0036139  0.0645244   0.185307 0.00975689 0.0956242  0.115004  -9.80786 
                35.9  -3.14327 -0.643441   73.1814 -0.0959764  -0.439633     4.0242 0 0 0    0    0 0.07 -0.0304673  -0.127419   0.144338 0.000386114  2.3053e-06   0.0036012 0.0684987  0.184426 0.0103537 0.0993945  0.113798  -9.80784 
                  36  -3.12415 -0.675273    73.223 -0.0856235  -0.436599    4.05348 0 0 0    0    0 0.07 -0.0125984 -0.0755822   0.165734  0.000294492 -0.000169678   0.00358222  0.0673801   0.188784 0.00896739 0.0986777   0.11806  -9.80779 
                36.1 -3.10886 -0.66695   73.253 -0.0897178  -0.441085     4.0626 0 0 0    0    0 0.07 -0.0428192 -0.0631452   0.104275  0.000311103 -0.000202037   0.00357315 0.0667802  0.188733 0.0093555 0.0981117  0.118077   -9.8078 
                36.2  -3.07941 -0.707865    73.147 -0.0703812  -0.422989    4.11311 0 0 0    0    0 0.07 0.0112668 0.0197945  0.243619  0.000139176 -0.000475699   0.00360335  0.0654163   0.195455 0.00646236 0.0973425  0.124589  -9.80773 
                36.3 -3.06205 -0.69804   73.149 -0.0741425  -0.422929    4.11542 0 0 0    0    0 0.07 -0.0252191  0.0175443   0.142085  0.000160107 -0.000463188   0.00360206  0.0653929   0.194523 0.00767366 0.0972754  0.123726  -9.80774 
                36.4  -3.00981 -0.786045   73.1122 -0.0613423  -0.407958    4.14622 0 0 0    0    0 0.07 0.00270674  0.0616823   0.189057  2.42336e-05 -0.000590881   0.00361956   0.064918   0.198521 0.00627153 0.097165 0.127566 -9.80769 
                36.5  -2.99353 -0.777014   73.1634 -0.0516679  -0.411014    4.14978 0 0 0    0    0 0.07 0.00773251  0.0370154   0.118926 -7.29584e-05 -0.000558381   0.00359573 0.0671905  0.198907 0.0073155 0.0994189  0.127731  -9.80766 
                36.6  -2.91285 -0.830372   73.1026 -0.0458238  -0.405032    4.17561 0 0 0    0    0 0.07 0.00266679   0.044891   0.156883 -0.000136629 -0.000579238   0.00361158  0.0674707   0.200455 0.00581164 0.0997881  0.129146  -9.80764 
                36.7  -2.89467 -0.819215   73.1473 -0.0448222  -0.413979    4.18425 0 0 0    0    0 0.07 -0.0159687 0.00770915    0.11707 -0.000176354 -0.000511959   0.00359093  0.0698365    0.19929 0.00631644 0.101948 0.127805 -9.80764 
                36.8   -2.7944 -0.861958   73.1233 -0.0432591  -0.414219    4.21463 0 0 0    0    0 0.07 -0.0255612  0.0044988   0.176517  -0.00024428 -0.000506132   0.00359811  0.0704404   0.200163 0.00459278 0.102553 0.128536 -9.80762 
                36.9  -2.77689 -0.852406   73.1261 -0.051627 -0.421122   4.22047 0 0 0    0    0 0.07 -0.0608264 -0.0168915   0.124356 -0.000233465 -0.000448341   0.00359863 0.0711277  0.198594 0.0053796 0.103072 0.126988 -9.80764 
                  37  -2.73554 -0.894764   73.5014 -0.0545791  -0.419778    4.25937 0 0 0    0    0 0.07  -0.0689651 -0.00805819    0.221392 -0.000294526 -0.000451383   0.00341531  0.0709984    0.19983 0.00329917 0.103011 0.128133 -9.80762 
                37.1  -2.72892 -0.888223   73.4388 -0.081774 -0.417515    4.2613 0 0 0    0    0 0.07     -0.14368 -0.000282927     0.146074 -0.000178081 -0.000433693   0.00342731  0.0689294   0.197232 0.00455843 0.100808 0.125909 -9.80767 
                37.2  -2.81236 -0.881886   73.7466 -0.0859051  -0.407866    4.29027 0 0 0    0    0 0.07 -0.129476 0.0306744  0.196751 -0.000202952 -0.000503213   0.00324639  0.0685149   0.199954 0.00345695  0.10067 0.128512 -9.80764 
                37.3  -2.79838 -0.863246   73.7224 -0.0939977  -0.403669     4.2927 0 0 0    0    0 0.07 -0.135035 0.0340821  0.132389  -0.00023983 -0.000516814   0.00325439  0.0688639    0.20063 0.00460558 0.101109  0.12914 -9.80763 
                37.4  -2.77899 -0.827102   74.4317 -0.101718 -0.392426   4.31723 0 0 0    0    0 0.07 -0.134412 0.0595392  0.170451 -0.000280821 -0.000564355   0.00295608  0.0682819   0.202607 0.00356726 0.100736 0.131052 -9.80761 
                37.5  -2.75554 -0.797282   74.4475 -0.0975057  -0.388343    4.32223 0 0 0    0    0 0.07 -0.102469 0.0551133  0.124232 -0.000399899 -0.000582026   0.00294638  0.0702459   0.204943 0.00452372 0.102878 0.133071 -9.80756 
                37.6  -2.57862 -0.805408   74.7972 -0.0994583  -0.376842    4.33942 0 0 0    0    0 0.07 -0.0903987   0.073866   0.137697 -0.000568093  -0.00060311   0.00270544  0.0701727   0.207061 0.00409771  0.10302 0.135071 -9.80753 
                37.7  -2.56143 -0.786761   74.8321 -0.0939202  -0.373936    4.34321 0 0 0    0    0 0.07 -0.0645829  0.0614516    0.10111 -0.000660958 -0.000604733   0.00269832 0.0722806  0.208784 0.0049154 0.105222 0.136491 -9.80749 
                37.8  -2.41756 -0.826626    75.332 -0.0889874   -0.36067    4.35755 0 0 0    0    0 0.07 -0.0399581  0.0819055   0.112972 -0.000773302 -0.000647953   0.00251402  0.0723414   0.211654 0.00452874  0.10557 0.139185 -9.80744 
                37.9  -2.40217 -0.813516   75.3868 -0.0783847  -0.362276    4.35915 0 0 0    0    0 0.07 -0.0090197   0.052115  0.0772676  -0.00087457 -0.000613733   0.00249575  0.0752719   0.212894 0.00530761  0.10849 0.140061  -9.8074 
                  38  -2.25737 -0.852102   75.5193 -0.0761955  -0.348914    4.36893 0 0 0    0    0 0.07 -0.00789235   0.0758181   0.0834796 -0.000933222 -0.000642375   0.00242305  0.0743219   0.214292 0.00514789 0.107735 0.141474 -9.80739 
                38.1  -2.23478 -0.829078   75.5917 -0.0628701  -0.344515    4.37608 0 0 0    0    0 0.07 0.0224616 0.0652228 0.0777966  -0.00101634 -0.000644426   0.00238797   0.076029   0.216005 0.00525756 0.109525 0.142912 -9.80735 
                38.2  -2.24986 -0.781873   76.7168 -0.0652924  -0.326041    4.38547 0 0 0    0    0 0.07 -0.000946989    0.0997757    0.0823716 -0.000957512 -0.000718431    0.0019881 0.0736946  0.216579 0.0051024 0.107383 0.143691 -9.80736 
                38.3  -2.24367 -0.774031   76.7385 -0.0709738  -0.323803    4.38709 0 0 0    0    0 0.07 -0.0263306  0.0764928  0.0584471 -0.000928605 -0.000664351    0.0019668  0.0743278    0.21509 0.00560989 0.107836 0.142233 -9.80738 
                38.4  -2.18044 -0.819057   76.7008 -0.0760936  -0.306708    4.39488 0 0 0    0    0 0.07 -0.0415636   0.102244   0.063364 -0.000943573 -0.000680326    0.0019902  0.0724335    0.21581 0.00538644 0.106122 0.143096 -9.80738 
                38.5  -2.17982 -0.822175   76.7059 -0.0845966  -0.308313     4.3951 0 0 0    0    0 0.07 -0.0620793  0.0681265  0.0418235 -0.000940705 -0.000643536   0.00199236  0.0739281   0.213863 0.00596407 0.107345 0.141127  -9.8074 
                38.6  -2.19085 -0.851896   76.8481 -0.0913597  -0.294323    4.40252 0 0 0    0    0 0.07 -0.0727321  0.0876995  0.0529653 -0.000932047 -0.000670206   0.00193796  0.0726328   0.214707 0.00564777 0.106206 0.142043  -9.8074 
                38.7  -2.19375 -0.858037   76.8295 -0.110682 -0.297835   4.40108 0 0 0    0    0 0.07 -0.114944 0.0493649 0.0268726 -0.000896557 -0.000608875   0.00194531 0.0733167   0.21173 0.0061122 0.106562  0.13919 -9.80743 
                38.8  -2.28204 -0.875067   76.7694 -0.119085 -0.287297   4.40791 0 0 0    0    0 0.07 -0.115461 0.0636335 0.0422318 -0.000888714 -0.000655152   0.00196117  0.0728059   0.212881 0.00576757 0.106191 0.140314 -9.80742 
                38.9  -2.27517 -0.867237   76.7959 -0.119838 -0.286709   4.41053 0 0 0    0    0 0.07 -0.0940518  0.0435573  0.0354963 -0.000967535 -0.000634754   0.00194827  0.0744851   0.213826 0.00588257  0.10786 0.141032 -9.80739 
                  39 -2.19031 -0.86299  77.0023 -0.124129 -0.274949   4.41734 0 0 0    0    0 0.07 -0.0862466  0.0634125  0.0475775  -0.00101821 -0.000694514   0.00188107  0.0739596   0.215243 0.00563555 0.107507 0.142404 -9.80738 
                39.1  -2.17999 -0.848528   77.0484 -0.115006  -0.27163   4.42015 0 0 0    0    0 0.07 -0.0434839  0.0530273  0.0397958  -0.00113617 -0.000689003   0.00184179  0.0756963   0.217114 0.00579214 0.109323 0.143973 -9.80733 
                39.2  -2.02556 -0.846716   77.7931 -0.117804 -0.253571    4.4266 0 0 0    0    0 0.07 -0.0434401  0.0879115  0.0490644  -0.00116953 -0.000756866   0.00160944  0.0740465   0.218521 0.00557386 0.107926  0.14545 -9.80733 
                39.3  -2.01478 -0.833206   77.8257 -0.113263 -0.244986   4.42981 0 0 0    0    0 0.07 -0.0222857  0.0827943  0.0422841  -0.00121391 -0.000766944   0.00158889  0.0748076   0.219654 0.00572519 0.108755 0.146427  -9.8073 
                39.4  -1.99952 -0.838649   77.8288 -0.110983 -0.227635   4.43589 0 0 0    0    0 0.07 -0.0132911   0.106914  0.0488113  -0.00122221 -0.000821472   0.00158344 0.0739165  0.221228 0.0055725 0.108085 0.147979 -9.80729 
                39.5   -1.9929 -0.834759   77.8698 -0.103487 -0.224794   4.43717 0 0 0    0    0 0.07 0.00692285   0.081317  0.0357895  -0.00126171 -0.000800482   0.00157044  0.0757364   0.221714 0.00586642 0.109831 0.148247 -9.80726 
                39.6  -1.90043 -0.899968   77.9233 -0.0992433  -0.211062    4.44152 0 0 0    0    0 0.07 0.0152586  0.093653 0.0383658  -0.00129375 -0.000818303   0.00154713  0.0752204   0.222844 0.00580851 0.109466 0.149347 -9.80725 
                39.7  -1.89483 -0.899912   77.9706 -0.090433 -0.210239   4.44255 0 0 0    0    0 0.07 0.0322659 0.0657983 0.0273054  -0.00131379 -0.000802636   0.00151088  0.0770146    0.22307 0.00603215 0.111158 0.149376 -9.80723 
                39.8   -1.8601 -0.906187   78.6727 -0.0861239  -0.198841    4.44541 0 0 0    0    0 0.07 0.0332646 0.0749431 0.0271012  -0.00132434 -0.000813199   0.00114887  0.0763351   0.223771 0.00602693 0.110599 0.150094 -9.80723 
                39.9   -1.8555 -0.902714   78.6972 -0.0863546  -0.193655    4.44652 0 0 0    0    0 0.07 0.0209843 0.0637154 0.0209933  -0.00131277 -0.000811996   0.00113357  0.0763021   0.223065 0.00616787 0.110499 0.149446 -9.80724 
                  40   -1.9123 -0.864685   78.9911 -0.0847399  -0.182628    4.44822 0 0 0    0    0 0.07 0.0161612 0.0726323 0.0186151  -0.00128432 -0.000837247  0.000924613  0.0754377   0.223554 0.00622494 0.109749 0.149986 -9.80724 
                40.1  -1.92028 -0.866822   78.9014 -0.111096 -0.171658    4.4469 0 0 0    0    0 0.07 -0.0617355  0.0779287 0.00633767  -0.00126453 -0.000822593  0.000984947  0.0718234   0.219508 0.00649809 0.106002 0.146615 -9.80733 
                40.2  -2.24391 -0.729922    78.949 -0.124599  -0.16034   4.44666 0 0 0    0    0 0.07 -0.0928816  0.0879953 0.00190076  -0.00109401 -0.000895748  0.000946514  0.0702875   0.218651 0.00660428   0.1045 0.145978 -9.80736 
                40.3  -2.25269 -0.735073   78.8411 -0.153007 -0.152465   4.44576 0 0 0    0    0 0.07   -0.151594    0.084598 -0.00373346  -0.00113178 -0.000894368   0.00097123 0.0681154  0.215106 0.0066797 0.102143 0.142922 -9.80743 
                40.4  -2.44666 -0.666391   78.7393 -0.165049 -0.139294   4.44875 0 0 0    0    0 0.07  -0.153741   0.100945 0.00794817  -0.00105567 -0.000933722   0.00103353  0.0677559   0.216402 0.00631601 0.101933 0.144149 -9.80741 
                40.5 -2.44454 -0.66143  78.6635 -0.180392 -0.130024   4.44963 0 0 0    0    0 0.07  -0.165445  0.0998635 0.00609163   -0.0010846 -0.000922487    0.0010758  0.0679525   0.216412 0.00629895 0.102115 0.144138 -9.80741 
                40.6  -2.55948 -0.616761   78.5579 -0.193376 -0.122245   4.45177 0 0 0    0    0 0.07  -0.167863  0.0952556 0.00939353  -0.00106686 -0.000928306   0.00113297    0.0688  0.216863 0.0061219 0.102937 0.144465  -9.8074 
                40.7  -2.55545 -0.612597   78.5451 -0.200777 -0.117832   4.45216 0 0 0    0    0 0.07  -0.155181  0.0824824 0.00542216  -0.00112864 -0.000904588   0.00114251  0.0705122   0.217795 0.00618326 0.104609 0.145149 -9.80737 
                40.8   -2.6454 -0.572867    78.472 -0.209848 -0.113335   4.45491 0 0 0    0    0 0.07 -0.149425 0.0733145 0.0125994  -0.00111422 -0.000904218   0.00120622  0.0718338   0.218511 0.00595582 0.105891 0.145666 -9.80735 
                40.9  -2.64385 -0.569764   78.4659 -0.213033 -0.106445    4.4543 0 0 0    0    0 0.07  -0.131495  0.0746891 0.00503285  -0.00116258 -0.000895272   0.00121565  0.0730329    0.22014 0.00615771 0.107167 0.147036 -9.80731 
                  41  -2.67321 -0.559916   78.2623  -0.217207 -0.0996096    4.45766 0 0 0    0    0 0.07 -0.119857 0.0747795  0.013407 -0.00113179  -0.0009023  0.00135703  0.0742301   0.221712 0.00577876 0.108421 0.148341 -9.80728 
                41.1  -2.67202 -0.562598   78.2812 -0.212634 -0.100813   4.45705 0 0 0    0    0 0.07 -0.0901643  0.0538968 0.00521801  -0.00109518 -0.000910386   0.00134704  0.0774503   0.223485 0.00605833 0.111569  0.14962 -9.80722 
                41.2  -2.59632 -0.637235   78.2453 -0.217043 -0.097709   4.45993 0 0 0    0    0 0.07 -0.0887645  0.0481033  0.0122482  -0.00110521 -0.000885705   0.00136375  0.0785092   0.224217 0.00571083 0.112607 0.150168  -9.8072 
                41.3  -2.59135 -0.637397   78.2974 -0.207242 -0.101987   4.45965 0 0 0    0    0 0.07 -0.0511151  0.0248251 0.00503656  -0.00107285 -0.000901572    0.0013369  0.0821881   0.226458 0.00594077 0.116223 0.151812 -9.80714 
                41.4  -2.56637 -0.644543   78.8213  -0.209041 -0.0982307    4.46117 0 0 0    0    0 0.07 -0.0521686  0.0287572 0.00728985 -0.00107891 -0.00090852  0.00106383  0.0824015   0.227273 0.00583061 0.116505 0.152529 -9.80712 
                41.5  -2.56583 -0.652499   78.8092  -0.210409 -0.0991655    4.45919 0 0 0    0    0 0.07  -0.0527203    0.017924 -0.00401231  -0.00107953 -0.000915851   0.00106417  0.0833854   0.227532 0.00608311 0.117438 0.152658 -9.80711 
                41.6  -2.55732 -0.683133   79.0432  -0.211288 -0.0942875    4.45824 0 0 0    0    0 0.07  -0.0504523   0.0266596 -0.00808068  -0.00108146 -0.000911446  0.000895892  0.0833914   0.228624 0.00616218 0.117567 0.153652 -9.80709 
                41.7  -2.55469 -0.683657    79.087 -0.200086 -0.089316   4.45732 0 0 0    0    0 0.07 -0.0182148  0.0321367 -0.0107403  -0.00108387 -0.000921659  0.000879882   0.084643   0.231305 0.00621936 0.119007 0.155949 -9.80704 
                41.8  -2.51993 -0.685653   79.1749  -0.199309 -0.0802423    4.45438 0 0 0    0    0 0.07 -0.0194944  0.0498989  -0.019523  -0.00109231 -0.000940051  0.000830492  0.0840439   0.232353 0.00644406 0.118583  0.15697 -9.80703 
                41.9  -2.51883 -0.685463    79.211   -0.19511 -0.0781464    4.45381 0 0 0    0    0 0.07 -0.0118518  0.0412161 -0.0174359 -0.00108474 -0.00093863 0.000801821 0.0850227  0.233023 0.0063177 0.119544 0.157469 -9.80701 
                  42  -2.37114 -0.776427   79.0907  -0.193247 -0.0711808    4.45169 0 0 0    0    0 0.07 -0.0101118   0.047547 -0.0207496  -0.00115114 -0.000896321  0.000864102  0.0848844   0.233841 0.00636923 0.119509 0.158225   -9.807 
                42.1  -2.37699 -0.775853   79.1081   -0.19754 -0.0653044    4.45011 0 0 0    0    0 0.07 -0.0268556  0.0481296 -0.0204399  -0.00114318 -0.000892863  0.000858192  0.0844486   0.233558 0.00629919 0.119081 0.158016   -9.807 
                42.2  -2.40312 -0.738145   79.2589  -0.195418 -0.0591517    4.44821 0 0 0    0    0 0.07 -0.0189562  0.0512796 -0.0211831   -0.0011512 -0.000906573  0.000808693  0.0847327   0.234413 0.00630129 0.119433 0.158758 -9.80699 
                42.3  -2.40668 -0.738398   79.2598  -0.201499 -0.0553631    4.44703 0 0 0    0    0 0.07 -0.0389347  0.0461707 -0.0182842  -0.00113291 -0.000892341  0.000808012  0.0845933   0.233888 0.00621869 0.119246 0.158298   -9.807                  42.4  -2.48354 -0.663204   79.4731  -0.204732 -0.0496645    4.44357 0 0 0    0    0 0.07 -0.0450032  0.0492801 -0.0240295  -0.00111436 -0.000920081  0.000725195   0.084552   0.234076 0.00635123 0.119234 0.158474 -9                        42.5  -2.48889 -0.665417   79.4317   -0.22228 -0.0445333    4.44273 0 0 0    0    0 0.07 -0.0916065  0.0491473 -0.0164035 -0.00105045 -0.00090172 0.000746018  0.0837575   0.232909 0.00623401 0.118382 0.157513                           42.6  -2.49513 -0.656863   79.3638  -0.229392 -0.0416484    4.44031 0 0 0    0    0 0.07 -0.0940862  0.0423616 -0.0181138  -0.00106293 -0.000895225  0.000768982  0.0841574   0.233037 0.00631989 0.118758 0.                4                42.7  -2.49687 -0.657324   79.3579  -0.234229 -0.0401228    4.44026 0 0 0    0    0 0.07 -0.0909214  0.0352262     -0.011  -0.00106823 -0.000880435  0.000765996  0.0847696   0.233389 0.00618694 0.119                42.7  1                42.8  -2.53036 -0.640728   79.4169  -0.239633 -0.0364781    4.44023 0 0 0    0    0 0.07  -0.0893607   0.0358905 -0.00592047 -0.00105444 -0.00087953 0.000742048  0.0851134   0.233958 0.00607935                42.8  1.79023                42.9  -2.52352 -0.629792   79.4453  -0.236644 -0.0305727    4.44273 0 0 0    0    0 0.07 -0.0650468  0.0426476 0.00593298  -0.00104852 -0.000878734  0.000707256  0.0858028    0.23566 0.00582                42.9  1.79607 -1                  43  -2.40117 -0.659702   79.4859  -0.238899 -0.0278576    4.44311 0 0 0    0    0 0.07 -0.0590523  0.0377722 0.00608056  -0.00109313 -0.000857422  0.000680533  0.0864238   0.236158 0                  43  1.78015 -1.53838                43.1  -2.39686 -0.657217   79.5141  -0.233182 -0.0256284    4.44328 0 0 0    0    0 0.07 -0.0342449  0.0339852 0.00565414  -0.00107886 -0.000853285  0.000660168  0.0876084   0.23755                43.1  1.78646 -1.53431  7                43.2  -2.29949 -0.677986   79.5236  -0.234367 -0.0262707    4.44184 0 0 0    0    0 0.07   -0.032959   0.0210208 -0.00143754  -0.00110387 -0.000836435  0.000654311  0.088416  0.2                43.2  1.77531 -1.52286  76.5                43.3  -2.29473 -0.671683   79.5751  -0.221459 -0.0246899    4.44314 0 0 0    0    0 0.07 0.00557479  0.0186008 0.00379038  -0.00110938 -0.000837806  0.000638334  0.0898734   0                43.3  1.78019 -1.52051   76.602                43.4  -2.14093 -0.726662   79.5621  -0.210512 -0.0205589    4.44438 0 0 0    0    0 0.07  0.0343128  0.0236358 0.00779029  -0.00120406 -0.000816304  0.000649192  0.09045                43.4  1.76709 -1.50734  76.5818  -0.1                43.5  -2.13911 -0.727115   79.5694    -0.2139 -0.0228037    4.44359 0 0 0    0    0 0.07  0.0122015 0.00888041 0.00431453  -0.00117865 -0.000786111  0.000644854  0.09                43.5 1.77096 -1.5051  76.591 -0.155015 -                43.6  -2.11715 -0.719662   79.4408 -0.203933 -0.018987   4.44516 0 0 0    0    0 0.07    0.03516  0.0152768 0.00850641  -0.00121258 -0.000785956  0.000751422                   43.6  1.75995 -1.52197  76.6398 -0.15397                43.7  -2.11687 -0.716629   79.4475 -0.209813 -0.014465   4.44473 0 0 0    0    0 0.07 0.00812277  0.0213656 0.00507472  -0.00120432 -0.000782884  0.000740885  0.08                43.7    1.765 -1.52283  76.5786  -0.1710                43.8  -2.18485 -0.680063   79.3942   -0.199849 -0.00836942     4.44715 0 0 0    0    0 0.07 0.0332026 0.0326291 0.0134322  -0.00119911 -0.000807057  0.000777407  0.08                43.8  1.74829 -1.54581  76.5916 -0.17260                43.9  -2.18381 -0.677681   79.3814   -0.208174 -0.00489556     4.44598 0 0 0    0    0 0.07 -0.00299276   0.0322797  0.00578702  -0.00118151 -0.000795652  0.000780167                43.9  1.75051 -1.54504  76.5433  -0.18368 -0.4                  44  -2.30249 -0.634651    79.278   -0.201381 0.000938559     4.44636 0 0 0    0    0 0.07  0.0121798  0.0404791 0.00530013   -0.0011468 -0.000826176  0.000832                  44  1.74562 -1.57768  76.5351 -0.183536 -0.4                44.1  -2.30389 -0.638331   79.2715  -0.208125 0.00167289    4.44574 0 0 0    0    0 0.07 -0.0152004  0.0308185 0.00244715  -0.00113238 -0.000820191  0.000835067                44.1  1.74617 -1.58055  76.4921 -0.194312 -                44.2  -2.31586 -0.651206   79.2816  -0.205215 0.00549564    4.44534 0 0 0    0    0 0.07 -0.00866859    0.032776 0.000750536  -0.00113604 -0.000821081  0.000826415                44.2  1.73858 -1.60911  76.5209 -0.192895 -0.4                44.3  -2.31825 -0.655353   79.2625 -0.211202 0.0107566   4.44422 0 0 0    0    0 0.07  -0.0295001   0.0382218 -0.00226887  -0.00112579 -0.000823875  0.000                44.3   1.7429 -1.61481  76.4191  -0.20426 -0.452728                 44.4  -2.33346 -0.658024   79.2641 -0.209836 0.0117073   4.44527 0 0 0    0    0 0.07 -0.0214905  0.0291131 0.00475274  -0.00114477 -0.000804819  0.000                44.4   1.7439 -1.64997  76.4363 -0.202025 -0.444305                 44.5 -2.33446 -0.65642  79.2314 -0.217778  0.019147   4.44421 0 0 0    0    0 0.07  -0.0446577   0.0424724 0.000991464  -0.00113995 -0.000801266  0.000                44.5 1.74585 -1.6503 76.4115 -0.201516 -0.442144                 44.6  -2.34477 -0.655648   79.2368 -0.215201 0.0173918   4.44563 0 0 0    0    0 0.07 -0.0301168  0.0234132 0.00588902  -0.00115659 -0.000782917  0.000842                44.6  1.74727 -1.63406  76.3782  -0.20182 -0.4                44.7  -2.34811 -0.659061   79.2177 -0.219996 0.0195351    4.4435 0 0 0    0    0 0.07  -0.0412498   0.0220911 -0.00359653  -0.00117126 -0.000777797   0.00085                44.7  1.74953 -1.63274  76.4104 -0.192891 -0.4301                44.8    -2.376 -0.681241   79.1963 -0.217542 0.0146007   4.44409 0 0 0    0    0 0.07   -0.0291093  0.000347088 -0.000225949  -0.00113919 -0.000785439  0.                44.8  1.75859 -1.61223  76.4219 -0.188673 -0.421844                 44.9  -2.37654 -0.685576   79.1947 -0.221104  0.012751   4.44295 0 0 0    0    0 0.07  -0.0375856 -0.00681892 -0.00471397    -0.001144 -0.000798142  0.                44.9 1.76345  -1.609 76.4837 -0.179956 -0.409745   3.74                  45  -2.38584 -0.697285   79.2129 -0.214625 0.0107444   4.44457 0 0 0    0    0 0.07 -0.0151644 -0.0118034 0.00271537  -0.00106909 -0.000797178                   45  1.78204 -1.61095  76.6607 -0.175455 -0.400432   3.74                45.1  -2.38366 -0.703443   79.2197 -0.216173 0.0104986   4.44425 0 0 0    0    0 0.07   -0.0219991   -0.0105147 -0.000272214  -0.00106655 -0.0007972                45.1  1.78835 -1.60024  76.7103 -0.170417 -0.387068   3.74586                45.2  -2.38944 -0.722881   79.2222 -0.209122 0.0111566   4.44451 0 0 0    0    0 0.07   0.00042944  -0.00684933 -0.000843688  -0.00105428 -0.0                45.2  1.77694 -1.55763   76.786 -0.168774 -0.384976   3.74803 0 0 0                45.3 -2.38696 -0.72925  79.2302 -0.211574  0.012281   4.44408 0 0 0    0    0 0.07  -0.0135196 -0.00304355 -0.00357884  -0.00103539 -0.0008                45.3  1.78467 -1.55337  76.8914 -0.162705 -0.362014   3.75024 0                 45.4  -2.38686 -0.734595   79.2385  -0.20867 0.0149789   4.44611 0 0 0    0    0 0.07 -0.0069144 0.00354563 0.00364174  -0.00102941 -0.0008                45.4 1.74965 -1.5015 76.9752 -0.163186 -0.366774   3.75389 0 0 0                45.5  -2.38362 -0.737649   79.2343 -0.211997 0.0178444   4.44638 0 0 0    0    0 0.07 -0.0211554 0.00903555 0.00198887  -0.00101203 -0.0008                45.5  1.75663 -1.49575  76.9737  -0.16919 -0.364032   3.75478 0                 45.6  -2.38732 -0.748783   79.2405 -0.209196 0.0170988   4.44888 0 0 0    0    0 0.07 -0.0139711 0.00265939  0.0101786 -0.000997508 -0.0008                45.6   1.7362 -1.46917  76.9823 -0.170714 -0.373358   3.75953 0                 45.7  -2.38476 -0.747645   79.2319 -0.210492 0.0235785   4.44883 0 0 0    0    0 0.07 -0.0202275  0.0183954 0.00517048 -0.000994137 -0.0008                45.7  1.74225 -1.46143  76.9947 -0.172343 -0.368029    3.7602 0                 45.8  -2.38704 -0.741626   79.2367 -0.206381 0.0229086   4.45134 0 0 0    0    0 0.07 -0.0077746 0.00936784  0.0122887 -0.000968205 -0.0                45.8  1.70977 -1.43656  77.0116 -0.175052 -0.380391   3.76601 0 0 0                45.9  -2.38355 -0.733946   79.2242 -0.208273 0.0264217   4.45224 0 0 0    0    0 0.07 -0.0170844  0.0146042  0.0124585  -0.00097195 -                45.9  1.71537 -1.43659  76.9614 -0.187602 -0.386862   3.76536 0 0 0                     46  -2.39181 -0.715122    79.243 -0.205664 0.0280862    4.4541 0 0 0    0    0 0.07 -0.0109616  0.0138654  0.0163467 -0.000959932 -                  46   1.6964 -1.45521  76.8898 -0.191699 -0.401474    3.7682 0 0 0                   46.1  -2.39072 -0.711804   79.2339 -0.209659 0.0341944   4.45295 0 0 0    0    0 0.07 -0.0257771  0.0270512 0.00803363 -0.000966931 -                46.1  1.69929 -1.45856  76.8388 -0.199492 -0.409976   3.76581 0 0 0                46.2  -2.40738 -0.703806   79.2289 -0.205171  0.033339   4.45509 0 0 0    0    0 0.07 -0.00956297   0.0139927   0.0154504 -0.00100256 -0                46.2   1.7062 -1.48185  76.6954 -0.199531 -0.422406   3.76608 0 0 0                46.3  -2.40662 -0.704784   79.2104 -0.212375 0.0370393    4.4542 0 0 0    0    0 0.07 -0.0347757  0.0205466 0.00853774 -0.000981365 -0.0                46.3  1.71131 -1.48265  76.6673 -0.197867 -0.426946   3.76447 0 0 0                46.4 -2.42244  -0.7063  79.2093 -0.209188 0.0342194   4.45561 0 0 0    0    0 0.07 -0.0208387 0.00429403  0.0121907  -0.00101796 -0.0007                46.4  1.72639 -1.50001   76.602 -0.194926 -0.434278   3.76414 0                 46.5  -2.42376 -0.713373   79.2042 -0.21139 0.036248  4.45341 0 0 0    0    0 0.07 -0.0268861 0.00804485 0.00223444  -0.00102068 -0.0007483                46.5  1.72884 -1.49876    76.64 -0.186191 -0.425008   3.76316                46.6  -2.43701 -0.727791   79.2162 -0.206431 0.0360415   4.45539 0 0 0    0    0 0.07 -0.00953221  0.00364321   0.0105882  -0.00104462 -0.0007460                46.6   1.7393 -1.49713  76.6033 -0.181613 -0.423865   3.76                46.7  -2.43437 -0.733416   79.2114 -0.208197 0.0379544   4.45552 0 0 0    0    0 0.07 -0.0189333 0.00731033 0.00993205  -0.00103455 -0.000760005  0.000                46.7  1.74238 -1.49274  76.6558 -0.173359 -0.410588                 46.8  -2.44812 -0.762712   79.2465 -0.203308 0.0386816   4.45716 0 0 0    0    0 0.07 -0.00595506  0.00523201   0.0134063  -0.00105077 -0.000760161   0.00                46.8  1.74004 -1.48605  76.6642 -0.174776 -0.410408                 46.9  -2.44693 -0.769197    79.235  -0.20689 0.0400945   4.45729 0 0 0    0    0 0.07 -0.0217984 0.00592543  0.0104632  -0.00104212 -0.000774656  0.000                46.9  1.7449 -1.4841 76.6875 -0.169288 -0.406949   3                  47 -2.46261 -0.80287  79.2293 -0.205747 0.0401836   4.45876 0 0 0    0    0 0.07 -0.0191491   0.002795  0.0124035  -0.00102699 -0.000771498  0.000787                  47  1.74879 -1.49557  76.6586  -0.1688 -0.40707                47.1   -2.4604 -0.810617   79.2258  -0.20915 0.0395873   4.45922 0 0 0    0    0 0.07 -0.0295858 -0.0021688  0.0090996 -0.00102212 -0.00078186 0.000787193                47.1  1.75313 -1.49813   76.625 -0.171006 -0.4                47.2 -2.46323 -0.82746  79.2205 -0.207925 0.0364795    4.4604 0 0 0    0    0 0.07 -0.0237365 -0.0136781 0.00982663   -0.0010191 -0.000791481  0.000790327  0.09                47.2  1.77579 -1.53982  76.5934 -0.17085                47.3  -2.45828 -0.834623   79.2399 -0.211421  0.035084    4.4617 0 0 0    0    0 0.07 -0.0329642 -0.0164249 0.00951481  -0.00100863 -0.000797997  0.000780602  0                47.3  1.77658 -1.54059  76.5732 -0.172005 -                47.4   -2.4536 -0.841624    79.202 -0.213938 0.0311855     4.466 0 0 0    0    0 0.07 -0.0362477 -0.0263171  0.0211675 -0.000987563 -0.000793449  0.000799787                47.4  1.79802 -1.57711  76.5804 -0.170493 -                47.5  -2.44176 -0.839819   79.2665 -0.207072 0.0288066   4.46898 0 0 0    0    0 0.07 -0.0120915 -0.0285757  0.0232622  -0.00100242 -0.000802684  0.000770                47.5  1.79978 -1.57977  76.5537 -0.170505 -0.4095                47.6  -2.42307 -0.816111   79.2522 -0.210421 0.0303312   4.47366 0 0 0    0    0 0.07 -0.0240346 -0.0165295  0.0314247 -0.000964938  -0.00083723   0                47.6  1.83175 -1.59707  76.2544 -0.181629  -0.42068   3                47.7  -2.41317 -0.804784   79.3044 -0.208451 0.0335336   4.47629 0 0 0    0    0 0.07  -0.0173778 -0.00456097   0.0285674 -0.000969185 -0.0008618                47.7  1.83084 -1.60019  76.2828 -0.174998 -0.424555   3.74322                47.8  -2.40029 -0.751745   79.3213 -0.211446 0.0413813   4.48454 0 0 0    0    0 0.07 -0.0263192  0.0203045  0.0496282 -0.000941144 -0.0009                47.8  1.85275 -1.61936  76.2676 -0.179964 -0.424664    3.7354 0                 47.9  -2.39132 -0.735818   79.3423 -0.216775 0.0469881   4.48827 0 0 0    0    0 0.07 -0.0404576  0.0301289  0.0457997 -0.000909001 -0.0                47.9   1.8541 -1.61889  76.2514  -0.18581 -0.422359   3.73591 0 0 0                  48  -2.39616 -0.691664   79.3421 -0.218064 0.0488922   4.49703 0 0 0    0    0 0.07 -0.037169 0.0263232 0.0631232 -0.000919317 -0.0009                  48   1.8575 -1.61197  76.1274 -0.196759 -0.426043   3.72979                48.1  -2.39019 -0.679697   79.3445 -0.221185 0.0513859   4.49772 0 0 0    0    0 0.07 -0.0404394  0.0258231  0.0448434 -0.000924442 -0.0009                48.1  1.86262 -1.61189  76.1216 -0.191429 -0.425918   3.73095                48.2  -2.40616 -0.661013   79.3952 -0.213139 0.0481874   4.50398 0 0 0    0    0 0.07 -0.00601695  0.00669752   0.0519217  -0.00100988 -0.0008                48.2 1.86873 -1.5928 76.0979  -0.19629 -0.424146   3.72537 0 0 0                48.3  -2.39443 -0.648646   79.3961 -0.210687 0.0517818   4.50611 0 0 0    0    0 0.07 -0.00178149   0.0155051   0.0409088 -0.00102495                48.3 1.87298 -1.5909 76.1284 -0.193211 -0.414253   3.72726 0 0 0    0                 48.4   -2.3774 -0.610165   79.4459 -0.200287  0.048112   4.51077 0 0 0    0    0 0.07    0.0267934 -0.000662395    0.0421435  -                48.4  1.85044 -1.56883  76.1797 -0.196787 -0.410064   3.72447 0 0 0    0    0 0.07                48.5 -2.36145  -0.6003  79.4523 -0.198579 0.0497696    4.5127 0 0 0    0    0 0.07  0.0185616 0.00515205  0.0345636  -                48.5  1.85136 -1.56837  76.1181 -0.227715 -0.407199   3.72628 0 0 0    0    0 0.07                48.6  -2.35276 -0.577871    79.432 -0.198768 0.0453514   4.51449 0 0 0    0    0 0.07 0.00730044 -0.0089251  0.0286298 -0                48.6  1.76726 -1.53061  76.3768 -0.228055 -0.394317   3.72083 0 0 0    0    0 0                48.7  -2.35397 -0.577623   79.3945 -0.210589 0.0478732    4.5126 0 0 0    0    0 0.07 -0.0332863 0.00317246  0.0139732  -0.0                48.7     1.77 -1.52754  76.3385 -0.244587 -0.387014   3.72228 0 0 0    0    0 0                48.8  -2.36493 -0.552854   79.4288 -0.207192 0.0395367   4.51444 0 0 0    0    0 0.07 -0.0183675  -0.021368  0.0162128  -0.0                48.8  1.70195 -1.49567  76.4977 -0.237748 -0.372462   3.71695 0 0 0    0    0 0                48.9  -2.36435 -0.554478   79.3826 -0.215533  0.040003   4.51364 0 0 0    0    0 0.07 -0.0415356 -0.0120834 0.00779049  -                48.9  1.70281 -1.49545  76.4982 -0.242462 -0.370603   3.71711 0 0 0    0    0 0                  49  -2.38529 -0.558217   79.4009 -0.211401 0.0299789   4.51661 0 0 0    0    0 0.07  -0.020889 -0.0394888  0.0169323                     49  1.66428 -1.47322  76.6269  -0.23107 -0.360587     3.711 0 0 0    0    0 0.07                49.1  -2.38713 -0.563024   79.3758 -0.217356 0.0279702   4.51567 0 0 0    0    0 0.07 -0.0371653  -0.032972 0.00791797                49.1  1.66686 -1.47029  76.6041 -0.240838 -0.360098   3.71283 0 0 0    0    0 0.07 -0                49.2  -2.42163 -0.595816   79.3486  -0.21573 0.0244434   4.51747 0 0 0    0    0 0.07 -0.0274234 -0.0332187  0.0114881                49.2  1.65573 -1.45128  76.6931 -0.229173 -0.354506   3.71036 0 0 0    0    0 0.07                   49.3  -2.42536 -0.605855    79.331 -0.223007 0.0244215   4.51464 0 0 0    0    0 0.07  -0.0460691  -0.0238109 -0.00239                49.3  1.66432 -1.44648  76.7316 -0.222621 -0.349185   3.71268 0 0 0    0    0 0.07   0.0                49.4  -2.44905 -0.635436   79.3093 -0.217741 0.0210409   4.51723 0 0 0    0    0 0.07 -0.0242867 -0.0264206 0.00943                49.4  1.67647 -1.41579  76.7644 -0.207541 -0.346857   3.71343 0 0 0    0    0 0.07   0.0                49.5  -2.44693 -0.641715   79.2813 -0.221353 0.0198378   4.51632 0 0 0    0    0 0.07 -0.0332628 -0.0220379 0.00277                49.5  1.69008 -1.40725  76.8375 -0.192747 -0.338898    3.7166 0 0 0    0    0 0.07    0.                49.6  -2.46609 -0.644093   79.2961 -0.210978 0.0186452   4.52211 0 0 0    0    0 0.07  0.0026467 -0.0186002  0.0255                49.6  1.73155 -1.39267  76.8614 -0.181376 -0.345951   3.72177 0 0 0    0    0 0.07   0.1                49.7    -2.463 -0.646678   79.2789 -0.210621  0.017748   4.52168 0 0 0    0    0 0.07 -0.00356577  -0.0157917                   49.7  1.74659 -1.38602  76.9634 -0.158638 -0.339165   3.72387 0 0 0    0    0 0.07   0.151682                 49.8  -2.48912 -0.674755    79.307 -0.202773 0.0171614   4.52617 0 0 0    0    0 0.07   0.014314 -0.012841                49.8  1.76131 -1.39275   76.912 -0.151934 -0.352897   3.73358 0 0 0    0    0 0.07   0.135879 -0.                49.9  -2.48294 -0.682952   79.2861 -0.201585 0.0107049   4.52527 0 0 0    0    0 0.07 0.00772938 -0.028                49.9 1.77036 -1.3927 76.9554  -0.14585 -0.356819   3.73268 0 0 0    0    0 0.07     0.1214 -0.078994                  50  -2.51832 -0.733758   79.2872  -0.193812 0.00964327    4.52711 0 0 0    0    0 0.07  0.02100                  50 1.77204 -1.4174 76.8894 -0.143582  -0.37347    3.7431 0 0 0    0    0 0.07  0.101489 -0.118414 0.0583                50.1  -2.52028 -0.747692   79.2608  -0.198176 0.00501933     4.5239 0 0 0    0    0 0.07                50.1  1.77667 -1.42122  76.8607 -0.154871 -0.384444   3.74061 0 0 0    0    0 0.07 0.0495268 -0.129661 0.0285791  0.00133                50.2  -2.53977 -0.781379    79.274  -0.195463 0.00564544    4.52474 0 0 0                   50.2  1.76612 -1.45352  76.7723 -0.155048  -0.39839   3.74715 0 0 0    0    0 0.07 0.0409249 -0.149681 0.0430224  0.00134776 -0.00126                50.3  -2.53343 -0.779941   79.2688  -0.194747 0.00729651    4.52                50.3  1.76735 -1.45931  76.6775 -0.181446 -0.413806   3.74431 0 0 0    0    0 0.07 -0.0347217  -0.164043  0.0176442  0.00143196 -0.00125629  0.00                50.4  -2.50921 -0.740451   79.2743  -0.190768 0.0087357                50.4 1.72835 -1.4803 76.6523 -0.182387 -0.421368   3.74613 0 0 0    0    0 0.07 -0.0237578   -0.15537  0.0180841  0.00142408 -0.00129231  0.00108142                50.5  -2.49233 -0.726759   79.2823 -0.184226 0.01                50.5  1.72724 -1.48438  76.5665  -0.20247 -0.424071   3.74252 0 0 0    0    0 0.07  -0.0695499   -0.135022 -0.00132023 0.00147893 -0.0013355  0.0011                50.6  -2.48093 -0.691223   79.2845 -0.184772 0.01532                50.6  1.67748 -1.49881  76.6032 -0.200113 -0.419396   3.73879 0 0 0    0    0 0.07 -0.0409795 -0.0982245 -0.0155309  0.00146163 -0.00142065  0.00109823                50.7  -2.47319 -0.687234   79.2812 -0.184428 0.01                50.7  1.67693 -1.50101  76.5429 -0.214603 -0.420744   3.73697 0 0 0    0    0 0.07 -0.0668495 -0.0892397 -0.0160898  0.0014928 -0.0014509 0.00112602  -0.2                50.8  -2.47124 -0.660325   79.3134 -0.18204                50.8  1.66087 -1.50102  76.6031 -0.210859 -0.414853   3.73131 0 0 0    0    0 0.07 -0.0347962 -0.0648872 -0.0314403  0.00147028 -0.00151893  0.00109903  -0.246197                 50.9  -2.46997 -0.662178   79.2939 -0                50.9  1.66183 -1.50036  76.6219 -0.205035 -0.408934   3.73055 0 0 0    0    0 0.07 -0.00590851  -0.0490749  -0.0224395  0.00145225 -0.00157124  0.00108805  -0.2468                  51  -2.47516 -0.648177   79.3169 -0.18                  51 1.67043    -1.5 76.6294 -0.199259  -0.40098   3.72397 0 0 0    0    0 0.07  0.0148574 -0.0289258 -0.0394328  0.00144012 -0.00161785  0.00108765  -0.247761 -0.                51.1  -2.47283 -0.648552   79.3094                51.1  1.6713 -1.5008 76.6413      -0.2 -0.399666   3.72357 0 0 0    0    0 0.07  0.0127778 -0.0338455 -0.0267373  0.00144615 -0.00163409   0.0010777   -0.24828    -0.030                51.2  -2.47301 -0.635102   7                51.2  1.68618 -1.51459  76.6909 -0.195343 -0.394185   3.71791 0 0 0    0    0 0.07  0.0255301 -0.0255409 -0.0371047  0.00143977 -0.00165174  0.00105102  -0.249039 -0.0296156 0                51.3  -2.46698 -0.632659                 51.3  1.68865 -1.51293  76.6953  -0.19284 -0.393639   3.71793 0 0 0    0    0 0.07  0.0300558  -0.033979 -0.0235004  0.00145026 -0.00167019  0.00104987  -0.249439 -0.0295217 0.00521549                51.4  -2.46565 -                51.4  1.72051 -1.52295  76.5853 -0.191664 -0.397439   3.71294 0 0 0    0    0 0.07  0.0300106 -0.0514714  -0.031649   0.0014482 -0.00167147  0.00112861  -0.249582 -0.0297148 0.00562427 -0.19504                51.5  -                51.5  1.72638 -1.51893  76.6466 -0.182169 -0.390365   3.71548 0 0 0    0    0 0.07  0.0507387 -0.0355089 -0.0102965 0.00146292 -0.0016552 0.00109183  -0.250683 -0.0286187 0.00493156 -0.195589 -0.114354                            51.6  1.78598 -1.51542  76.5914 -0.180279  -0.39206    3.7133 0 0 0    0    0 0.07  0.0470841 -0.0464952 -0.0136989  0.00145903 -0.00164306  0.00111218  -0.251177 -0.0288903 0.00512058 -0.196016 -0.114434  -9.80637                  51.7  1.80029 -1.51162  76.6739 -0.158242 -0.386661   3.71571 0 0 0    0    0 0.07   0.100535 -0.0380249 0.00176179  0.00147472 -0.00163625  0.00107051   -0.25153 -0.0268407 0.00470645 -0.195799 -0.112872   -9.8064 
                51.8  1.84418 -1.51736  76.6104  -0.15886 -0.390912    3.7176 0 0 0    0    0 0.07  0.0762777 -0.0525164 0.00994232  0.00150143 -0.00162657  0.00109464  -0.252077 -0.0278981 0.00458277 -0.196436 -0.113518  -9.80638 
                51.9  1.84895 -1.51352  76.6585 -0.142552 -0.389095   3.71919 0 0 0    0    0 0.07   0.105764 -0.0504738  0.0131521   0.0015122 -0.00163369  0.00106843  -0.252461 -0.0269163 0.00452344 -0.196489 -0.112719  -9.80638 
                  52  1.85484 -1.50354  76.6009 -0.142967 -0.393885   3.72529 0 0 0    0    0 0.07  0.0813466 -0.0630852  0.0323403  0.00153701 -0.00162147  0.00109601   -0.25307  -0.027909 0.00403288 -0.197145  -0.11331  -9.80636 
                52.1  1.86035 -1.50254   76.617 -0.143911 -0.390138   3.72518 0 0 0    0    0 0.07  0.0627983 -0.0509775  0.0211195  0.00154697 -0.00162906  0.00108244  -0.254349 -0.0283442 0.00442753 -0.198179 -0.113316  -9.80634 
                52.2  1.84701 -1.51281  76.6313 -0.147165 -0.393763   3.73131 0 0 0    0    0 0.07  0.0424435 -0.0608064  0.0376765   0.0015557 -0.00161866  0.00106623  -0.255034 -0.0291788 0.00401662 -0.198855 -0.113768  -9.80632 
                52.3 1.85093 -1.5125 76.6269 -0.152411 -0.392876   3.73064 0 0 0    0    0 0.07  0.0235242 -0.0572361  0.0231084  0.00154648 -0.00162279  0.00106272 -0.256079 -0.029767 0.0045127 -0.199754 -0.113931   -9.8063 
                52.4 1.83129 -1.5283 76.6104 -0.157804 -0.396631   3.73506 0 0 0    0    0 0.07 0.00723843 -0.0664624  0.0313365  0.00154381 -0.00161389  0.00106646  -0.256772 -0.0304549 0.00428396 -0.200404 -0.114268  -9.80629 
                52.5  1.83551 -1.52705  76.5506 -0.177142 -0.398666   3.73548 0 0 0    0    0 0.07 -0.0401797 -0.0681653  0.0206641  0.00150108 -0.00160679  0.00111275  -0.258129 -0.0321144 0.00468246  -0.20177 -0.115122  -9.80625 
                52.6  1.78572 -1.53897   76.708 -0.179742 -0.396229   3.73867 0 0 0    0    0 0.07 -0.0340154  -0.058847   0.025148  0.00148967 -0.00159574  0.00102043  -0.259172  -0.031664 0.00455074 -0.202406 -0.114561  -9.80624 
                52.7  1.79112 -1.53747  76.6596 -0.199644 -0.391148    3.7389 0 0 0    0    0 0.07  -0.072647 -0.0446546  0.0173799  0.00142941 -0.00157645  0.00105852  -0.261109 -0.0328826 0.00493473 -0.204078 -0.114959   -9.8062 
                52.8  1.72882 -1.52137  76.7546 -0.199008 -0.384772   3.74117 0 0 0    0    0 0.07 -0.0485767  -0.031551  0.0207309  0.00143161 -0.00156793  0.00100703  -0.262016 -0.0316669 0.00485335 -0.204436 -0.113886  -9.80621 
                52.9  1.72798 -1.52119  76.6972 -0.220893 -0.385464    3.7418 0 0 0    0    0 0.07 -0.0901283  -0.038329  0.0155814  0.00141035 -0.00155808  0.00103293  -0.263132 -0.0332585 0.00511465 -0.205606 -0.114741  -9.80617 
                  53   1.6823 -1.50977  76.7716 -0.220291 -0.380776   3.74229 0 0 0    0    0 0.07 -0.0608676 -0.0306515  0.0117229   0.0014045 -0.00156214 0.000979857  -0.263652 -0.0319873 0.00522962 -0.205679 -0.113717  -9.80618 
                53.1  1.68535 -1.50883   76.753 -0.228448 -0.379817    3.7425 0 0 0    0    0 0.07 -0.0627436 -0.0338897 0.00768128  0.00138781 -0.00155941 0.000984737  -0.264204 -0.0320445 0.00534363 -0.206084 -0.113624  -9.80618 
                53.2  1.65562 -1.49523  76.8103 -0.223715 -0.375578   3.74239 0 0 0    0    0 0.07 -0.0299027 -0.0287503 0.00480893  0.00139271 -0.00156019 0.000943697  -0.264567 -0.0306698 0.00542983 -0.206019 -0.112569  -9.80619 
                53.3  1.66487 -1.48949  76.8555 -0.213881 -0.369825   3.74455 0 0 0    0    0 0.07 0.00580634 -0.0217024 0.00915592  0.00139739 -0.00154929 0.000913398  -0.264967 -0.0291501 0.00518589 -0.205939 -0.111416  -9.80621 
                53.4  1.69032 -1.48458  76.8854 -0.206293 -0.369766   3.74611 0 0 0    0    0 0.07  0.0302301 -0.0304401  0.0112052  0.00140065 -0.00153435 0.000894183  -0.264959 -0.0283565 0.00505853 -0.205744 -0.110867  -9.80622 
                53.5 1.70156 -1.4777 76.9133  -0.19413 -0.366918   3.74843 0 0 0    0    0 0.07  0.0571618 -0.0301634  0.0150204  0.00140607 -0.00152501 0.000877162  -0.265236 -0.0272796  0.0048935 -0.205682 -0.110054  -9.80623 
                53.6  1.71551 -1.47762  76.9211 -0.184276 -0.370716   3.75261 0 0 0    0    0 0.07  0.0743652 -0.0471888  0.0254092  0.00140182  -0.0015184 0.000872931  -0.265073 -0.0269095 0.00454845 -0.205475 -0.109845  -9.80623 
                53.7  1.72178 -1.47509    76.94 -0.178209 -0.370362   3.75221 0 0 0    0    0 0.07  0.0747381 -0.0468566  0.0154234  0.00140901 -0.00152441 0.000864601  -0.265622 -0.0268652 0.00482949 -0.205853 -0.109675  -9.80623 
                53.8   1.7256 -1.50062  76.9143 -0.168858  -0.37592   3.75652 0 0 0    0    0 0.07  0.0860301 -0.0631345  0.0290231  0.00140172 -0.00152348  0.00087267  -0.265566 -0.0267442 0.00455668 -0.205781 -0.109613  -9.80623 
                53.9  1.72944 -1.50611  76.8796 -0.177685 -0.385789   3.75499 0 0 0    0    0 0.07  0.0435256 -0.0845494  0.0137992  0.00142919 -0.00153126 0.000891864  -0.265874 -0.0281259 0.00496619 -0.206327 -0.110484  -9.80621 
                  54  1.72377 -1.54496   76.854 -0.172001   -0.3922   3.75628 0 0 0    0    0 0.07  0.0514693 -0.0934604  0.0146905   0.0014246 -0.00153403 0.000904071  -0.266068  -0.027968 0.00498834 -0.206424 -0.110328  -9.80621 
                54.1  1.72909 -1.54865  76.8257 -0.180125 -0.397243   3.75527 0 0 0    0    0 0.07  0.0197643 -0.0957956 0.00522711  0.00143928 -0.00155433 0.000921877  -0.266909 -0.0288608 0.00530598 -0.207221 -0.110731  -9.80619 
                54.2 1.72521 -1.5783 76.7808 -0.176559 -0.402006   3.75373 0 0 0    0    0 0.07   0.0272399  -0.0973718 -0.00410207  0.00143697 -0.00156584  0.00093835  -0.267341 -0.0285934 0.00556992 -0.207459 -0.110436  -9.80618 
                54.3  1.72945 -1.57784  76.7589 -0.180381 -0.405478   3.75354 0 0 0    0    0 0.07   0.0128742  -0.0941603 -0.00447744   0.0014516 -0.00158167 0.000943915  -0.268168 -0.0289527 0.00558256 -0.208111 -0.110483  -9.80617 
                54.4 1.73816 -1.5787 76.7354 -0.176934 -0.406302   3.75316 0 0 0    0    0 0.07   0.0225066  -0.0834152 -0.00584516  0.00144902 -0.00159277 0.000954608  -0.268888 -0.0285571 0.00557884 -0.208507  -0.11004  -9.80617 
                54.5  1.74556 -1.57368  76.7459 -0.175224 -0.398041   3.75497 0 0 0    0    0 0.07  0.0239876 -0.0529756 0.00147729   0.0014577 -0.00161595 0.000945384  -0.270229 -0.0281785 0.00541606 -0.209325 -0.109464  -9.80616 
                54.6  1.73407 -1.53893  76.8085 -0.170569 -0.400441   3.75637 0 0 0    0    0 0.07  0.0343097 -0.0587053 0.00571738  0.00145912 -0.00161924 0.000922261   -0.27046 -0.0279377 0.00528509 -0.209421  -0.10925  -9.80616 
                54.7  1.74287 -1.53497   76.825 -0.166701 -0.398989   3.75853 0 0 0    0    0 0.07  0.0387062 -0.0529639  0.0107278  0.00145868 -0.00160972 0.000915362  -0.271047 -0.0277345 0.00516896 -0.209766 -0.108973  -9.80615 
                54.8  1.73012 -1.52223  76.8416 -0.161366 -0.400241   3.76218 0 0 0    0    0 0.07  0.0465838 -0.0551603  0.0207264  0.00145659 -0.00161426 0.000905673  -0.271412 -0.0275329 0.00486028 -0.209957 -0.108759  -9.80615 
                54.9   1.7328 -1.52282  76.8067  -0.17686 -0.402876   3.76168 0 0 0    0    0 0.07 -0.00233256  -0.0600335   0.0112495  0.00147719 -0.00160464 0.000919985  -0.272352 -0.0290028 0.00522519 -0.21095  -0.1095 -9.80612 
                  55 1.70164 -1.5185 76.8398 -0.173724  -0.40583   3.76369 0 0 0    0    0 0.07  0.0110879 -0.0658272   0.015753   0.0014685 -0.00160711 0.000901966  -0.272573 -0.0286445 0.00511606 -0.211009 -0.109211  -9.80612 
                55.1  1.70601 -1.51765  76.8139 -0.185301 -0.406365   3.76404 0 0 0    0    0 0.07 -0.0203709 -0.0617056  0.0100787  0.00147473  -0.0015991 0.000917221  -0.273542 -0.0295019 0.00529471 -0.211867 -0.109538   -9.8061 
                55.2  1.68248 -1.50774   76.824 -0.182709 -0.407674   3.76504 0 0 0    0    0 0.07 -0.00466707  -0.0621009   0.0109546  0.00146901 -0.00160403 0.000906948  -0.273875 -0.0289766 0.00529156  -0.21196 -0.109108   -9.8061 
                55.3  1.69106 -1.50375  76.8194 -0.187553 -0.402942   3.76733 0 0 0    0    0 0.07  -0.013313 -0.0462823  0.0141804  0.00147735 -0.00161069 0.000904661  -0.275035 -0.0290622  0.0052069 -0.212749 -0.108882  -9.80609 
                55.4  1.68296 -1.48883  76.8204 -0.184125 -0.406225   3.76995 0 0 0    0    0 0.07  0.0043185 -0.0560921  0.0194564  0.00146881 -0.00159792 0.000900739  -0.275051  -0.028606 0.00504265 -0.212646 -0.108583  -9.80609 
                55.5  1.68972 -1.48216  76.8617 -0.180458 -0.396602   3.77089 0 0 0    0    0 0.07  0.0155891 -0.0288185  0.0148588  0.00147122 -0.00162456 0.000872961  -0.276298 -0.0279514 0.00515434  -0.21331 -0.107841  -9.80609 
                55.6  1.68511 -1.46005  76.9061 -0.175798 -0.400314    3.7752 0 0 0    0    0 0.07  0.0283293 -0.0442848  0.0257206  0.00146528 -0.00161174 0.000849244  -0.276196 -0.0277089 0.00482203 -0.213178 -0.107718  -9.80609 
                55.7  1.69505 -1.45711  76.9305 -0.168772 -0.400319   3.77619 0 0 0    0    0 0.07  0.0434127 -0.0450384  0.0183833   0.0014585 -0.00161441 0.000830948  -0.276474 -0.0272661 0.00495303 -0.213254 -0.107355  -9.80609 
                55.8  1.6934 -1.4581 76.8142 -0.167558 -0.410235    3.7811 0 0 0    0    0 0.07  0.0396078 -0.0724328  0.0286733  0.00147155 -0.00159313 0.000870908  -0.276182 -0.0276811 0.00454659 -0.213158  -0.10771  -9.80609 
                55.9  1.6988 -1.4593 76.8106 -0.168441    -0.416   3.78026 0 0 0    0    0 0.07  0.0304777 -0.0799109  0.0137172  0.00149044  -0.0015983 0.000872667  -0.276497 -0.0280295 0.00493846 -0.213455 -0.107847  -9.80608 
                  56  1.71286 -1.49812  76.7861 -0.163567 -0.419643   3.78341 0 0 0    0    0 0.07   0.039658 -0.0815478  0.0178294  0.00148425 -0.00159763 0.000889185  -0.276915 -0.0277706 0.00470007  -0.21366 -0.107583  -9.80608 
                56.1  1.71542 -1.50095  76.7492 -0.170578 -0.428852   3.78185 0 0 0    0    0 0.07  0.0162487 -0.0963401 0.00501594  0.00148854 -0.00162138 0.000916311  -0.277238 -0.0287199 0.00511685 -0.214109 -0.108103  -9.80607 
                56.2  1.72106 -1.53907  76.6796 -0.169372 -0.432321   3.78227 0 0 0    0    0 0.07  0.0178679 -0.0938575 0.00334402  0.00147444  -0.0016128 0.000967721  -0.277984 -0.0286108 0.00514473 -0.214565 -0.107846  -9.80606 
                56.3  1.72522 -1.54029  76.6477 -0.178373 -0.435365   3.78233 0 0 0    0    0 0.07 -0.00669983  -0.0903637  0.00109035  0.00144843 -0.00161956 0.000973522  -0.279147 -0.0295008  0.0052671 -0.215537 -0.108124  -9.80604 
                56.4  1.72202 -1.56792  76.6156 -0.177531 -0.434758   3.78134 0 0 0    0    0 0.07 -0.00055371  -0.0775326 -0.00452898  0.00143826 -0.00161459 0.000982444  -0.280182 -0.0290814 0.00542568  -0.2161 -0.10759 -9.80603 
                56.5  1.72338 -1.56826  76.6074 -0.184118 -0.430102   3.78044 0 0 0    0    0 0.07  -0.0162727  -0.0572655 -0.00669929   0.0014384 -0.00162784 0.000976938  -0.281637 -0.0293443 0.00551798 -0.217099  -0.10739  -9.80601 
                56.6  1.71021 -1.58773  76.6697 -0.181047 -0.423085   3.77786 0 0 0    0    0 0.07 -0.00127016  -0.0347447  -0.0155483  0.00143614 -0.00165372 0.000946791  -0.282664 -0.0286086 0.00571499 -0.217572 -0.106656  -9.80601 
                56.7  1.70936 -1.58925  76.6605 -0.189444 -0.421163   3.77655 0 0 0    0    0 0.07 -0.0203854 -0.0332037 -0.0154736  0.00145018 -0.00167782 0.000951027  -0.283357 -0.0291096 0.00572781 -0.218139 -0.106797  -9.80599 
                56.8   1.699 -1.6125 76.6929 -0.187569 -0.410297   3.77156 0 0 0    0    0 0.07 -0.00869477 -0.00704966  -0.0310755  0.00144741 -0.00171899 0.000937248  -0.284433 -0.0284897 0.00613187  -0.21867 -0.106119  -9.80599 
                56.9  1.69976 -1.61134  76.6789 -0.194491 -0.412023   3.77178 0 0 0    0    0 0.07 -0.0209284 -0.0223224 -0.0203875  0.00145865 -0.00172015 0.000944174  -0.284594 -0.0289612 0.00582889 -0.218885 -0.106385  -9.80598 
                  57  1.70231 -1.60338  76.7399 -0.193792 -0.403048   3.76606 0 0 0    0    0 0.07  -0.0126662 -0.00334985  -0.0371867  0.00145999 -0.00175189 0.000921481  -0.285496 -0.0284947  0.0062769  -0.21934 -0.105849  -9.80598 
                57.1  1.70416 -1.59965  76.7665  -0.19525 -0.393955   3.76713 0 0 0    0    0 0.07  -0.010203 0.00860406 -0.0205596  0.00145936  -0.0017593 0.000915418  -0.286316 -0.0283167 0.00585444 -0.219803 -0.105542  -9.80597 
                57.2   1.6998 -1.57609  76.8542 -0.192221 -0.385572    3.7629 0 0 0    0    0 0.07 0.00375082  0.0171795 -0.0275641  0.00145421 -0.00176731 0.000868706  -0.286895 -0.0278202 0.00614913 -0.220043 -0.105077  -9.80597 
                57.3  1.70436 -1.57204  76.8669 -0.191444 -0.379879   3.76455 0 0 0    0    0 0.07 0.00893745  0.0150804 -0.0104945  0.00145199 -0.00175629 0.000862371  -0.287305 -0.0277093 0.00569041 -0.220264 -0.104918  -9.80597 
                57.4  1.70521 -1.55538  76.9235 -0.191634 -0.377491   3.76331 0 0 0    0    0 0.07   0.0102133  0.00509201 -0.00790955  0.00145111 -0.00175203 0.000834852  -0.287494 -0.0277917 0.00575003 -0.220404 -0.104919  -9.80596 
                57.5  1.70844 -1.55275  76.9007 -0.202334 -0.377207   3.76423 0 0 0    0    0 0.07  -0.0172959 -0.00634814 0.000458446  0.00146213 -0.00173588 0.000843637  -0.287909 -0.0287575 0.00564329 -0.220903 -0.105416  -9.80595 
                57.6  1.68317 -1.53327  76.9204 -0.202361 -0.376798   3.76303 0 0 0    0    0 0.07 -0.00953159  -0.0157209 -0.00304056  0.00145638 -0.00173279 0.000827193  -0.288001  -0.028584 0.00580173 -0.220919  -0.10528  -9.80595 
                57.7  1.68855 -1.52742  76.9248 -0.207229  -0.37251    3.7644 0 0 0    0    0 0.07 -0.0169549 -0.0122724 0.00351002  0.00145452 -0.00172432 0.000818055  -0.288682 -0.0287733  0.0056653 -0.221386 -0.105229  -9.80594 
                57.8  1.67885 -1.50837  76.9693 -0.206214 -0.373304    3.7643 0 0 0    0    0 0.07 -0.00609694  -0.0228353  0.00292297  0.00145269 -0.00172013  0.00079375  -0.288687  -0.028519 0.00572212 -0.221326 -0.105069  -9.80594 
                57.9  1.68663 -1.50471  76.9851 -0.197519 -0.372068   3.76518 0 0 0    0    0 0.07  0.0212468 -0.0263808 0.00595781  0.00144673 -0.00171907 0.000781188  -0.288765 -0.0276489 0.00563604 -0.221154 -0.104519  -9.80595 
                  58  1.70787 -1.51047  76.9594 -0.196489 -0.375246   3.76623 0 0 0    0    0 0.07  0.0219357 -0.0392026 0.00636882  0.00144841 -0.00170971 0.000790482   -0.28882 -0.0277643 0.00557631 -0.221216 -0.104577  -9.80595 
                58.1 1.71234 -1.5081  76.978 -0.188763 -0.374559   3.76615 0 0 0    0    0 0.07  0.0406591 -0.0396781 0.00292493  0.00144855 -0.00171765 0.000778808    -0.2891  -0.027206 0.00563536 -0.221247 -0.104164  -9.80595 
                58.2   1.7294 -1.51605  76.9002 -0.187529 -0.378416   3.76779 0 0 0    0    0 0.07  0.0370553 -0.0505672 0.00719595  0.00145605 -0.00171087 0.000813434  -0.289282 -0.0274589 0.00548435  -0.22142 -0.104276  -9.80595 
                58.3 1.73444  -1.515 76.9022 -0.190479 -0.378694   3.76831 0 0 0    0    0 0.07  0.0237817 -0.0489653 0.00494453  0.00146363 -0.00170917 0.000811201  -0.289917 -0.0278928 0.00553744 -0.221917 -0.104376  -9.80593 
                58.4  1.72549 -1.51814   76.915 -0.190182 -0.381603   3.76942 0 0 0    0    0 0.07  0.0212511 -0.0556066 0.00591557  0.00146296 -0.00170146 0.000801656  -0.290243  -0.028041 0.00545988 -0.222151 -0.104385  -9.80593 
                58.5  1.72888 -1.51711   76.897 -0.200026 -0.380694   3.76993 0 0 0    0    0 0.07 -0.00645453  -0.0500629  0.00333758  0.00145971 -0.00170026 0.000807929  -0.291247  -0.028926 0.00554013 -0.222982  -0.10466  -9.80591 
                58.6  1.72587 -1.52661  76.8711  -0.20139 -0.382241    3.7715 0 0 0    0    0 0.07 -0.00543187  -0.0513571   0.0080227  0.00146151 -0.00169612 0.000817347  -0.291671 -0.0289246 0.00539436 -0.223235 -0.104556   -9.8059 
                58.7  1.72963 -1.52659  76.8567 -0.205255 -0.381389   3.77132 0 0 0    0    0 0.07 -0.0113815 -0.0466958 0.00249093   0.0014652 -0.00170929 0.000821679  -0.292335 -0.0290763   0.005514 -0.223674 -0.104474  -9.80589 
                58.8 1.73513 -1.5533  76.817  -0.20587 -0.381529   3.77166 0 0 0    0    0 0.07 -0.00658048  -0.0455447  0.00138316  0.00146597   -0.001717 0.000841894  -0.292781 -0.0289451 0.00550446 -0.223908 -0.104281  -9.80589 
                58.9  1.73666 -1.55612  76.8048 -0.21138 -0.38205  3.77077 0 0 0    0    0 0.07  -0.0158695  -0.0471885 -0.00360197  0.00147181 -0.00173362 0.000843639   -0.29329  -0.029249 0.00562987  -0.22429 -0.104328  -9.80588 
                  59  1.74447 -1.58218  76.8557 -0.211801 -0.379762   3.76963 0 0 0    0    0 0.07  -0.0113199  -0.0397382 -0.00840483  0.00147281 -0.00174765 0.000821252  -0.293905 -0.0290151 0.00572879 -0.224597 -0.104028  -9.80588 
                59.1  1.74693 -1.58014  76.8538 -0.207786 -0.377554    3.7687 0 0 0    0    0 0.07 0.00572954 -0.0354674 -0.0102957  0.00146679 -0.00176866 0.000818526  -0.294296 -0.0285211 0.00572516 -0.224702 -0.103637  -9.80588 
                59.2  1.75406 -1.58424  76.8744  -0.20695 -0.374615   3.76699 0 0 0    0    0 0.07 0.00900804 -0.0284126  -0.014794  0.00146388 -0.00177397 0.000801253  -0.294831 -0.0283879 0.00579798 -0.224984 -0.103418  -9.80587 
                59.3  1.75718 -1.57984  76.8699 -0.211615 -0.368117   3.76679 0 0 0    0    0 0.07 -0.00242227  -0.0151109  -0.0126816  0.00146904 -0.00178007 0.000797109  -0.295665 -0.0286093  0.0057213  -0.22553 -0.103335  -9.80586 
                59.4  1.73523 -1.56497  76.8996  -0.21194 -0.367609   3.76475 0 0 0    0    0 0.07 0.000653144  -0.0211599  -0.0181094  0.00145944 -0.00177167 0.000774111  -0.295891 -0.0285872 0.00581881 -0.225657 -0.103261  -9.80586 
                59.5  1.73884 -1.56233  76.8802 -0.228225 -0.359472   3.76489 0 0 0    0    0 0.07  -0.0383352 -0.00483792  -0.0150856    0.001419 -0.00173875  0.00078794  -0.297251 -0.0296847 0.00568305 -0.226731 -0.103553  -9.80583 
                59.6  1.69981 -1.53678  76.9655 -0.230025 -0.358658   3.76215 0 0 0    0    0 0.07 -0.0301857 -0.0130056 -0.0213197  0.00142073 -0.00173222 0.000723439  -0.297354  -0.029475 0.00586076 -0.226739   -0.1034  -9.80583 
                59.7 1.70306 -1.5357 76.9524 -0.234986 -0.357692   3.76169 0 0 0    0    0 0.07 -0.0323052 -0.0186495 -0.0167453  0.00140993  -0.0017205 0.000724661   -0.29771 -0.0296137 0.00564126 -0.226979 -0.103395  -9.80583 
                59.8  1.69618 -1.52453  76.9638 -0.234442 -0.358771   3.75845 0 0 0    0    0 0.07 -0.0189495 -0.0281424 -0.0240387  0.00141065  -0.0017161 0.000719253  -0.297706 -0.0292425 0.00580234 -0.226883 -0.103177  -9.80583 
                59.9  1.69953 -1.52426  76.9718 -0.232951 -0.359937     3.758 0 0 0    0    0 0.07 -0.00653549  -0.0357007  -0.0166825  0.00140587 -0.00171102 0.000715051   -0.29782 -0.0289327 0.00561683 -0.226868 -0.102974  -9.80584 
                  60   1.7024 -1.51802  76.9549 -0.230915 -0.362651   3.75446 0 0 0    0    0 0.07 0.00457193 -0.0443006 -0.0230432  0.00140032 -0.00170964 0.000723178   -0.29786 -0.0286942 0.00582684 -0.226832 -0.102821  -9.80584 
                60.1 1.70871 -1.5158 76.9802  -0.22088 -0.361196   3.75417 0 0 0    0    0 0.07  0.0328519 -0.0400263 -0.0139124  0.00138883 -0.00171011 0.000711061  -0.298138 -0.0278645 0.00562494 -0.226778  -0.10228  -9.80584 
                60.2  1.72525 -1.50468  76.9295  -0.21685 -0.365202   3.75257 0 0 0    0    0 0.07  0.0380986 -0.0509395 -0.0126297  0.00138833 -0.00170565 0.000728417  -0.298165 -0.0278056 0.00566169 -0.226779 -0.102238  -9.80585 
                60.3  1.73118 -1.50366  76.9829 -0.203778  -0.36106   3.75289 0 0 0    0    0 0.07   0.0659935  -0.0383381 -0.00405307  0.00137841 -0.00172375 0.000704983  -0.298684 -0.0269838 0.00551022 -0.226863 -0.101641  -9.80585 
                60.4  1.74533 -1.51793  76.9617 -0.202752 -0.365655   3.75172 0 0 0    0    0 0.07   0.0532581  -0.0505209 -0.00502466  0.00139409 -0.00172074 0.000714111  -0.298823 -0.0274262 0.00563252 -0.227057 -0.101852  -9.80584 
                60.5  1.75131 -1.51904  76.9536 -0.197139 -0.368817   3.75092 0 0 0    0    0 0.07   0.0588047  -0.0565286 -0.00337937  0.00140467 -0.00173744 0.000721199  -0.298995  -0.027383 0.00567449 -0.227143 -0.101782  -9.80584 
                60.6  1.77428 -1.53988  76.8098 -0.200493 -0.380401   3.74946 0 0 0    0    0 0.07  0.0374161  -0.081954 -0.0049098  0.00142115 -0.00171857 0.000781775  -0.298821 -0.0282203 0.00588713 -0.227262 -0.102292  -9.80583 
                60.7  1.77588 -1.54049  76.8169 -0.200641 -0.382769   3.74895 0 0 0    0    0 0.07   0.0304358  -0.0770422 -0.00249126  0.00143676 -0.00173096 0.000778167  -0.299426 -0.0284225 0.00593863 -0.227654 -0.102247  -9.80582 
                60.8  1.78985 -1.54122  76.7418 -0.202413 -0.388538   3.74814 0 0 0    0    0 0.07   0.0202818  -0.0823377 -0.00250558  0.00145001 -0.00172599 0.000812859  -0.299781  -0.028791 0.00605277 -0.227949 -0.102358  -9.80582 
                60.9  1.79327 -1.53972  76.7544 -0.201897 -0.386317   3.74875 0 0 0    0    0 0.07  0.0192612 -0.0652009 0.00295805  0.00146411 -0.00175097 0.000802257  -0.300679  -0.028733 0.00601093 -0.228434 -0.102093  -9.80581 
                  61 1.78805 -1.5278 76.8213  -0.20122 -0.384198   3.74951 0 0 0    0    0 0.07  0.0175383 -0.0496604 0.00579604  0.00148069 -0.00177839 0.000767857   -0.30144 -0.0286938 0.00599782 -0.228845 -0.101874   -9.8058 
                61.1  1.79233 -1.52481  76.8112 -0.205954 -0.381798   3.75002 0 0 0    0    0 0.07 0.00297662  -0.040514 0.00690233  0.00150869 -0.00179463 0.000768441  -0.302137 -0.0290243 0.00604917 -0.229316 -0.101872  -9.80579 
                61.2  1.77018 -1.52057  76.8687 -0.205497 -0.377552   3.75118 0 0 0    0    0 0.07 0.00508149 -0.0265433 0.00964149  0.00151906 -0.00183407 0.000740494  -0.302801 -0.0289009 0.00602515 -0.229647 -0.101632  -9.80578 
                61.3  1.77287 -1.52093  76.8169 -0.226941 -0.380391   3.75216 0 0 0    0    0 0.07 -0.0510151 -0.0347125 0.00913581  0.00158687 -0.00181484 0.000761137  -0.303278 -0.0303797 0.00610404 -0.230293 -0.102311  -9.80576 
                61.4  1.74086 -1.51683  76.8701 -0.227992 -0.374847   3.75199 0 0 0    0    0 0.07 -0.0381758 -0.0200477  0.0044418  0.00156829 -0.00183701 0.000732771   -0.30391 -0.0299574 0.00623792 -0.230529 -0.101914  -9.80576 
                61.5  1.74553 -1.51693  76.8132 -0.246815 -0.376471   3.75198 0 0 0    0    0 0.07 -0.0746739 -0.0275682 0.00221586  0.00158337 -0.00182039 0.000750779   -0.30432 -0.0310268 0.00634468  -0.23103 -0.102383  -9.80574 
                61.6 1.71009 -1.5005 76.8846 -0.245691 -0.370623   3.75187 0 0 0    0    0 0.07 -0.0488989 -0.0140862 0.00194511  0.00156701 -0.00183568 0.000715552  -0.304813 -0.0302545 0.00637113 -0.231098 -0.101837  -9.80575 
                61.7  1.71521 -1.49793  76.8573 -0.250969 -0.368741   3.75255 0 0 0    0    0 0.07 -0.0471236 -0.0156037 0.00409429  0.00155541 -0.00182655 0.000725625  -0.305101 -0.0302398 0.00634188 -0.231249 -0.101755  -9.80575 
                61.8  1.68481 -1.47566  76.9322 -0.244289 -0.360645   3.75326 0 0 0    0    0 0.07   -0.0129796 -0.000145937   0.00647979  0.00155306 -0.00183141 0.000690294    -0.3056 -0.0292557 0.00628434 -0.231262 -0.101099  -9.80575 
                61.9  1.68975 -1.47645  76.8878 -0.249387 -0.367965   3.75292 0 0 0    0    0 0.07 -0.0205579  -0.029792 0.00516518   0.0015456 -0.00183009 0.000707667  -0.305204 -0.0296182 0.00637947 -0.231144 -0.101394  -9.80575 
                  62  1.67471 -1.49265  76.9326 -0.238985 -0.361145   3.75267 0 0 0    0    0 0.07  0.0177503 -0.0131504 0.00470714 0.00154352  -0.001832 0.00069114  -0.305661 -0.0286189  0.0064382 -0.231131 -0.100742  -9.80576 
                62.1  1.67542 -1.49345   76.911  -0.24609 -0.364991   3.75188 0 0 0    0    0 0.07 -0.00412728  -0.0286727  0.00154517  0.00154803 -0.00184476 0.000699291  -0.305681 -0.0292057 0.00655899 -0.231294 -0.101044  -9.80575 
                62.2  1.68324 -1.53735  76.9091 -0.237214  -0.36112   3.74872 0 0 0    0    0 0.07  0.0250677 -0.0209073 -0.0104453   0.0015265  -0.0018656 0.000699566 -0.305957 -0.028531 0.0068459 -0.231268  -0.10061  -9.80576 
                62.3  1.68617 -1.54277   76.873 -0.247064 -0.365567   3.74883 0 0 0    0    0 0.07 -0.00559518  -0.0363533 -0.00443915  0.00155361 -0.00187466 0.000712505  -0.306056 -0.0292825 0.00680385 -0.231514 -0.100979  -9.80575 
                62.4  1.65976 -1.55779  76.8156  -0.24369 -0.368171   3.74451 0 0 0    0    0 0.07 0.00686205 -0.0444629 -0.0175585  0.00153389 -0.00188616 0.000733939  -0.306059 -0.0290152 0.00721098 -0.231449 -0.100828  -9.80575 
                62.5  1.66665 -1.56039  76.7397 -0.260483 -0.378527   3.74559 0 0 0    0    0 0.07  -0.0374671  -0.0685472 -0.00663229  0.00156644 -0.00185989 0.000763933  -0.306055 -0.0301732 0.00702838 -0.231745 -0.101435  -9.80574 
                62.6  1.59289 -1.55768  76.8114 -0.255881  -0.37587   3.74051 0 0 0    0    0 0.07  -0.01433 -0.052518 -0.022702  0.00155054 -0.00190743 0.000712829  -0.306587 -0.0294509 0.00753257 -0.231837  -0.10091  -9.80574 
                62.7  1.59377 -1.55859  76.7618 -0.269149 -0.376867   3.74088 0 0 0    0    0 0.07 -0.0449757  -0.049656 -0.0144927  0.00156551 -0.00190919 0.000721085  -0.307197 -0.0302406 0.00732788 -0.232355 -0.101163  -9.80573 
                62.8  1.56304 -1.53692  76.8007 -0.263447 -0.372475    3.7366 0 0 0    0    0 0.07 -0.0158699 -0.0337248 -0.0264326  0.00154932 -0.00193989 0.000699013  -0.307729 -0.0293136 0.00761779  -0.23239 -0.100541  -9.80573 
                62.9  1.57065 -1.53193  76.8108 -0.265544 -0.366926   3.74005 0 0 0    0    0 0.07  -0.0161334  -0.0197931 -0.00793578  0.00153998 -0.00194537 0.000694186  -0.308482 -0.0292298 0.00705755  -0.23275 -0.100318  -9.80573 
                  63  1.58424 -1.51444  76.8106 -0.254617 -0.358409   3.73792 0 0 0    0    0 0.07   0.0190457 -0.00242598  -0.0151607  0.00152906 -0.00197001 0.000694774  -0.309091 -0.0280325 0.00718446   -0.23275 -0.0995468   -9.80573 
                63.1  1.59863 -1.51048  76.8598 -0.244392 -0.357134   3.74091 0 0 0    0    0 0.07   0.0419077 -0.00885715 -0.00323671  0.00154613 -0.00197723 0.000654285  -0.309087  -0.027305 0.00653704  -0.232556 -0.0991968   -9.80574 
                63.2 1.67298 -1.5446 76.8741 -0.233418 -0.351404   3.74057 0 0 0    0    0 0.07   0.0623854 -0.00245892 -0.00553068  0.00153813 -0.00196647 0.000639707  -0.309596 -0.0265544 0.00649156  -0.232619 -0.0986857   -9.80574 
                63.3  1.68642 -1.54101   76.943 -0.216675 -0.351345   3.74282 0 0 0    0    0 0.07  0.0943964 -0.0128973 0.00239756  0.00156031  -0.0019747 0.000596542  -0.309432 -0.0256163 0.00609819   -0.23229 -0.0982658   -9.80576 
                63.4  1.74014 -1.56183  76.8598 -0.212089 -0.356473   3.74422 0 0 0    0    0 0.07  0.0859246 -0.0331005 0.00346884  0.00156903 -0.00196074 0.000648238  -0.309274 -0.0261283 0.00595165  -0.232342 -0.0985683   -9.80575 
                63.5  1.74698 -1.55697  76.9467 -0.187323 -0.354966   3.74438 0 0 0    0    0 0.07     0.131584   -0.0327752 -0.000651846  0.00160615 -0.00196371 0.000586913   -0.30938 -0.0247149 0.00589425  -0.232029 -0.0978322   -9.80577 
                63.6  1.79637 -1.56572  76.8653 -0.182543 -0.360579    3.7479 0 0 0    0    0 0.07   0.114109 -0.0480598  0.0104803  0.00160452 -0.00194409 0.000644982   -0.30947 -0.0255435 0.00537815  -0.232283 -0.0982372   -9.80576 
                63.7  1.80165 -1.56364  76.9443 -0.170363 -0.357591   3.74829 0 0 0    0    0 0.07   0.120226 -0.0381149 0.00532477  0.00160987 -0.00193316 0.000611141  -0.310207 -0.0253655 0.00545958  -0.232608 -0.0979547   -9.80575 
                63.8   1.7957 -1.54729  76.9119 -0.173996  -0.36822     3.754 0 0 0    0    0 0.07  0.0824517 -0.0643572  0.0241145  0.00162621 -0.00190351 0.000641857  -0.310068 -0.0269451 0.00481025  -0.232939 -0.0987941   -9.80574 
                63.9 1.80099 -1.5421 76.9718 -0.167678 -0.363316   3.75415 0 0 0    0    0 0.07  0.0802812 -0.0445954  0.0153111  0.00163204  -0.0018845 0.000609962  -0.311161 -0.0269401 0.00510315  -0.233486 -0.0985007   -9.80573 
                  64  1.78907 -1.52444  77.0593 -0.169674 -0.367764   3.76034 0 0 0    0    0 0.07  0.0557087 -0.0517455  0.0329102  0.00165723 -0.00185873 0.000561263  -0.311503 -0.0278881   0.004526  -0.233895 -0.0988959   -9.80571 
                64.1  1.79283 -1.52176  77.0992 -0.165372 -0.362996   3.76029 0 0 0    0    0 0.07  0.0545976 -0.0341466  0.0228589  0.00166557 -0.00184708 0.000540003  -0.312403 -0.0278428 0.00492849  -0.234334 -0.0986302    -9.8057 
                64.2  1.77303 -1.50293  77.1729  -0.17545 -0.366883     3.769 0 0 0    0    0 0.07  0.0115625 -0.0414372  0.0495519  0.00171563 -0.00183277 0.000514277  -0.312799 -0.0291844 0.00427612  -0.234867 -0.0992054   -9.80569 
                64.3  1.77738 -1.50212  77.1777  -0.18128 -0.364941   3.76839 0 0 0    0    0 0.07 -0.00486425  -0.0332885   0.0304111  0.00173058 -0.00182536  0.00051171  -0.313386 -0.0296109 0.00479694  -0.235271 -0.0992511   -9.80568 
                64.4  1.75602 -1.50589  77.2261 -0.189428 -0.368406   3.77509 0 0 0    0    0 0.07 -0.0243009 -0.0412704  0.0443837  0.00174101 -0.00180721  0.00047792  -0.313588 -0.0301987 0.00443012  -0.235517 -0.0994966   -9.80567 
                64.5   1.7583 -1.50612  77.1862 -0.203585 -0.373286   3.77387 0 0 0    0    0 0.07 -0.0516222 -0.0508039  0.0260215  0.00174925 -0.00179545 0.000493072  -0.313755 -0.0310209 0.00502145 -0.235814 -0.099842  -9.80566 
                64.6  1.73878 -1.51348   77.154 -0.211694 -0.378264   3.77884 0 0 0    0    0 0.07 -0.0567628 -0.0593908  0.0366349  0.00175127 -0.00178929 0.000503466  -0.313883 -0.0312597 0.00475424  -0.235935 -0.0999321   -9.80565 
                64.7  1.74115 -1.51342   77.091 -0.235306 -0.382708   3.77839 0 0 0    0    0 0.07  -0.102481 -0.0620684  0.0226979  0.00179553 -0.00177971 0.000526221  -0.314353  -0.032524 0.00523941  -0.23649 -0.100415  -9.80563 
                64.8   1.7149 -1.51576  77.1239 -0.244706 -0.385992   3.78123 0 0 0    0    0 0.07 -0.0983166 -0.0627728   0.025313   0.0017897 -0.00176781 0.000499423  -0.314603 -0.0324327 0.00518479 -0.236587 -0.100309  -9.80563 
                64.9  1.71986 -1.51412   77.109 -0.249114 -0.387837   3.78117 0 0 0    0    0 0.07 -0.0818342 -0.0606951  0.0172382   0.0017691 -0.00177249 0.000505176  -0.314849  -0.031996 0.00542425 -0.236597 -0.100029  -9.80564 
                  65  1.71274 -1.51596  77.1561 -0.252969 -0.389293   3.78426 0 0 0    0    0 0.07 -0.0679253 -0.0581295  0.0240349  0.00176972 -0.00177274 0.000473789  -0.315179 -0.0316061 0.00524163  -0.236656 -0.0997623   -9.80564 
                65.1  1.71665 -1.51573  77.1678  -0.24546 -0.392778   3.78276 0 0 0    0    0 0.07 -0.0285414 -0.0629767  0.0130143   0.0017475 -0.00177428 0.000470036  -0.315081  -0.030469 0.00564504  -0.236323 -0.0992332   -9.80565 
                65.2  1.71915 -1.52255  77.1523 -0.244455 -0.397818   3.78522 0 0 0    0    0 0.07 -0.0154886 -0.0695064   0.018724  0.00175241 -0.00176469 0.000483816   -0.31515 -0.0301187 0.00545147  -0.236266 -0.0990531   -9.80565 
                65.3  1.72165 -1.52244  77.1558 -0.235924 -0.402565   3.78378 0 0 0    0    0 0.07  0.0124291 -0.0751095 0.00968754  0.00175826 -0.00176784 0.000483716  -0.315132 -0.0292142 0.00586606  -0.236031 -0.0986169   -9.80566 
                65.4  1.72891 -1.53925  77.1121 -0.232088 -0.407624   3.78608 0 0 0    0    0 0.07  0.0218205 -0.0784637  0.0149848  0.00175705 -0.00176213 0.000508339  -0.315376 -0.0289342 0.00563097  -0.236074 -0.0984275   -9.80566 
                65.5  1.73286 -1.53937  77.0926  -0.23621 -0.412507   3.78502 0 0 0    0    0 0.07 0.00805897 -0.0802325 0.00540736  0.00173427 -0.00176018 0.000521351  -0.315873  -0.029502 0.00603019  -0.236457 -0.0985602   -9.80565 
                65.6  1.72469 -1.54237  77.0651 -0.228729 -0.414483   3.78572 0 0 0    0    0 0.07   0.027978  -0.073909 0.00586718  0.00171401 -0.00174942 0.000536458  -0.316363 -0.0287579 0.00599078  -0.236501 -0.0980849   -9.80566 
                65.7 1.73021 -1.5442 77.0146 -0.243805 -0.419566   3.78573 0 0 0    0    0 0.07 -0.0166672 -0.0743368 0.00361401   0.0016816  -0.0017346 0.000561962  -0.317025 -0.0303603 0.00614584  -0.237222 -0.0986668   -9.80563 
                65.8  1.70076 -1.53126  76.9867 -0.237378 -0.420265   3.78636 0 0 0    0    0 0.07 0.00690325 -0.0658126 0.00566503  0.00165768 -0.00171854 0.000589554  -0.317511 -0.0295297 0.00610189  -0.237239 -0.0981547   -9.80564 
                65.9  1.70586 -1.52695  77.0108 -0.239465 -0.411032    3.7871 0 0 0    0    0 0.07 -0.000361094   -0.0337619   0.00580786   0.0016255 -0.00169461 0.000577891   -0.31896 -0.0295508 0.00613301  -0.237925 -0.0977932   -9.80563 
                  66 1.69032 -1.5254 77.1274 -0.231051 -0.407562   3.78768 0 0 0    0    0 0.07  0.0237465 -0.0249097 0.00598996  0.00161851 -0.00168389  0.00052823  -0.319437 -0.0286854 0.00610927  -0.237928 -0.0972695   -9.80563 
                66.1  1.69666 -1.52393  77.1671 -0.229409 -0.405948   3.78838 0 0 0    0    0 0.07  0.0235816 -0.0221944 0.00652765  0.00161093 -0.00168238 0.000516692   -0.31984 -0.0287027 0.00611558   -0.23812 -0.0971742   -9.80563 
                66.2  1.67638 -1.51846  77.1931 -0.216543 -0.401029   3.78995 0 0 0    0    0 0.07  0.0561363 -0.0124106  0.0107492  0.00159279 -0.00169957 0.000512433  -0.320248 -0.0277775 0.00600168  -0.238073 -0.0966458   -9.80563 
                66.3  1.68016 -1.52023  77.1924 -0.221117 -0.407123   3.78951 0 0 0    0    0 0.07  0.0309764 -0.0326556 0.00617918  0.00160223 -0.00169309 0.000517328  -0.320092 -0.0285631  0.0061577  -0.238201 -0.0970435   -9.80563 
                66.4  1.66252 -1.52649  77.1847 -0.208862 -0.404805   3.78893 0 0 0    0    0 0.07  0.0585493 -0.0267634 0.00169638  0.00158635 -0.00171622 0.000532847  -0.320365 -0.0278415 0.00626771  -0.238145 -0.0966403   -9.80563 
                66.5  1.66859 -1.52768  77.1815 -0.212973 -0.407736   3.78964 0 0 0    0    0 0.07  0.0346113 -0.0351393 0.00276632  0.00158881  -0.0017217 0.000534675  -0.320549   -0.02854 0.00625306  -0.238406 -0.0969141   -9.80562 
                66.6  1.66373 -1.53947  77.1358 -0.202569 -0.405935    3.7891 0 0 0    0    0 0.07    0.0540601   -0.0315125 -0.000887219  0.00158345 -0.00173154 0.000560937  -0.320869 -0.0279144 0.00634806  -0.238395 -0.0965453   -9.80563 
                66.7  1.66949 -1.53945  77.1375 -0.203662 -0.406917   3.78919 0 0 0    0    0 0.07   0.0379396  -0.0344766 -0.00167963  0.00157998 -0.00174214 0.000559235  -0.321222 -0.0284257 0.00636365  -0.238686 -0.0966885   -9.80562 
                66.8  1.66372 -1.55061  77.1231 -0.191743 -0.402582   3.78822 0 0 0    0    0 0.07   0.0604812  -0.0231792 -0.00519814  0.00156395 -0.00176197 0.000560307  -0.321751 -0.0276443  0.0064503   -0.23873 -0.0961985   -9.80562 
                66.9   1.6661 -1.55367  77.0771 -0.204094 -0.407308   3.78747 0 0 0    0    0 0.07  0.0122032 -0.0360082 -0.0073562  0.00159139  -0.0017622 0.000581339  -0.321944 -0.0291116 0.00653333  -0.239187 -0.0968109   -9.80561 
                  67  1.65723 -1.58564  77.1363 -0.194236 -0.402326   3.78613 0 0 0    0    0 0.07  0.0377273  -0.021982 -0.0084147  0.00156074 -0.00179048 0.000550239  -0.322497 -0.0283445 0.00659073  -0.239244 -0.0963248   -9.80561 
                67.1  1.65655 -1.58803   77.046 -0.211182 -0.411827   3.78483 0 0 0    0    0 0.07 -0.0150876 -0.0473355 -0.0089642  0.00159909 -0.00177814 0.000585654  -0.322332 -0.0299132 0.00670231  -0.239565 -0.0970665   -9.80559 
                67.2  1.63223 -1.60648  77.0806 -0.203711 -0.405344   3.78139 0 0 0    0    0 0.07 0.00990812 -0.0260035 -0.0186515   0.0015693 -0.00184595 0.000568689  -0.323032 -0.0291394 0.00697661  -0.239685 -0.0965377    -9.8056 
                67.3  1.62921 -1.61068  77.0255 -0.222223 -0.410943   3.78077 0 0 0    0    0 0.07  -0.042062 -0.0410812 -0.0148308  0.00164755 -0.00183232 0.000587845  -0.323147  -0.030479 0.00693142 -0.240072 -0.097104  -9.80558 
                67.4  1.61434 -1.62001  77.0707 -0.211766 -0.401348    3.7763 0 0 0    0    0 0.07 -0.00122224  -0.0147548  -0.0270652  0.00159004 -0.00191579 0.000571282   -0.32389 -0.0293273 0.00722766  -0.240113 -0.0964006   -9.80559 
                67.5  1.61621 -1.62083  77.0774 -0.213966 -0.399907   3.77623 0 0 0    0    0 0.07 -0.00732284  -0.0158245  -0.0190157  0.00159949 -0.00193013 0.000570037  -0.324149 -0.0294333 0.00700848  -0.240253 -0.0963876   -9.80558 
                67.6  1.62313 -1.61266  77.0958   -0.2029 -0.391155   3.77217 0 0 0    0    0 0.07  0.0272457 0.00323659 -0.0285078  0.00155387 -0.00199221 0.000566839  -0.324693  -0.028545 0.00720162  -0.240269 -0.0958575   -9.80559 
                67.7  1.62822 -1.61132   77.117 -0.202024 -0.388716   3.77324 0 0 0    0    0 0.07    0.0234755 -0.000137415   -0.0154309   0.0015625 -0.00198539 0.000556364  -0.324902 -0.0286455 0.00687528  -0.240384 -0.0958568   -9.80559 
                67.8  1.64309 -1.60542  77.1649  -0.19175 -0.381611   3.77168 0 0 0    0    0 0.07  0.0461697  0.0101616 -0.0160635  0.00153491 -0.00200481  0.00053697  -0.325323 -0.0280128 0.00685157  -0.240409 -0.0954774   -9.80559 
                67.9  1.64634 -1.60041  77.2043 -0.196848 -0.374446   3.77407 0 0 0    0    0 0.07   0.0204376   0.0191755 -0.00147222  0.00155567 -0.00199955 0.000522878  -0.325957 -0.0286364 0.00650776  -0.240839 -0.0955959   -9.80558 
                  68  1.63116 -1.57474  77.2857   -0.1854 -0.367579    3.7743 0 0 0    0    0 0.07   0.0489733   0.0234602 0.000655034  0.00153185 -0.00201489 0.000488314  -0.326197  -0.027903 0.00644085  -0.240759 -0.0952215   -9.80558 
                68.1  1.63617 -1.57117  77.2778 -0.192158 -0.365842   3.77535 0 0 0    0    0 0.07 0.0190902 0.0153504 0.0034472  0.00155622 -0.00199298 0.000490259  -0.326361 -0.0287061 0.00638875   -0.24103 -0.0955268   -9.80557 
                68.2   1.6438 -1.56912  77.3498 -0.183099 -0.360427   3.77634 0 0 0    0    0 0.07  0.0410013  0.0174025 0.00740593  0.00153272 -0.00200173  0.00046285  -0.326558 -0.0281509 0.00630059  -0.240977 -0.0952419   -9.80558 
                68.3  1.64794 -1.56555  77.3585 -0.185233 -0.362289   3.77729 0 0 0    0    0 0.07    0.0260922 -0.000766215   0.00724165  0.00155502 -0.00197854 0.000459554  -0.326437 -0.0285941 0.00629411  -0.241034 -0.0954618   -9.80557 
                68.4  1.66347 -1.56494  77.3186 -0.179105 -0.362606   3.78042 0 0 0    0    0 0.07  0.0397673 -0.0104187  0.0170328  0.00154092 -0.00197475 0.000471364  -0.326411 -0.0283777 0.00607948  -0.240969 -0.0953808   -9.80558 
                68.5  1.67054 -1.55976  77.3452 -0.171013 -0.361986   3.78058 0 0 0    0    0 0.07  0.0541387 -0.0143561  0.0114286  0.00153614 -0.00198161 0.000460495   -0.32648 -0.0281377  0.0061732   -0.24094 -0.0952598   -9.80558 
                68.6  1.69399 -1.55861  77.2957 -0.166468 -0.363296   3.78334 0 0 0    0    0 0.07   0.054549 -0.0216378  0.0181646  0.00155199 -0.00197455 0.000481034  -0.326533 -0.0281936 0.00602699  -0.240975 -0.0952735   -9.80558 
                68.7  1.70133 -1.55365  77.3626 -0.142726 -0.361173   3.78305 0 0 0    0    0 0.07   0.106074 -0.0199752  0.0119634   0.0015049  -0.0020016 0.000447826  -0.326578 -0.0271584  0.0061472  -0.240741 -0.0948248   -9.80559 
                68.8  1.72555 -1.56107  77.4341 -0.138701 -0.363097   3.78677 0 0 0    0    0 0.07 0.0904831 -0.026686 0.0217165  0.00153851 -0.00198364 0.000380547  -0.326751  -0.027617 0.00586241  -0.240925 -0.0949797   -9.80558 
                68.9  1.72963 -1.55982  77.4568 -0.135443 -0.363655   3.78583 0 0 0    0    0 0.07  0.0789812 -0.0290172  0.0107027  0.00155811 -0.00197569 0.000368404  -0.327015 -0.0280173 0.00626176  -0.241135 -0.0950724   -9.80557 
                  69  1.73409 -1.55016  77.3592 -0.134791 -0.367083   3.79122 0 0 0    0    0 0.07  0.0612933 -0.0372274  0.0274184 0.00157721 -0.0019577 0.00041982  -0.327205 -0.0286371  0.0056801  -0.241362 -0.0952964   -9.80557 
                69.1  1.73788 -1.54581  77.3984 -0.138738 -0.363122   3.79072 0 0 0    0    0 0.07   0.036475 -0.0235493  0.0145781  0.00159874 -0.00195061 0.000400246  -0.328028 -0.0293873   0.006113   -0.24189 -0.0953963   -9.80555 
                69.2  1.71891 -1.53537  77.4476 -0.143528 -0.365139   3.79673 0 0 0    0    0 0.07  0.0152959 -0.0286988  0.0316229  0.00163168 -0.00192209 0.000375526  -0.328284 -0.0300965 0.00562052  -0.242167 -0.0956374   -9.80554 
                69.3  1.72278 -1.53199  77.4365 -0.150478 -0.365854   3.79661 0 0 0    0    0 0.07 -0.00419764   -0.029653   0.0197171  0.00164416 -0.00187983 0.000384482  -0.328593 -0.0307155 0.00596409  -0.242447 -0.0958093   -9.80554 
                69.4  1.70852 -1.52595  77.4924 -0.152387 -0.365093   3.80241 0 0 0    0    0 0.07 -0.00680396  -0.0262366   0.0338573  0.00165389 -0.00187835 0.000358597   -0.32899 -0.0308204 0.00543846  -0.242634 -0.0957667   -9.80553 
                69.5   1.7129 -1.52047  77.4763 -0.155453 -0.364242   3.80315 0 0 0    0    0 0.07 -0.0109204 -0.0237621  0.0241718  0.00165891 -0.00188022 0.000361326  -0.329317 -0.0309794 0.00575505  -0.242808 -0.0957454   -9.80553 
                69.6  1.69875 -1.52745  77.3818 -0.164631 -0.370283   3.80826 0 0 0    0    0 0.07  -0.033366 -0.0409139  0.0351509  0.00168357 -0.00185491 0.000401519  -0.329204  -0.031656 0.00547876  -0.242924 -0.0960545   -9.80552 
                69.7  1.7008  -1.527 77.3182  -0.18246 -0.373921   3.80675 0 0 0    0    0 0.07 -0.0706584 -0.0455253  0.0185036  0.00170352 -0.00185011 0.000421246  -0.329441 -0.0326844 0.00598603  -0.243272 -0.0964044   -9.80551 
                69.8  1.67809 -1.54669    77.34 -0.188164  -0.37648   3.80801 0 0 0    0    0 0.07 -0.0660199 -0.0481078  0.0167678  0.00168898 -0.00185197 0.000406291  -0.329599 -0.0325724 0.00605708  -0.243309 -0.0963195   -9.80551 
                69.9    1.682 -1.54725  77.2872 -0.203407 -0.380801   3.80732 0 0 0    0    0 0.07 -0.0882132 -0.0540367 0.00902422  0.00169622 -0.00185692 0.000420449   -0.32976 -0.0331477 0.00630055  -0.243514 -0.0965064    -9.8055 
                  70  1.65151 -1.56086  77.3145 -0.204068 -0.380497   3.80621 0 0 0    0    0 0.07  -0.064857 -0.0469676 0.00185661  0.00165492 -0.00188354 0.000400163  -0.330061 -0.0325529 0.00649634  -0.243491 -0.0961918   -9.80551 
                70.1  1.65193 -1.56296  77.2542 -0.217841 -0.384746   3.80504 0 0 0    0    0 0.07  -0.0836975  -0.0528892 -0.00335505  0.00165539 -0.00188552 0.000417999  -0.330202 -0.0330212  0.0066448  -0.243661 -0.0963403    -9.8055 
                70.2 1.62956  -1.564 77.2315 -0.215549 -0.382162   3.80137 0 0 0    0    0 0.07 -0.0533595 -0.0404158 -0.0173567  0.00162635 -0.00191199 0.000428177  -0.330615 -0.0322301 0.00699274 -0.243635  -0.09592   -9.8055 
                70.3  1.63242 -1.56314  77.1939 -0.226673 -0.384474   3.80212 0 0 0    0    0 0.07 -0.0676739 -0.0426552 -0.0106021   0.0016354 -0.00191109 0.000441288  -0.330844 -0.0326044 0.00678253  -0.243815 -0.0960164    -9.8055 
                70.4  1.62959 -1.56053  77.2293 -0.219307 -0.378671   3.79865 0 0 0    0    0 0.07 -0.0275001 -0.0245783 -0.0209377  0.00160391 -0.00194396 0.000422555  -0.331379 -0.0315293 0.00701968  -0.243766 -0.0954617   -9.80551 
                70.5  1.63281 -1.56027  77.2144 -0.218941 -0.382795   3.79847 0 0 0    0    0 0.07 -0.0176764 -0.0368982  -0.015504   0.0016003 -0.00194964 0.000436408  -0.331257 -0.0313248  0.0068014  -0.243669 -0.0954166   -9.80551 
                70.6  1.64916 -1.57193   77.202 -0.210963 -0.378371   3.79535 0 0 0    0    0 0.07 0.00872633 -0.0248665 -0.0222811  0.00159107  -0.0019539 0.000450887  -0.331791 -0.0304842 0.00701291  -0.243674 -0.0949571   -9.80551 
                70.7  1.65236 -1.57042  77.2041 -0.207494 -0.378489   3.79485 0 0 0    0    0 0.07  0.0168503 -0.0280566 -0.0162077   0.0015924 -0.00195357 0.000449321  -0.331997 -0.0302612 0.00675611    -0.2437 -0.0948267   -9.80551 
                70.8  1.66868 -1.57508  77.2396 -0.198958 -0.373985   3.79082 0 0 0    0    0 0.07  0.0360987 -0.0168517 -0.0266119  0.00159019 -0.00196345 0.000430734  -0.332565 -0.0296062 0.00708806  -0.243762 -0.0944301   -9.80552 
                70.9 1.67571 -1.5732 77.2509 -0.192271 -0.375167   3.79158 0 0 0    0    0 0.07  0.0464156 -0.0240315  -0.015438  0.00160168 -0.00196528 0.000426273  -0.332612 -0.0293555 0.00670076 -0.243719 -0.094331  -9.80552 
                  71 1.70592 -1.5705 77.2041 -0.183851 -0.371665   3.79016 0 0 0    0    0 0.07  0.0582196  -0.016271 -0.0149481  0.00160278 -0.00197564 0.000446502  -0.333088 -0.0290134 0.00668881  -0.243819 -0.0940855   -9.80552 
                71.1  1.70784 -1.57069  77.2009 -0.185435 -0.373917    3.7904 0 0 0    0    0 0.07   0.0399275  -0.0261065 -0.00923292  0.00162898 -0.00197052 0.000447978  -0.333171 -0.0295613 0.00655253  -0.243982 -0.0942772   -9.80551 
                71.2  1.71381 -1.57492  77.2045  -0.17931 -0.368342   3.78993 0 0 0    0    0 0.07   0.0465767  -0.0098348 -0.00596362  0.00162637 -0.00199917 0.000444794  -0.333776 -0.0293659 0.00652738  -0.244165 -0.0940579   -9.80551 
                71.3  1.71536 -1.57634   77.149 -0.198366 -0.374386   3.78979 0 0 0    0    0 0.07  -0.0172712  -0.0292481 -0.00404784  0.00169677 -0.00197392 0.000460851   -0.33372 -0.0309193 0.00655507 -0.244515 -0.094657   -9.8055 
                71.4  1.72106 -1.60277  77.1829 -0.193666 -0.364388    3.7889 0 0 0    0    0 0.07   0.00130421 -1.10761e-05  -0.00578661  0.00167478 -0.00202367 0.000444335  -0.334521 -0.0304437 0.00661235  -0.244703 -0.0942852   -9.80549 
                71.5  1.72144 -1.60432  77.1526 -0.199363 -0.367259   3.78717 0 0 0    0    0 0.07 -0.0120533  -0.015747 -0.0100307  0.00167864 -0.00203011 0.000456072  -0.334429 -0.0308141  0.0067205  -0.244757 -0.0944431   -9.80549 
                71.6  1.73705 -1.64502  77.2145 -0.193918 -0.357599   3.78581 0 0 0    0    0 0.07 0.00681422 0.00521759 -0.0116979   0.0016445 -0.00204892 0.000406353  -0.335173 -0.0303288  0.0067721  -0.244919 -0.0940841   -9.80549 
                71.7  1.74042 -1.64414  77.1944 -0.191267 -0.357487     3.785 0 0 0    0    0 0.07    0.013581 -0.00453161  -0.0109845  0.00163657 -0.00206209 0.000415986   -0.33515 -0.0301933 0.00670896  -0.244878 -0.0940411   -9.80549 
                71.8   1.7514 -1.65064  77.1107 -0.191719 -0.357701   3.78318 0 0 0    0    0 0.07  0.0104046 -0.0120606 -0.0159474  0.00163158 -0.00205414 0.000455637   -0.33525  -0.030362 0.00684126  -0.244955 -0.0940763   -9.80549 
                71.9  1.75272 -1.64967  77.1274 -0.188766 -0.356267   3.78211 0 0 0    0    0 0.07  0.0175492 -0.0136651 -0.0151133  0.00162671 -0.00204262 0.000441775  -0.335499 -0.0301951 0.00676121  -0.245007 -0.0939576   -9.80549 
                  72  1.75292 -1.64343  77.1161  -0.19014 -0.359059   3.77946 0 0 0    0    0 0.07  0.0116378 -0.0252915 -0.0206981  0.00161698 -0.00203869 0.000447645  -0.335463 -0.0305005 0.00693277 -0.245067 -0.094074  -9.80549 
                72.1  1.75435 -1.64318  77.1275 -0.191642 -0.358839     3.779 0 0 0    0    0 0.07 0.00730767 -0.0260421 -0.0168489  0.00159781 -0.00202309 0.000441978  -0.335798 -0.0307266 0.00676169  -0.245243 -0.0940806   -9.80548 
                72.2  1.73157 -1.62488  77.2517 -0.189423 -0.356186   3.77645 0 0 0    0    0 0.07  0.0129942  -0.019257 -0.0214768  0.00159489 -0.00201338  0.00034805  -0.336308 -0.0305707 0.00689665  -0.245393 -0.0938993   -9.80548 
                72.3  1.73308 -1.62245  77.2881 -0.188196 -0.348502    3.7759 0 0 0    0    0 0.07   0.0142074 -0.00267848  -0.0175612  0.00158757  -0.0019956 0.000323486  -0.337228  -0.030525 0.00671298 -0.245716 -0.093668  -9.80547 
                72.4  1.71874 -1.60215  77.3615 -0.189051 -0.349809   3.77404 0 0 0    0    0 0.07 0.00947418  -0.012282 -0.0195982  0.00159084 -0.00198581 0.000279694  -0.337206 -0.0307345 0.00672272  -0.245758 -0.0937485   -9.80547 
                72.5  1.72204 -1.59883  77.4004 -0.185677 -0.345775   3.77436 0 0 0    0    0 0.07   0.0174104 -0.00570579  -0.0123449  0.00158972 -0.00196307 0.000252744  -0.337642 -0.0305153 0.00650005  -0.245863 -0.0935709   -9.80547 
                72.6  1.72412 -1.56868  77.4077 -0.186569 -0.348692   3.77359 0 0 0    0    0 0.07  0.0131445 -0.0171821 -0.0111076  0.00159501 -0.00195178 0.000252424  -0.337513 -0.0307534 0.00643996  -0.245872 -0.0936883   -9.80547 
                72.7  1.72774 -1.56524  77.4262 -0.181165 -0.348554   3.77395 0 0 0    0    0 0.07    0.026669  -0.0200139 -0.00411453  0.00158768 -0.00193861 0.000244896  -0.337643 -0.0304422 0.00627828  -0.245846 -0.0935491   -9.80547 
                72.8  1.72712 -1.53467  77.4073 -0.180976  -0.35217   3.77691 0 0 0    0    0 0.07  0.0223724 -0.0308782  0.0116877  0.00160038 -0.00191994 0.000253104  -0.337595 -0.0306434 0.00597018  -0.245875 -0.0936385   -9.80547 
                72.9  1.73169 -1.53211  77.4453 -0.177103 -0.352392    3.7765 0 0 0    0    0 0.07  0.0292951 -0.0293449 0.00677796  0.00159702 -0.00191444 0.000241517  -0.337778 -0.0305289 0.00609158  -0.245915 -0.0935523   -9.80547 
                  73  1.71119 -1.51337  77.5465 -0.176139 -0.354041   3.78017 0 0 0    0    0 0.07 0.0249476 -0.030679 0.0201744   0.0016103 -0.00190856 0.000194469   -0.33791  -0.030656 0.00582244  -0.24599 -0.093572  -9.80547 
                73.1  1.71565 -1.51311  77.5784 -0.174602 -0.351702   3.77964 0 0 0    0    0 0.07  0.0242478 -0.0215366  0.0120103  0.00161447 -0.00191778 0.000185742  -0.338242 -0.0306911 0.00604755  -0.246118 -0.0935032   -9.80547 
                73.2   1.7087 -1.51272  77.5544 -0.177359 -0.357288   3.78284 0 0 0    0    0 0.07  0.0112089 -0.0365953  0.0215957  0.00163924 -0.00189232 0.000202709  -0.338113 -0.0310407 0.00586533 -0.246152  -0.09366  -9.80546 
                73.3    1.712 -1.51326  77.5861 -0.167824 -0.359854   3.78017 0 0 0    0    0 0.07  0.0361487 -0.0409366 0.00726685  0.00160952 -0.00189884 0.000194939  -0.338099 -0.0305258 0.00626662   -0.24603 -0.0934739   -9.80547 
                73.4  1.71159 -1.52097  77.6185 -0.169011 -0.365429   3.78185 0 0 0    0    0 0.07  0.0246648 -0.0512947  0.0127437  0.00162655  -0.0018896 0.000182469  -0.338091 -0.0308748  0.0061797  -0.246107 -0.0936001   -9.80547 
                73.5  1.71354 -1.52439  77.5905 -0.178869 -0.375069    3.7799 0 0 0    0    0 0.07 -0.00642422  -0.0692422   0.0027723  0.00165997 -0.00187576 0.000195852  -0.337943 -0.0317183 0.00655397  -0.246247 -0.0939234   -9.80546 
                73.6  1.72194 -1.55923  77.5047 -0.181138 -0.381681   3.78036 0 0 0    0    0 0.07 -0.00959098  -0.0749506  0.00532296  0.00166016 -0.00187515  0.00022905  -0.338013 -0.0318394 0.00655507    -0.2463 -0.0939499   -9.80546 
                73.7  1.72425 -1.56485  77.4355 -0.189823 -0.395859   3.77781 0 0 0    0    0 0.07  -0.0287313  -0.0996075 -0.00343105  0.00166262 -0.00187511 0.000277619  -0.337673  -0.032359 0.00681565  -0.246299 -0.0942038   -9.80545 
                73.8  1.73848 -1.60151  77.4093 -0.188375 -0.398898   3.77617 0 0 0    0    0 0.07  -0.0160967  -0.0886377 -0.00697834   0.0016411 -0.00188816 0.000290124  -0.338141 -0.0320438 0.00699772  -0.246391 -0.0939844   -9.80545 
                73.9  1.74195 -1.60469  77.3646 -0.193721  -0.40357    3.7756 0 0 0    0    0 0.07 -0.0246368 -0.0847107 -0.0057163  0.00164095 -0.00190352 0.000311064  -0.338502 -0.0322907 0.00702032  -0.246572 -0.0939867   -9.80545 
                  74 1.74371 -1.6064 77.3396 -0.189442 -0.403814   3.77325 0 0 0    0    0 0.07 -0.00559138   -0.069843   -0.013657  0.00162631 -0.00192521 0.000316412  -0.339077  -0.031759 0.00724168  -0.246649 -0.0936696   -9.80545 
                74.1  1.74737 -1.60454  77.3566 -0.182011 -0.398732   3.77279 0 0 0    0    0 0.07  0.0175906 -0.0461973 -0.0112271  0.00161259 -0.00194184 0.000307198   -0.33991 -0.0311463 0.00714626  -0.246794 -0.0932732   -9.80545 
                74.2  1.74306 -1.58603  77.3773  -0.17758 -0.397562   3.77148 0 0 0    0    0 0.07  0.0255654 -0.0368928 -0.0145057  0.00161252 -0.00194965  0.00029199   -0.34038 -0.0309213 0.00716338  -0.246903 -0.0930895   -9.80545 
                74.3  1.74862 -1.58263  77.3948 -0.173984 -0.394105   3.77165 0 0 0    0    0 0.07  0.0295771 -0.0249218 -0.0110241  0.00160439 -0.00192886  0.00027715  -0.340966 -0.0308237  0.0069841  -0.247078 -0.0929267   -9.80545 
                74.4  1.73563 -1.54597  77.4216 -0.167055  -0.39225    3.7716 0 0 0    0    0 0.07   0.0416612   -0.020263 -0.00938444  0.00160728  -0.0019187 0.000251466  -0.341322 -0.0304816 0.00679401   -0.24712 -0.0927346   -9.80545 
                74.5   1.7408 -1.54194  77.4483 -0.160748 -0.386586   3.77158 0 0 0    0    0 0.07   0.0480392 -0.00723486 -0.00832882  0.00160126 -0.00189706 0.000227699  -0.341984 -0.0302863 0.00666853 -0.247298 -0.092521  -9.80545 
                74.6  1.72499 -1.51647  77.5347 -0.155896 -0.387567   3.77151 0 0 0    0    0 0.07   0.0504848  -0.0131124 -0.00645201  0.00160021 -0.00186831 0.000146892   -0.34199 -0.0302925 0.00655086  -0.247301 -0.0925238   -9.80545 
                74.7  1.73263 -1.51384  77.5215 -0.165822 -0.381979   3.77315 0 0 0    0    0 0.07     0.012708   0.00129205 -7.13934e-05  0.00159578 -0.00184669 0.000137094  -0.342803 -0.0315486 0.00636633  -0.247855 -0.0927608   -9.80543 
                74.8  1.70259 -1.48482  77.5262  -0.16218 -0.383085   3.77516 0 0 0    0    0 0.07   0.0222662 -0.00778397  0.00737216  0.00158546 -0.00182111 0.000138156  -0.342704 -0.0313616 0.00610782   -0.24778 -0.0927256   -9.80543 
                74.9 1.71118 -1.4837 77.4946 -0.171253  -0.38419   3.77484 0 0 0    0    0 0.07 -0.00586775  -0.0129048  0.00328594  0.00158777 -0.00180465 0.000149493  -0.342812 -0.0322405 0.00625291  -0.248013 -0.0929901   -9.80542 
                  75  1.68499 -1.48041  77.5487 -0.164982   -0.3858   3.77625 0 0 0    0    0 0.07  0.0153622 -0.0206761   0.007987  0.00156082 -0.00180034 0.000114934  -0.342739 -0.0317093 0.00610081   -0.24787 -0.0928337   -9.80543 
                75.1   1.6862 -1.48453  77.4958 -0.176913 -0.397585   3.77341 0 0 0    0    0 0.07  -0.0181228  -0.0497568 -0.00404456  0.00156631 -0.00178261 0.000149167  -0.342158 -0.0327292 0.00648988  -0.247906 -0.0932936   -9.80542 
                75.2 1.65562 -1.4994 77.5307 -0.169316 -0.399972   3.77081 0 0 0    0    0 0.07 0.00846241 -0.0501076 -0.0110945  0.00153056 -0.00180378 0.000132562  -0.342262 -0.0319728 0.00675108 -0.247772 -0.093018  -9.80543 
                75.3  1.65104 -1.50475  77.4085   -0.1981 -0.410293   3.76846 0 0 0    0    0 0.07 -0.0681646  -0.066611 -0.0142958  0.00154423 -0.00179589 0.000208476   -0.34219 -0.0342412 0.00701869 -0.248252 -0.093772  -9.80541 
                75.4 1.61467 -1.5055 77.3325  -0.18785 -0.410141   3.76343 0 0 0    0    0 0.07 -0.0218165 -0.0563163 -0.0268748  0.00150388  -0.0018183 0.000247024  -0.342525 -0.0327773 0.00746234 -0.248038 -0.093213  -9.80542 
                75.5  1.60772 -1.50925  77.2789 -0.203004 -0.412858   3.76062 0 0 0    0    0 0.07 -0.0565621 -0.0533822 -0.0279202  0.00151533 -0.00181739 0.000261649  -0.342922 -0.0337876 0.00754166  -0.248391 -0.0934506   -9.80541 
                75.6   1.5411 -1.47117  77.2966 -0.186596 -0.411254   3.74869 0 0 0    0    0 0.07  0.0100673  -0.041729 -0.0666759  0.00145099 -0.00186733 0.000262747  -0.343202 -0.0321058 0.00832273  -0.248109 -0.0928348   -9.80542 
                75.7 1.53371 -1.4762 77.2616 -0.197809 -0.410986   3.74676 0 0 0    0    0 0.07 -0.0245453 -0.0342067 -0.0516047  0.00146593 -0.00187292  0.00027492  -0.343609 -0.0328915 0.00800075  -0.248414 -0.0930004   -9.80541 
                75.8  1.39305 -1.41213  77.2468 -0.185635 -0.409028   3.73399 0 0 0    0    0 0.07  0.0132055 -0.0248831 -0.0820442  0.00150673 -0.00196534 0.000310604  -0.343807 -0.0318374 0.00880619  -0.248241 -0.0926094   -9.80542 
                75.9  1.38832 -1.41965  77.2072 -0.192313 -0.417996   3.73184 0 0 0    0    0 0.07 -0.00929022  -0.0447285  -0.0638106  0.00150606 -0.00195361 0.000334247  -0.343478 -0.0323904 0.00819549 -0.248261 -0.092867  -9.80542 
                  76   1.3256 -1.39934  77.1901 -0.182652 -0.413366    3.7162 0 0 0    0    0 0.07  0.0153801 -0.0238521  -0.101686  0.00150402 -0.00200985 0.000344723  -0.344001 -0.0315525 0.00932469  -0.248235 -0.0924707   -9.80542 
                76.1  1.32487 -1.40467  77.1649 -0.182938 -0.420455   3.71492 0 0 0    0    0 0.07  0.0074641  -0.039566 -0.0717398  0.00150504 -0.00201221 0.000367384  -0.343733 -0.0316785 0.00843084  -0.248183 -0.0925841   -9.80542 
                76.2   1.3237 -1.40036  77.1434  -0.17258 -0.416234   3.69955 0 0 0    0    0 0.07  0.0321422 -0.0205708  -0.104521  0.00147913 -0.00205998 0.000385233  -0.344228 -0.0309099 0.00935626  -0.248161 -0.0922227   -9.80543 
                76.3  1.32518 -1.40506  77.1427 -0.168693 -0.420256   3.70044 0 0 0    0    0 0.07  0.0316262 -0.0294193 -0.0653858  0.00147338 -0.00205859 0.000395763  -0.344143 -0.0308536 0.00828524   -0.24813 -0.0922411   -9.80543 
                76.4  1.35808 -1.39864   77.184 -0.157427 -0.410258   3.68752 0 0 0    0    0 0.07  0.0519058 0.00367806 -0.0904123   0.0014473 -0.00212353 0.000390019  -0.344997 -0.0302314  0.0089729   -0.24825 -0.0918518   -9.80543 
                76.5  1.36516 -1.39891  77.2366 -0.146948 -0.404903   3.68887 0 0 0    0    0 0.07  0.0646818  0.0130448 -0.0536402  0.00144057 -0.00214747 0.000377533  -0.345349 -0.0298474 0.00803393  -0.248279 -0.0916719   -9.80543 
                76.6  1.44429 -1.41238  77.2655 -0.136409 -0.398646   3.67998 0 0 0    0    0 0.07   0.076121  0.0222779 -0.0661071  0.00139748 -0.00216076 0.000377608 -0.345676 -0.029545 0.0084378   -0.24831 -0.0915026   -9.80543 
                76.7 1.45694 -1.4106 77.3274 -0.126489   -0.3991   3.68256 0 0 0    0    0 0.07  0.0826644  0.0120959 -0.0340959  0.00140844   -0.002154 0.000358058  -0.345519 -0.0293755  0.0075047  -0.248231 -0.0914999   -9.80543 
                76.8  1.59183 -1.44264  77.2388 -0.121881 -0.400801   3.67645 0 0 0    0    0 0.07   0.0733494 0.000213514  -0.0446151  0.00136858 -0.00211753 0.000414256  -0.345339 -0.0296889 0.00788449  -0.248243 -0.0916282   -9.80543 
                76.9  1.60309 -1.43511  77.3094 -0.120542 -0.395031   3.68112 0 0 0    0    0 0.07  0.0585057  0.0108995 -0.0134443  0.00139391 -0.00210209 0.000375549   -0.34589 -0.0301508  0.0069112 -0.248514 -0.091661  -9.80542 
                  77  1.68423 -1.43246  77.3585 -0.116344 -0.391689   3.67924 0 0 0    0    0 0.07   0.055972  0.0127343 -0.0155211  0.00135529 -0.00207156 0.000346311   -0.34613 -0.0303172 0.00701514  -0.248623 -0.0916572   -9.80542 
                77.1  1.69125 -1.42592  77.4236 -0.109695 -0.382548   3.68149 0 0 0    0    0 0.07   0.0602184   0.0287679 -0.00234403  0.00136774 -0.00205625 0.000311993  -0.346818 -0.0302278 0.00653836  -0.248811 -0.0914874   -9.80542 
                77.2  1.73445 -1.41368  77.4421 -0.106716 -0.378177    3.6851 0 0 0    0    0 0.07 0.0549955 0.0289286 0.0129605  0.00135796 -0.00203768 0.000300847  -0.347034 -0.0305312 0.00603867  -0.248942 -0.0915387   -9.80541 
                77.3  1.74044 -1.40888  77.4544 -0.106525 -0.376685   3.68543 0 0 0    0    0 0.07 0.0439282 0.0215909 0.0103531  0.00136835 -0.00202621 0.000292133  -0.346983 -0.0309825 0.00616775  -0.249024 -0.0916828   -9.80541 
                77.4 1.75781 -1.4028 77.4418 -0.108316 -0.373795   3.69004 0 0 0    0    0 0.07 0.0298167 0.0205888  0.024231  0.00139535 -0.00202088 0.000290453  -0.347138 -0.0315103  0.0057944  -0.249183 -0.0918121    -9.8054 
                77.5  1.76032 -1.39862  77.4638 -0.106008 -0.371466   3.69043 0 0 0    0    0 0.07 0.0320713 0.0171735 0.0177518  0.00142072  -0.0020155 0.000272398  -0.347171 -0.0315673 0.00598318  -0.249205 -0.0918191    -9.8054 
                77.6  1.81241 -1.42892  77.4739 -0.114744 -0.371533   3.69762 0 0 0    0    0 0.07 0.00273526 0.00929838  0.0404649  0.00146057 -0.00197507 0.000248337  -0.347189 -0.0324748 0.00543026  -0.249402 -0.0920919    -9.8054 
                77.7   1.8168 -1.42617  77.4719 -0.110618 -0.371713   3.69723 0 0 0    0    0 0.07  0.0174516 0.00100672  0.0267591   0.0014593 -0.00196852  0.00024133   -0.34709 -0.0322251 0.00584758  -0.249321 -0.0920334    -9.8054 
                77.8  1.83385 -1.44828   77.385 -0.124504 -0.376956    3.7047 0 0 0    0    0 0.07 -0.0217565 -0.0167223  0.0471187   0.0015278 -0.00192069 0.000274894    -0.3469 -0.0334181 0.00531217  -0.249516 -0.0924325   -9.80539 
                77.9 1.83353 -1.4478 77.3912 -0.125175 -0.378214   3.70372 0 0 0    0    0 0.07 -0.0134756 -0.0215696  0.0293096  0.00153499 -0.00192483 0.000266839  -0.346916 -0.0333194 0.00591705  -0.249502 -0.0923916   -9.80539 
                  78  1.84952 -1.47125  77.3055 -0.138997 -0.380858   3.71267 0 0 0    0    0 0.07 -0.0461713 -0.0257782  0.0540272  0.00158731 -0.00190564 0.000310823  -0.347052 -0.0343047 0.00526455  -0.249747 -0.0926592   -9.80538 
                78.1  1.85218 -1.47095  77.3207 -0.134397 -0.380242   3.71096 0 0 0    0    0 0.07 -0.0178262 -0.0239575  0.0312317  0.00157469 -0.00193052 0.000301164   -0.34721 -0.0336382 0.00596077 -0.249655 -0.092422  -9.80539 
                78.2  1.85261 -1.49663  77.3048 -0.144273 -0.379173   3.71792 0 0 0    0    0 0.07 -0.0366688 -0.0187578  0.0461013  0.00157783  -0.0019078 0.000316607  -0.347651  -0.034372 0.00542321  -0.249936 -0.0925478   -9.80538 
                78.3  1.85028 -1.49542  77.2887 -0.159591 -0.377428   3.71649 0 0 0    0    0 0.07  -0.063335 -0.0138774  0.0260965  0.00155889 -0.00189614 0.000330964  -0.348074 -0.0353788 0.00637055  -0.250274 -0.0927331   -9.80537 
                78.4 1.82887 -1.5064 77.3409 -0.170302 -0.375235   3.72185 0 0 0    0    0 0.07 -0.0734834 -0.0085214  0.0377786  0.00153416 -0.00187909 0.000309093  -0.348521 -0.0358369 0.00598539  -0.250498 -0.0927752   -9.80536 
                78.5  1.83261 -1.50692  77.2761 -0.210813 -0.373473   3.72207 0 0 0    0    0 0.07   -0.158697 -0.00210266   0.0248009    0.001497 -0.00186709 0.000346977  -0.349084 -0.0388115 0.00662571 -0.251288 -0.093494  -9.80533 
                78.6  1.75971 -1.50152  77.3261 -0.223617 -0.370777   3.72284 0 0 0    0    0 0.07   -0.149676 0.000840077   0.0189849  0.00148568 -0.00186965 0.000330075  -0.349326  -0.038544 0.00682619  -0.251301 -0.0933639   -9.80534 
                78.7 1.75627  -1.506 77.2708 -0.252805 -0.373282   3.72168 0 0 0    0    0 0.07    -0.18698 -0.00969772  0.00864324  0.00145554 -0.00185684  0.00037475  -0.349224 -0.0396496 0.00715615  -0.251505 -0.0936931   -9.80533 
                78.8  1.66186 -1.50753  77.3403 -0.261357 -0.369189   3.71723 0 0 0    0    0 0.07   -0.159003 -0.00216323  -0.0110063  0.00143472  -0.0018802 0.000340835  -0.349527 -0.0388266 0.00781269  -0.251419 -0.0933875   -9.80533 
                78.9  1.65897 -1.51017  77.2955 -0.277601 -0.373295    3.7157 0 0 0    0    0 0.07  -0.158601 -0.0170451 -0.0106306   0.0014049 -0.00187498 0.000360867  -0.349264 -0.0388637 0.00786415  -0.251353 -0.0934526   -9.80533 
                  79 1.59494 -1.4889 77.2459 -0.280809 -0.373146   3.70726 0 0 0    0    0 0.07  -0.122329 -0.0186228  -0.037041   0.0013668 -0.00190491 0.000392249  -0.349285 -0.0378585 0.00870357  -0.251149 -0.0931551   -9.80534 
                79.1  1.59757 -1.49181  77.2379 -0.279094 -0.372507   3.70659 0 0 0    0    0 0.07 -0.0843721 -0.0172992 -0.0242298  0.00129817 -0.00191627 0.000392535  -0.349413 -0.0368437 0.00836787  -0.250974 -0.0928522   -9.80535 
                79.2  1.55986 -1.45745  77.2383 -0.276101 -0.370083   3.69785 0 0 0    0    0 0.07 -0.0518547 -0.0117989 -0.0470288  0.00126314 -0.00194067 0.000385284  -0.349619 -0.0359504 0.00910871  -0.250845 -0.0925513   -9.80536 
                79.3   1.5696 -1.45333  77.3056 -0.259055 -0.360645   3.70109 0 0 0    0    0 0.07 0.00894128   0.011346 -0.0165686  0.00118534 -0.00198299 0.000349213  -0.350281 -0.0343858 0.00830706  -0.250704 -0.0919963   -9.80536 
                79.4  1.57261 -1.42968  77.4352 -0.242701  -0.34805   3.69664 0 0 0    0    0 0.07   0.053855  0.0388899 -0.0259477  0.00112861 -0.00203949 0.000287374  -0.350985 -0.0332704 0.00857407  -0.250666 -0.0915419   -9.80537 
                79.5  1.58681 -1.42369  77.4957 -0.231093 -0.342438   3.70071 0 0 0    0    0 0.07   0.0710966   0.0391442 -0.00274361  0.00109964 -0.00202864 0.000231625  -0.351104 -0.0328657 0.00798651  -0.250617 -0.0914154   -9.80537 
                79.6  1.60418 -1.40714  77.5235 -0.217026 -0.336327   3.70127 0 0 0    0    0 0.07   0.0919153     0.04127 0.000912802  0.00107597 -0.00202809 0.000212541  -0.351225 -0.0323447 0.00784877  -0.250543 -0.0912505   -9.80538 
                79.7  1.62172 -1.39885  77.6007 -0.199277 -0.326554   3.70557 0 0 0    0    0 0.07  0.116034  0.051992 0.0136904  0.00106502 -0.00201497 0.000149998  -0.351614 -0.0317267 0.00732932  -0.250524 -0.0910091   -9.80538 
                79.8  1.64894 -1.38465  77.6099 -0.186347 -0.323641   3.70975 0 0 0    0    0 0.07  0.122117 0.0434056 0.0232411  0.00106269 -0.00200063 0.000148148   -0.35143 -0.0316124 0.00687501  -0.250451 -0.0910214   -9.80538 
                79.9  1.66026 -1.38036  77.6809 -0.177681  -0.32051   3.71176 0 0 0    0    0 0.07  0.115099 0.0375455 0.0195799  0.00107755 -0.00198485 0.000126806  -0.351375 -0.0319057 0.00691301 -0.250496 -0.091112  -9.80538 
                  80  1.69113 -1.39999  77.6669 -0.169862 -0.321865   3.71934 0 0 0    0    0 0.07  0.107399 0.0197697 0.0407299  0.00108273 -0.00194003 0.000140556  -0.351038 -0.0322179 0.00631414  -0.250467 -0.0912727   -9.80538 
                80.1  1.69884 -1.39884  77.7014 -0.167784 -0.325504   3.71877 0 0 0    0    0 0.07  0.0863227 0.00248813  0.0227343  0.00111214 -0.00190866 0.000131929  -0.350688 -0.0328389 0.00671603  -0.250496 -0.0915083   -9.80537 
                80.2  1.70411 -1.41587  77.7343  -0.16534 -0.329406   3.72553 0 0 0    0    0 0.07  0.0709553 -0.0125079    0.03998  0.00113165 -0.00187571 0.000117267  -0.350468 -0.0333038 0.00623836   -0.25053 -0.0916849   -9.80537 
                80.3  1.70844 -1.41606  77.7432 -0.168048 -0.335833   3.72454 0 0 0    0    0 0.07  0.0474208 -0.0288629  0.0222306  0.00114542 -0.00187111  0.00011621  -0.350166 -0.0339783 0.00673432  -0.250583 -0.0919231   -9.80537 
                80.4  1.71194 -1.44227  77.7028 -0.168537 -0.338696   3.73019 0 0 0    0    0 0.07 0.0352692 -0.032988 0.0355207  0.00115048 -0.00186458 0.000145466  -0.350263 -0.0344211 0.00623782  -0.250697 -0.0920301   -9.80536 
                80.5  1.71589 -1.44467  77.6918 -0.169866 -0.347986   3.72897 0 0 0    0    0 0.07  0.0245871 -0.0526042  0.0188332  0.00115774 -0.00186879 0.000157956   -0.34984 -0.0348054  0.0068543  -0.250659 -0.0922111   -9.80536 
                80.6  1.73969 -1.48929  77.5743 -0.175471 -0.351144   3.73505 0 0 0    0    0 0.07 0.00297623 -0.0504959  0.0365593  0.00115986 -0.00186663 0.000255195   -0.35013 -0.0354919 0.00641148  -0.250873 -0.0923442   -9.80536 
                80.7  1.74343 -1.49206   77.543 -0.178509 -0.360392   3.73363 0 0 0    0    0 0.07 -0.00311206  -0.0666676   0.0201126  0.00116629  -0.0018795 0.000276528  -0.349833 -0.0357505 0.00691477  -0.250845 -0.0924662   -9.80536 
                80.8  1.75337 -1.53164  77.5185 -0.182236 -0.358199   3.73835 0 0 0    0    0 0.07 -0.0125655 -0.0470617  0.0299643   0.0011838 -0.00188837 0.000289859  -0.350634 -0.0360605 0.00660228   -0.25112 -0.0923933   -9.80535 
                80.9  1.75465 -1.53317  77.4807 -0.182451 -0.365351   3.73635 0 0 0    0    0 0.07 -0.00700347  -0.0593724   0.0131712  0.00119604 -0.00190136 0.000316817  -0.350434 -0.0359852 0.00715782  -0.251053 -0.0924051   -9.80535 
                  81  1.78322 -1.57303  77.4254 -0.187246 -0.363482   3.74034 0 0 0    0    0 0.07   -0.01705 -0.0435416  0.0232726  0.00119377 -0.00189765 0.000338561  -0.351213  -0.036392 0.00679986  -0.251338 -0.0923618   -9.80534 
                81.1  1.78446 -1.57382  77.4105 -0.195081 -0.364316    3.7391 0 0 0    0    0 0.07 -0.0317806 -0.0396431   0.010379  0.00119654 -0.00190324 0.000345397  -0.351559 -0.0369057 0.00727512  -0.251532 -0.0924198   -9.80534 
                81.2  1.77339 -1.59215  77.4198 -0.201786 -0.359494   3.74194 0 0 0    0    0 0.07 -0.0410405 -0.0194089  0.0170035  0.00120106 -0.00191094 0.000337253  -0.352379 -0.0372414 0.00709268  -0.251811 -0.0923463   -9.80533 
                81.3  1.77269 -1.59334  77.3911 -0.216892 -0.361051   3.73954 0 0 0    0    0 0.07 -0.0690618 -0.0238473 0.00164184   0.0012144 -0.00190848 0.000346101  -0.352479 -0.0381021 0.00756363  -0.252008 -0.0925406   -9.80533 
                81.4  1.73195 -1.58623   77.403 -0.224739  -0.35703   3.74049 0 0 0    0    0 0.07 -0.0717486 -0.0112805 0.00536276    0.001227 -0.00193259 0.000335545  -0.353026 -0.0381966 0.00749774  -0.252167 -0.0924572   -9.80532 
                81.5  1.73227 -1.58915   77.359 -0.236257 -0.363796   3.73888 0 0 0    0    0 0.07   -0.0813557   -0.0316316 -0.000678483  0.00122708 -0.00191098 0.000350779  -0.352646 -0.0385165 0.00771319  -0.252133 -0.0926104   -9.80532 
                81.6  1.72226 -1.60794  77.4547  -0.24071 -0.357351   3.73833 0 0 0    0    0 0.07   -0.0709037  -0.00957696 -0.000553872  0.00122383 -0.00195512 0.000296289  -0.353345 -0.0382633 0.00778527 -0.252261 -0.092407  -9.80532 
                81.7  1.72504 -1.60803  77.3977 -0.243034 -0.368517   3.73739 0 0 0    0    0 0.07   -0.055452    -0.04491 -0.00181413  0.00119131 -0.00192361 0.000318293  -0.352675 -0.0379562 0.00783384  -0.252031 -0.0924612   -9.80533 
                81.8   1.7365 -1.61873  77.3445 -0.246496 -0.367134   3.73684 0 0 0    0    0 0.07  -0.0487091  -0.0342186 -0.00130492  0.00118729  -0.0019512 0.000339861  -0.353091 -0.0378256 0.00789173   -0.25211 -0.0923459   -9.80532 
                81.9  1.73882 -1.61693  77.3478 -0.245419 -0.368405   3.73708 0 0 0    0    0 0.07 -0.0306235 -0.0346624 0.00112543  0.00116825 -0.00195647 0.000330391  -0.353232 -0.0374544 0.00785026  -0.252073 -0.0922264   -9.80533 
                  82  1.73862 -1.59593  77.4498 -0.241774 -0.360183   3.73754 0 0 0    0    0 0.07 -0.0123493 -0.0081886 0.00365556  0.00116103 -0.00197658 0.000261601  -0.354084 -0.0369991 0.00780942  -0.252196 -0.0919475   -9.80533 
                82.1  1.74858 -1.58893  77.5274 -0.224658  -0.35039   3.74017 0 0 0    0    0 0.07 0.0361749 0.0116589 0.0122987  0.00113866 -0.00195186 0.000198475  -0.354801 -0.0356706 0.00746496  -0.252116 -0.0914845   -9.80533 
                82.2  1.74896 -1.53624  77.5868   -0.2215 -0.346833   3.74535 0 0 0    0    0 0.07 0.0371944 0.0140655 0.0284201  0.00114276 -0.00193456 0.000164885  -0.355067 -0.0357418 0.00683169  -0.252195 -0.0914599   -9.80533 
                82.3  1.75741 -1.52479  77.6559 -0.208083 -0.340662   3.74645 0 0 0    0    0 0.07 0.0644458 0.0213247 0.0235507  0.00113848 -0.00190667 0.000134027  -0.355415 -0.0349424 0.00702854  -0.252127 -0.0911917   -9.80534 
                82.4  1.73407 -1.47398  77.7286 -0.202157 -0.337066    3.7549 0 0 0    0    0 0.07 0.0649567   0.02175 0.0487183  0.00116989 -0.00186754  7.4966e-05   -0.35559 -0.0350099 0.00632065  -0.252183 -0.0911838   -9.80533 
                82.5  1.73889 -1.47062  77.7829 -0.194218 -0.333471   3.75539 0 0 0    0    0 0.07 0.0719131 0.0215907 0.0338525  0.00117007 -0.00182726 4.79425e-05  -0.355696  -0.034903 0.00676233   -0.25219 -0.0911308   -9.80533 
                82.6   1.7267 -1.45216  77.7669 -0.193435 -0.335989   3.76592 0 0 0    0    0 0.07  0.0570509 0.00658183  0.0622791  0.00118324 -0.00181334 6.59858e-05  -0.355395 -0.0354615 0.00576043   -0.25222 -0.0913395   -9.80533 
                82.7  1.73065 -1.45256  77.7958 -0.193706 -0.343539   3.76451 0 0 0    0    0 0.07   0.043181 -0.0178572  0.0350482  0.00119224 -0.00179108 6.54871e-05  -0.354768 -0.0359189 0.00662145  -0.252152 -0.0915626   -9.80533 
                82.8  1.72201 -1.46498  77.7963 -0.198038 -0.353071   3.77586 0 0 0    0    0 0.07  0.0209116 -0.0414308  0.0677846  0.00121955 -0.00175489  7.6657e-05   -0.35425 -0.0366197 0.00575157  -0.252155 -0.0918457   -9.80533 
                82.9 1.72567 -1.4647 77.7983 -0.200703 -0.360656   3.77393 0 0 0    0    0 0.07 0.00936658 -0.0544361  0.0361246  0.00122655 -0.00174436 8.64108e-05  -0.354012 -0.0369516 0.00654867  -0.252159 -0.0919638   -9.80533 
                  83  1.72158 -1.49197  77.7547 -0.206798 -0.371502   3.78281 0 0 0    0    0 0.07 -0.00919614  -0.0737136   0.0571684  0.00124192 -0.00170694 0.000119725  -0.353698 -0.0374648 0.00600518  -0.252178 -0.0921567   -9.80532 
                83.1 1.72554 -1.4921 77.7422 -0.213912 -0.379444   3.78094 0 0 0    0    0 0.07  -0.024938 -0.0793777  0.0292757  0.00125393 -0.00169964 0.000134221  -0.353678 -0.0378656 0.00667925 -0.252248 -0.092251  -9.80532 
                83.2  1.70659 -1.50691  77.7157 -0.218765 -0.392419   3.78783 0 0 0    0    0 0.07 -0.0294519 -0.0982095   0.045296  0.00125227 -0.00166781 0.000157002  -0.353372 -0.0380296 0.00622031  -0.252204 -0.0923546   -9.80532 
                83.3  1.71085 -1.50734  77.6539 -0.241019 -0.400505    3.7871 0 0 0    0    0 0.07 -0.0810077 -0.0956441  0.0263338  0.00130572 -0.00165756 0.000186369  -0.353571 -0.0392968 0.00679332  -0.252489 -0.0926187   -9.80531 
                83.4  1.68753 -1.52184  77.6825  -0.24007 -0.405585    3.7915 0 0 0    0    0 0.07   -0.05468 -0.0890335  0.0333766  0.00126273 -0.00166605 0.000178403  -0.353861 -0.0386599  0.0065523  -0.252441 -0.0924137   -9.80532 
                83.5  1.68763 -1.52564  77.6543 -0.256367 -0.412236   3.78953 0 0 0    0    0 0.07 -0.0843034 -0.0867666  0.0143387  0.00128286  -0.0016673 0.000190725  -0.354069 -0.0394037 0.00712529  -0.25263 -0.092546  -9.80531 
                83.6  1.67475 -1.53772  77.6347 -0.251487 -0.414006   3.78984 0 0 0    0    0 0.07 -0.0466617 -0.0745712  0.0097482  0.00122981 -0.00169624 0.000201108  -0.354506 -0.0384271 0.00721724  -0.252553 -0.0922301   -9.80531 
                83.7  1.67878 -1.53928  77.6091 -0.255864 -0.421278   3.78836 0 0 0    0    0 0.07 -0.0461808 -0.0794331 9.7228e-05  0.00121645  -0.0016966 0.000213688  -0.354527 -0.0384068 0.00744759  -0.252555 -0.0922181   -9.80531 
                83.8  1.65819 -1.53677  77.6742 -0.242681 -0.417636    3.7873 0 0 0    0    0 0.07  0.00369946  -0.0531331 -0.00419328  0.00114763 -0.00175437 0.000187709  -0.355269 -0.0371481 0.00753111  -0.252497 -0.0917822   -9.80532 
                83.9   1.6623 -1.53576  77.6449  -0.25055 -0.417356   3.78629 0 0 0    0    0 0.07 -0.0191651 -0.0419377 -0.0081165   0.0011542 -0.00175482 0.000208916  -0.355686 -0.0377051 0.00761702  -0.252699 -0.0918343   -9.80531 
                  84  1.62696 -1.51603  77.6644 -0.237057 -0.414095   3.78408 0 0 0    0    0 0.07  0.0225035 -0.0279025 -0.0146356  0.00109672 -0.00178278 0.000205597  -0.356142 -0.0365844 0.00773495  -0.252599 -0.0914866   -9.80532 
                84.1  1.62593 -1.51561  77.6433 -0.249911 -0.412389   3.78277 0 0 0    0    0 0.07 -0.0177973 -0.0191765 -0.0168599  0.00109891 -0.00176852 0.000214012   -0.35657 -0.0377017 0.00778884  -0.252905 -0.0916669   -9.80531 
                84.2  1.59119 -1.48921  77.6727 -0.238497 -0.407899   3.77978 0 0 0    0    0 0.07   0.0180614 -0.00646036  -0.0225175  0.00107103 -0.00178699 0.000201107  -0.356994  -0.036634 0.00791666  -0.252808 -0.0913393   -9.80532 
                84.3  1.59651 -1.48483  77.7045 -0.230877 -0.403028    3.7802 0 0 0    0    0 0.07  0.0328707 0.00335849 -0.0135812  0.00105102 -0.00179039 0.000190596  -0.357418 -0.0362027  0.0076086  -0.252828 -0.0911653   -9.80532 
                84.4  1.58969 -1.46886  77.7253 -0.217786 -0.397509   3.77911 0 0 0    0    0 0.07  0.0598706  0.0127914 -0.0130682  0.00104852 -0.00180416 0.000190667  -0.357787 -0.0354013 0.00753802  -0.252767 -0.0909136   -9.80532 
                84.5  1.59485 -1.46888  77.7625 -0.209325 -0.397989   3.77825 0 0 0    0    0 0.07  0.0670101  0.0040437 -0.0125163  0.00104717 -0.00180453 0.000179905  -0.357652 -0.0352019 0.00746751    -0.2527 -0.0908932   -9.80532 
                84.6  1.61208 -1.49157  77.7879 -0.197035  -0.39341   3.77733 0 0 0    0    0 0.07  0.0819109   0.010382 -0.0118249  0.00103465 -0.00180908 0.000172264  -0.357992 -0.0347324 0.00739802  -0.252693 -0.0907239   -9.80532 
                84.7   1.6175 -1.49056  77.7984 -0.192438 -0.396763   3.77675 0 0 0    0    0 0.07  0.0738271 -0.0045817 -0.0109123  0.00103371 -0.00181675 0.000171027  -0.357674 -0.0350182 0.00732616  -0.252672 -0.0908485   -9.80532 
                84.8  1.61676 -1.50777  77.8201 -0.180613    -0.393   3.77599 0 0 0    0    0 0.07  0.0855253 0.00154979  -0.010034  0.00102702  -0.0018256 0.000163449  -0.358036 -0.0346459 0.00726469  -0.252688 -0.0906981   -9.80533 
                84.9  1.61631 -1.51023  77.7787 -0.189739 -0.400205   3.77362 0 0 0    0    0 0.07   0.039277 -0.0195785 -0.0158085  0.00105248 -0.00181848 0.000188549  -0.357539 -0.0360576 0.00747256  -0.252828 -0.0911092   -9.80532 
                  85  1.61689 -1.53429   77.756 -0.185794  -0.40049   3.77284 0 0 0    0    0 0.07  0.0386091 -0.0194546 -0.0124237   0.0010521 -0.00182528 0.000204711  -0.357693 -0.0360599 0.00739342  -0.252864 -0.0910829   -9.80532 
                85.1  1.61854 -1.53472  77.7546 -0.188692  -0.40148   3.77143 0 0 0    0    0 0.07  0.0198716 -0.0201705  -0.012133  0.00107075 -0.00182807 0.000209896  -0.357793 -0.0365318 0.00743516  -0.252971 -0.0911719   -9.80531 
                85.2  1.61956 -1.54298  77.7218 -0.185191 -0.399783   3.77138 0 0 0    0    0 0.07   0.0241947  -0.0152289 -0.00639072  0.00106641 -0.00183663 0.000229765  -0.358097 -0.0364336 0.00728823  -0.253023 -0.0910969   -9.80531 
                85.3  1.62158 -1.54292  77.7144 -0.187294 -0.401976   3.77037 0 0 0    0    0 0.07   0.0122005  -0.0213055 -0.00640591  0.00107479 -0.00183849 0.000236273  -0.358083  -0.036765 0.00736121  -0.253079 -0.0911732   -9.80531 
                85.4  1.62747 -1.55103  77.7031 -0.184073 -0.395734   3.76993 0 0 0    0    0 0.07   0.0164813 -0.00281509 -0.00518097  0.00107509 -0.00184477  0.00024649  -0.358766 -0.0366501 0.00735462  -0.253212 -0.0910251   -9.80531 
                85.5  1.63151 -1.54872  77.7329 -0.171633 -0.395344   3.76948 0 0 0    0    0 0.07   0.0450804 -0.00724242 -0.00347841  0.00108747  -0.0018575 0.000230386  -0.358782 -0.0358248 0.00731426  -0.253069 -0.0908384   -9.80531 
                85.6  1.66538 -1.57445  77.7195 -0.169385  -0.39008   3.77027 0 0 0    0    0 0.07  0.0395079 0.00515841 0.00135749  0.00108829 -0.00185028 0.000242704  -0.359349 -0.0360721 0.00718469   -0.25324 -0.0907937   -9.80531 
                85.7  1.66571 -1.57746  77.7195 -0.162636 -0.395869   3.76798 0 0 0    0    0 0.07   0.0481378  -0.0167093 -0.00582683  0.00111082 -0.00187308 0.000247159  -0.358808 -0.0358107  0.0074654  -0.253072 -0.0908285   -9.80531 
                85.8  1.69893 -1.61122   77.641 -0.160967 -0.388685   3.76826 0 0 0    0    0 0.07   0.0390655  0.00353073 -0.00277223  0.00111136 -0.00187805 0.000282937  -0.359669 -0.0361626 0.00739302  -0.253325 -0.0907539   -9.80531 
                85.9  1.69828 -1.61303  77.6253 -0.159199 -0.397393   3.76547 0 0 0    0    0 0.07  0.0355765 -0.0256527 -0.0110615   0.0011263 -0.00189212 0.000292412  -0.358928 -0.0363189 0.00766705  -0.253189 -0.0909162   -9.80531 
                  86  1.72393 -1.63367  77.6037 -0.159616 -0.388532    3.7653 0 0 0    0    0 0.07   0.0232007  0.00202207 -0.00798005  0.00113519 -0.00190779 0.000301899  -0.359979 -0.0367283 0.00760252 -0.253492  -0.09082   -9.8053 
                86.1 1.72578  -1.634  77.619 -0.160485 -0.385229   3.76411 0 0 0    0    0 0.07  0.0151993 0.00528235 -0.0101807  0.00114172 -0.00191016 0.000297089  -0.360253 -0.0369925 0.00766059 -0.253598 -0.090828   -9.8053 
                86.2  1.72276 -1.62618  77.6628 -0.161059  -0.37566   3.76415 0 0 0    0    0 0.07   0.0087258    0.025888 -0.00721835  0.00114805 -0.00191789 0.000275021  -0.361037 -0.0372141 0.00755792  -0.253807 -0.0907387    -9.8053 
                86.3  1.72493 -1.62555  77.6837 -0.167881 -0.369352   3.76347 0 0 0    0    0 0.07  -0.0105601    0.031057 -0.00673369  0.00115224 -0.00190508 0.000265168   -0.36137   -0.03782 0.00759861  -0.253985 -0.0908097   -9.80529 
                86.4  1.69485 -1.59925  77.7494 -0.172243 -0.363257   3.76424 0 0 0    0    0 0.07   -0.0200613     0.034631 -0.000274635   0.0011533 -0.00190285 0.000232019  -0.361665  -0.038115 0.00743997    -0.2541 -0.0908231   -9.80529 
                86.5  1.69612 -1.59707  77.7211 -0.189279 -0.361115   3.76434 0 0 0    0    0 0.07 -0.0596249  0.0272233 0.00100117  0.00116553 -0.00187618  0.00024575  -0.361636 -0.0392592 0.00748934  -0.254294 -0.0910719   -9.80528 
                86.6  1.6615 -1.5806 77.8275 -0.194174 -0.356639   3.76482 0 0 0    0    0 0.07 -0.0568696  0.0277685 0.00300386  0.00116673 -0.00187667 0.000196069   -0.36179 -0.0391837 0.00744773  -0.254314 -0.0910294   -9.80528 
                86.7 1.66604 -1.5795 77.8138 -0.194522 -0.360423   3.76378 0 0 0    0    0 0.07   -0.0405543   0.00378287 -0.000338459   0.0011408 -0.00185126 0.000198642  -0.361313 -0.0387775  0.0075513  -0.254141 -0.0910247   -9.80528 
                86.8  1.65765 -1.57177  77.8359 -0.194914 -0.357209   3.76394 0 0 0    0    0 0.07  -0.0303377  0.00634568 0.000703037  0.00114115 -0.00185848 0.000178067  -0.361535 -0.0384977 0.00751854   -0.25414 -0.0909268   -9.80529 
                86.9  1.66227 -1.57355  77.8078 -0.195037 -0.364709   3.76248 0 0 0    0    0 0.07  -0.0209607   -0.019212 -0.00388939  0.00113632 -0.00185001 0.000194967  -0.360912 -0.0382457 0.00766441  -0.253963 -0.0909793   -9.80529 
                  87  1.67336 -1.58221  77.7874 -0.195223 -0.364158   3.76301 0 0 0    0    0 0.07  -0.0156635  -0.0178667 1.50017e-05  0.00113189 -0.00185079 0.000199467  -0.361131 -0.0381023 0.00754777  -0.253986 -0.0909125   -9.80529 
                87.1  1.67752 -1.58352  77.7971 -0.190113 -0.370234   3.76175 0 0 0    0    0 0.07  0.00442379  -0.0358094 -0.00429727   0.0011174 -0.00184158 0.000195896  -0.360811  -0.037603 0.00763716  -0.253832 -0.0908605   -9.80529 
                87.2   1.6912 -1.58301  77.7412 -0.189509  -0.37204   3.76235 0 0 0    0    0 0.07   0.00579406   -0.0351348 -0.000301728  0.00112121 -0.00184589 0.000217627  -0.360964 -0.0376041 0.00753396  -0.253865 -0.0908358   -9.80529 
                87.3  1.69509 -1.58308  77.7622 -0.186465 -0.373902   3.76111 0 0 0    0    0 0.07   0.0131169  -0.0355988 -0.00455616  0.00111359 -0.00183871 0.000206135  -0.361081 -0.0374493  0.0076309 -0.253863 -0.090782  -9.80529 
                87.4   1.6966 -1.57932  77.7902 -0.185774 -0.375209   3.76167 0 0 0    0    0 0.07     0.011717   -0.0331757 -0.000831744  0.00111309 -0.00183368  0.00019632   -0.36127 -0.0375112 0.00751058  -0.253913 -0.0907641   -9.80529 
                87.5  1.70139 -1.57867  77.7753  -0.19186 -0.379546   3.76178 0 0 0    0    0 0.07  -0.00524068   -0.0396331 -0.000909709  0.00111952  -0.0018061 0.000207147  -0.361238 -0.0380146  0.0075142  -0.253992 -0.0908738   -9.80529 
                87.6  1.68203 -1.55574  77.8092 -0.191427 -0.380626   3.76365 0 0 0    0    0 0.07 -0.00202311  -0.0354881  0.00736682  0.00111734   -0.001807 0.000195845  -0.361473 -0.0379652 0.00728215  -0.254033 -0.0908265   -9.80529 
                87.7  1.68697 -1.55383  77.8279 -0.196138 -0.378937   3.76362 0 0 0    0    0 0.07 -0.0139596   -0.02521 0.00451135  0.00111378 -0.00178355 0.000190901  -0.361861 -0.0383014 0.00738105   -0.25417 -0.0908286   -9.80529 
                87.8  1.67041 -1.53704  77.9022 -0.194507 -0.379596   3.76613 0 0 0    0    0 0.07 -0.00533951  -0.0242802   0.0122239   0.0011149 -0.00176572 0.000135268  -0.362013 -0.0380779 0.00708309  -0.254164 -0.0907605   -9.80529 
                87.9  1.67485 -1.53425  77.9456 -0.188454 -0.376447   3.76535 0 0 0    0    0 0.07  0.0118092 -0.0147414 0.00597335  0.00110999 -0.00174053 0.000108868   -0.36242 -0.0375976 0.00732265  -0.254167 -0.0905906   -9.80529 
                  88  1.66539 -1.50492  77.9715 -0.187826 -0.376376   3.76889 0 0 0    0    0 0.07  0.0108825 -0.0129386  0.0165915   0.0011151 -0.00171962 9.47367e-05  -0.362596 -0.0376688 0.00681895  -0.254215 -0.0905811   -9.80529 
                88.1  1.67158 -1.50257  77.9766 -0.189867 -0.376461    3.7678 0 0 0    0    0 0.07 0.00329901 -0.0130576 0.00697604   0.0010824 -0.00165193 9.59198e-05  -0.362737 -0.0379666 0.00724199  -0.254294 -0.0906137   -9.80528 
                88.2  1.64668 -1.47222  77.9624 -0.189647 -0.380278   3.77046 0 0 0    0    0 0.07 0.00338992 -0.0224595  0.0147771  0.00107488  -0.0016329 0.000114615  -0.362502 -0.0379547 0.00685869  -0.254245 -0.0906544   -9.80529 
                88.3  1.64948 -1.47197  77.9855  -0.19497 -0.377938   3.76924 0 0 0    0    0 0.07 -0.0107881 -0.0131801 0.00544046  0.00100493 -0.00158489 9.63249e-05  -0.363028 -0.0385892 0.00736049  -0.254459 -0.0906919   -9.80528 
                88.4   1.6323 -1.47375  78.0241  -0.19044 -0.378405    3.7705 0 0 0    0    0 0.07 0.00419712 -0.0146023 0.00846262  0.00102043  -0.0015598 6.81486e-05  -0.363092 -0.0379408 0.00718605  -0.254364 -0.0905498   -9.80528 
                88.5  1.63611 -1.47211  78.0116 -0.190881 -0.380625   3.76923 0 0 0    0    0 0.07 0.00266354 -0.0192638 0.00147849  0.00100337 -0.00154842 7.43934e-05  -0.363027  -0.038033 0.00752212  -0.254366 -0.0905762   -9.80528 
                88.6  1.62659 -1.46462  77.9797 -0.186752 -0.382297   3.77065 0 0 0    0    0 0.07  0.0140586 -0.0213527 0.00700375  0.00102918 -0.00155007 9.13201e-05  -0.363046 -0.0375944 0.00727521  -0.254298 -0.0904856   -9.80529 
                88.7  1.63277 -1.46504   78.009 -0.175159 -0.385826   3.76932 0 0 0    0    0 0.07   0.0414693   -0.028586 0.000124221  0.00106513 -0.00155177 7.20895e-05  -0.362864 -0.0365218 0.00750616  -0.254083 -0.0902937   -9.80529 
                88.8  1.65672 -1.48635  77.9056 -0.172874 -0.390028    3.7713 0 0 0    0    0 0.07  0.0368299 -0.0358122 0.00778878  0.00106343 -0.00155284 0.000120704  -0.362768 -0.0367101 0.00724307  -0.254094 -0.0903507   -9.80529 
                88.9  1.65965 -1.49016  77.9123 -0.166952 -0.398545   3.76896 0 0 0    0    0 0.07   0.0444569  -0.0528899 -0.00346913  0.00107896 -0.00158435 0.000104128  -0.362342 -0.0365031 0.00754826 -0.253973 -0.090376   -9.8053 
                  89  1.67824 -1.51875  77.8409 -0.162625 -0.400828   3.76923 0 0 0    0    0 0.07    0.044433  -0.0485389 -0.00188054  0.00107921 -0.00158605 0.000161892  -0.362631 -0.0365359 0.00746272  -0.254037 -0.0903358   -9.80529 
                89.1  1.67992 -1.52064  77.8408 -0.152185 -0.405566   3.76622 0 0 0    0    0 0.07  0.0608367 -0.0528403 -0.0107586  0.00110707 -0.00161548 0.000159603  -0.362622 -0.0360221 0.00781637   -0.25395 -0.0902303    -9.8053 
                89.2  1.72424 -1.57484  77.7945 -0.145846 -0.404386   3.76495 0 0 0    0    0 0.07  0.0618301 -0.0405341 -0.0117877  0.00109772   -0.001601 0.000195768  -0.363269 -0.0360645 0.00788226  -0.254087 -0.0901314   -9.80529 
                89.3  1.72789 -1.57874  77.7788 -0.141862 -0.413244   3.76299 0 0 0    0    0 0.07  0.0581728 -0.0560568 -0.0158693  0.00110598 -0.00163591 0.000207869   -0.36284 -0.0362458  0.0079829  -0.254031 -0.0902369   -9.80529 
                89.4  1.74537 -1.60366  77.6723 -0.141556 -0.413766   3.76151 0 0 0    0    0 0.07  0.0436181 -0.0462608 -0.0177784   0.0010787 -0.00163224 0.000288994  -0.363412 -0.0368589 0.00799977  -0.254244 -0.0902636   -9.80529 
                89.5  1.74912 -1.61125  77.6152 -0.154634 -0.426431    3.7602 0 0 0    0    0 0.07 0.00056969 -0.0698184 -0.0184888   0.0010261 -0.00166503 0.000329724  -0.362754 -0.0384326 0.00798426  -0.254371 -0.0906804   -9.80528 
                89.6  1.72601 -1.61699  77.6239 -0.155591  -0.42369   3.75753 0 0 0    0    0 0.07 -0.00331311  -0.0480305  -0.0239948 0.000991423 -0.00162888 0.000329435  -0.363727 -0.0386165  0.0081374  -0.254591 -0.0905545   -9.80528 
                89.7  1.72762 -1.62166  77.5716 -0.175251 -0.426039   3.75549 0 0 0    0    0 0.07 -0.0516442 -0.0451238 -0.0247739 0.000878415 -0.00161749 0.000371792  -0.364033 -0.0404247 0.00818134  -0.254945 -0.0908528   -9.80527 
                89.8  1.68548 -1.60888  77.6643 -0.173474 -0.418818   3.75142 0 0 0    0    0 0.07 -0.0346548 -0.0201207 -0.0308947  0.00087298 -0.00155981 0.000300114  -0.365194 -0.0398278 0.00846896 -0.255071 -0.090545  -9.80526 
                89.9  1.68356 -1.60851  77.6439 -0.186126 -0.414994   3.74996 0 0 0    0    0 0.07  -0.0585432 -0.00913667  -0.0245309 0.000810976 -0.00152208 0.000308401  -0.365812 -0.0407597 0.00831911  -0.255341 -0.0906231   -9.80526 
                  90  1.63548 -1.56207  77.7117 -0.183085  -0.40638   3.74636 0 0 0    0    0 0.07 -0.0357844  0.0113734  -0.026929  0.00083612 -0.00149055 0.000258142  -0.366743 -0.0399229 0.00850176  -0.255382 -0.0903105   -9.80526 
                90.1  1.63791 -1.56106  77.7021 -0.190655 -0.402658   3.74579 0 0 0    0    0 0.07 -0.0469563  0.0144585   -0.01781 0.000793074 -0.00145513 0.000269531  -0.367026 -0.0403213 0.00826903  -0.255501 -0.0903426   -9.80526 
                90.2  1.58837 -1.51794  77.7787 -0.189331 -0.396823   3.74216 0 0 0    0    0 0.07 -0.0317562  0.0224804   -0.02303 0.000821032 -0.00145162 0.000217593  -0.367449 -0.0397329 0.00857457  -0.255485 -0.0901594   -9.80526 
                90.3  1.59104 -1.51683  77.7881 -0.187468 -0.394204   3.74182 0 0 0    0    0 0.07 -0.0188026  0.0199775 -0.0147911 0.000820621 -0.00143617  0.00021258  -0.367502 -0.0392616 0.00829693   -0.25542 -0.0900651   -9.80526 
                90.4  1.58051 -1.50076  77.8583 -0.179888 -0.388352   3.73724 0 0 0    0    0 0.07 0.00669139    0.02635 -0.0248646 0.000837159 -0.00142105 0.000154584  -0.367841 -0.0383572 0.00873009 -0.255337 -0.089835  -9.80526 
                90.5  1.58615 -1.50205  77.8783 -0.174064 -0.389824   3.73751 0 0 0    0    0 0.07  0.0203566  0.0118643 -0.0144589 0.000853486 -0.00142471 0.000140597  -0.367489 -0.0378702 0.00836317  -0.255194 -0.0898035   -9.80527 
                90.6  1.60171 -1.50095  77.8841 -0.168185 -0.389791   3.73469 0 0 0    0    0 0.07  0.0307972  0.0057388 -0.0175603 0.000862213 -0.00142665 0.000135376  -0.367364 -0.0374772 0.00858254  -0.255106 -0.0897471   -9.80527 
                90.7  1.60854 -1.50175  77.9204 -0.158012 -0.389462   3.73451 0 0 0    0    0 0.07   0.0484063 0.000491215  -0.0112607 0.000885503 -0.00142101 0.000100537  -0.367346 -0.0368069 0.00832434  -0.254997 -0.0896253   -9.80528 
                90.8  1.61542 -1.49574  77.8813 -0.150283 -0.391472   3.73236 0 0 0    0    0 0.07   0.0571846 -0.00785189   -0.013535 0.000894283 -0.00142179 0.000117972  -0.367128 -0.0364868 0.00849233  -0.254904 -0.0895978   -9.80528 
                90.9  1.61926 -1.49748  77.8797 -0.152361  -0.39609   3.73208 0 0 0    0    0 0.07   0.0376367  -0.0198823 -0.00862628  0.00087451 -0.00143035 0.000116486    -0.3668 -0.0372255   0.008382  -0.254959 -0.0897913   -9.80527 
                  91  1.62268 -1.50164  77.8613 -0.146493 -0.397685   3.73052 0 0 0    0    0 0.07   0.0426028  -0.0225415 -0.00878803 0.000866836 -0.00142515 0.000123156  -0.366845 -0.0370142 0.00850049  -0.254934 -0.0897431   -9.80528 
                91.1   1.6271 -1.50226  77.8371 -0.158209 -0.401007   3.73089 0 0 0    0    0 0.07  0.00147299  -0.0260733 -0.00350055 0.000856945 -0.00142082 0.000139457  -0.366789 -0.0384634 0.00842091  -0.255152 -0.0900263   -9.80527 
                91.2  1.60127 -1.49057  77.8355 -0.156161 -0.401735   3.72997 0 0 0    0    0 0.07  0.00589547  -0.0231227 -0.00373701 0.000859044 -0.00142231 0.000140045  -0.366957  -0.038299 0.00850154  -0.255158 -0.0899681   -9.80527 
                91.3   1.6069 -1.49061  77.8109 -0.164134 -0.404314   3.73054 0 0 0    0    0 0.07 -0.0174563 -0.0251687  0.0010859 0.000865915  -0.0014149 0.000147475  -0.366953 -0.0389762 0.00844432 -0.255264 -0.090096  -9.80526 
                91.4  1.59676 -1.48908    77.83 -0.163179 -0.404291   3.72919 0 0 0    0    0 0.07 -0.00878327  -0.0199352 -0.00314278   0.0008571 -0.00141861 0.000139539  -0.367145 -0.0387842 0.00860086  -0.255269 -0.0900285   -9.80526 
                91.5 1.60366 -1.4877 77.8364 -0.163643 -0.405185   3.73074 0 0 0    0    0 0.07 -0.00734427  -0.0194731    0.005009 0.000851715 -0.00141486 0.000135975  -0.367233 -0.0387618 0.00846039  -0.255282 -0.0900119   -9.80526 
                91.6  1.61664 -1.48975  77.8288 -0.159455 -0.405239    3.7308 0 0 0    0    0 0.07  0.0067864 -0.0184163 0.00457788 0.000839757 -0.00142269  0.00013995  -0.367362 -0.0384342  0.0085022  -0.255255 -0.0899313   -9.80527 
                91.7  1.62433 -1.48985  77.8264 -0.154952 -0.411163    3.7307 0 0 0    0    0 0.07  0.0176392 -0.0329235 0.00390983 0.000825845 -0.00142369 0.000139305  -0.367112 -0.0381807 0.00853731   -0.25517 -0.0899239   -9.80527 
                91.8   1.6225 -1.50877  77.8023 -0.151368  -0.41098   3.73118 0 0 0    0    0 0.07  0.0222036 -0.0266462 0.00494191 0.000823634 -0.00143981 0.000153519  -0.367363 -0.0380766 0.00853911 -0.255199 -0.089866  -9.80527 
                91.9    1.627 -1.50908  77.7865 -0.156204 -0.417573   3.73127 0 0 0    0    0 0.07 0.00410646 -0.0394155 0.00360527 0.000837693 -0.00143338 0.000161186  -0.367114 -0.0385489 0.00860521  -0.255227 -0.0899894   -9.80527 
                  92  1.63525 -1.52849  77.8048 -0.152043 -0.413483   3.73081 0 0 0    0    0 0.07   0.0138251  -0.0198456 0.000572261 0.000832397 -0.00145699 0.000153393  -0.367703 -0.0383197 0.00870186 -0.255298 -0.089856  -9.80527 
                92.1  1.6429 -1.5268 77.8104 -0.149221 -0.415948   3.73181 0 0 0    0    0 0.07  0.0188825 -0.0252011 0.00251697 0.000832045 -0.00145509  0.00015373  -0.367688 -0.0382245 0.00861109  -0.255281 -0.0898422   -9.80527 
                92.2  1.65911 -1.52739  77.8255 -0.149252 -0.412666   3.73336 0 0 0    0    0 0.07  0.0129883 -0.0104573 0.00731182 0.000848447 -0.00146974 0.000148814  -0.368094  -0.038389 0.00850745 -0.255379  -0.08981  -9.80526 
                92.3  1.66486 -1.52425  77.8728 -0.144921 -0.409537   3.73417 0 0 0    0    0 0.07   0.0219565 -0.00205469   0.0072747 0.000854341 -0.00146629 0.000119757  -0.368362 -0.0382189 0.00850076    -0.2554 -0.0897387   -9.80526 
                92.4  1.68417 -1.51044  77.9096 -0.146553  -0.40813   3.73702 0 0 0    0    0 0.07    0.013106 0.000144502   0.0135253 0.000857262 -0.00143483 9.03449e-05  -0.368509 -0.0385249 0.00821528  -0.255474 -0.0897728   -9.80526 
                92.5  1.69142 -1.50725  77.9297 -0.146453 -0.406612   3.73858 0 0 0    0    0 0.07  0.0114627 0.00223347  0.0120456 0.000860375 -0.00142692 8.27288e-05  -0.368631 -0.0386319 0.00818332  -0.255511 -0.0897734   -9.80526 
                92.6  1.68925 -1.49729  77.9346 -0.152884 -0.406564   3.74541 0 0 0    0    0 0.07 -0.00977722 0.000671352   0.0333568 0.000891028  -0.0014005 7.17042e-05   -0.36867 -0.0392215 0.00761025  -0.255608 -0.0898765   -9.80526 
                92.7  1.69618 -1.49242  77.9628 -0.151197 -0.406775   3.74648 0 0 0    0    0 0.07 -0.000569739  -0.00348643    0.0240201 0.000891276 -0.00138635 5.45222e-05  -0.368653 -0.0390416  0.0077871  -0.255578 -0.0898457   -9.80526 
                92.8  1.71624 -1.49834   77.975  -0.15617 -0.404448   3.75331 0 0 0    0    0 0.07 -0.0137068 0.00282285  0.0401432 0.000900845 -0.00137763 4.58887e-05  -0.368885 -0.0394375 0.00728033  -0.255679 -0.0898849   -9.80526 
                92.9  1.72084 -1.49492   77.999  -0.15041 -0.406596   3.75324 0 0 0    0    0 0.07  0.00789716 -0.00763421   0.0250542 0.000899426 -0.00136205 2.49474e-05  -0.368716 -0.0389473 0.00763298  -0.255575 -0.0898209   -9.80526 
                  93  1.72736 -1.50275  77.9367 -0.160369 -0.412015   3.76143 0 0 0    0    0 0.07 -0.0198358 -0.0212373  0.0473583 0.000931951 -0.00132981 5.25647e-05  -0.368443 -0.0397271 0.00697852  -0.255643 -0.0900042   -9.80526 
                93.1  1.73313 -1.49956   77.954 -0.151043 -0.414166   3.76029 0 0 0    0    0 0.07  0.0121315 -0.0257175   0.028218 0.000917837 -0.00131413 3.44799e-05  -0.368416 -0.0389419 0.00753746  -0.255522 -0.0898657   -9.80526 
                93.2  1.72114 -1.49884  77.9248 -0.158655 -0.418917   3.76652 0 0 0    0    0 0.07 -0.0114768  -0.032491   0.041764 0.000953386 -0.00129294 4.84183e-05  -0.368309 -0.0396502 0.00709144  -0.255608 -0.0900089   -9.80526 
                93.3  1.72493 -1.50009  77.9091 -0.159931 -0.426038   3.76489 0 0 0    0    0 0.07  -0.010025 -0.0448508     0.0226 0.000951678 -0.00127245 5.46063e-05  -0.368002 -0.0396323 0.00779315  -0.255552 -0.0900451   -9.80526 
                93.4   1.7153 -1.49799  77.8195 -0.168866 -0.431671   3.76941 0 0 0    0    0 0.07 -0.0308491 -0.0495573  0.0304459 0.000959168 -0.00125847 9.95863e-05  -0.367968 -0.0403569 0.00748449 -0.255653 -0.090178  -9.80525 
                93.5  1.72068 -1.49819  77.7747  -0.18019 -0.435939   3.76933 0 0 0    0    0 0.07 -0.0512907 -0.0500467  0.0189174 0.000947379 -0.00124366 0.000133142  -0.368045  -0.041066 0.00790506  -0.255771 -0.0902846   -9.80525 
                93.6  1.70647 -1.50469  77.7617 -0.188626 -0.438016   3.77323 0 0 0    0    0 0.07 -0.0606081 -0.0436607  0.0259155 0.000947421 -0.00123619 0.000140908  -0.368345 -0.0414119 0.00763042  -0.255874 -0.0903015   -9.80525 
                93.7  1.71069 -1.50642   77.738 -0.197467 -0.442946   3.77275 0 0 0    0    0 0.07 -0.0669413  -0.047967  0.0158186  0.00093969 -0.00123605  0.00015024  -0.368302 -0.0416486 0.00801205  -0.255901 -0.0903444   -9.80525 
                93.8  1.69586 -1.51719  77.7185 -0.202023 -0.439815   3.77817 0 0 0    0    0 0.07 -0.0610016 -0.0285241  0.0316394 0.000932925 -0.00124516 0.000162864  -0.368987 -0.0415394 0.00759574  -0.256001 -0.0902288   -9.80524 
                93.9   1.7001 -1.51707  77.7009 -0.213291 -0.439602   3.77732 0 0 0    0    0 0.07  -0.074638 -0.0225629  0.0182146 0.000924192 -0.00125425 0.000172812  -0.369206  -0.041937 0.00799576  -0.256095 -0.0902589   -9.80524 
                  94  1.68699 -1.53639  77.7937 -0.214863 -0.431286    3.7814 0 0 0    0    0 0.07 -0.0589516 0.00303182  0.0285267 0.000909834 -0.00128472 0.000129633  -0.370034 -0.0415637 0.00773979  -0.256178 -0.0900781   -9.80524 
                94.1 1.68723 -1.5346 77.8182 -0.212868 -0.427677   3.77932 0 0 0    0    0 0.07 -0.0375896 0.00772254  0.0117876 0.000879057 -0.00129219 0.000123331  -0.370268 -0.0410255 0.00821466  -0.256138 -0.0899511   -9.80524 
                94.2    1.677 -1.52772  77.8287 -0.212207 -0.422167   3.78226 0 0 0    0    0 0.07 -0.0243546  0.0158817  0.0189613 0.000876296 -0.00129156 0.000127113   -0.37065 -0.0407228 0.00794888  -0.256157 -0.0898483   -9.80524 
                94.3  1.67792 -1.52613  77.8551 -0.209572 -0.418298   3.78056 0 0 0    0    0 0.07 -0.0116054   0.017913 0.00671721 0.000863648 -0.00129419 0.000119856  -0.370817 -0.0403484 0.00838481  -0.256129 -0.0897587   -9.80524 
                94.4  1.67432 -1.53275  77.9142 -0.207696 -0.414502   3.78093 0 0 0    0    0 0.07 -0.00265894   0.0205495  0.00556075   0.0008487 -0.00129447 9.51371e-05  -0.370977 -0.0401296 0.00841177  -0.256124 -0.0896995   -9.80525 
                94.5   1.6766 -1.52981   77.877 -0.218468 -0.416961   3.78086 0 0 0    0    0 0.07 -0.0306722    0.00638 0.00284815 0.000848359 -0.00128079 0.000120671  -0.370668 -0.0408396 0.00848279  -0.256176 -0.0898596   -9.80524 
                94.6  1.63245 -1.51623  77.9085 -0.213291 -0.409079   3.78205 0 0 0    0    0 0.07 -0.00932259   0.0219076  0.00655462 0.000833326 -0.00131283 0.000108694  -0.371203  -0.040277 0.00835328 -0.256183 -0.089692  -9.80524 
                94.7  1.63228 -1.52063  77.8877 -0.226167 -0.415485    3.7798 0 0 0    0    0 0.07  -0.0383936 -0.00208772 -0.00315782 0.000800608 -0.00132038 0.000127206  -0.370594  -0.041093 0.00871733    -0.2562 -0.0899095   -9.80524 
                94.8  1.60505 -1.54608  77.9146 -0.219985 -0.407329   3.77849 0 0 0    0    0 0.07 -0.0130847  0.0148202 -0.0064394 0.000794907 -0.00133298 0.000113827  -0.371266 -0.0403236 0.00884701  -0.256199 -0.0896867   -9.80524 
                94.9  1.60398 -1.55118  77.8758 -0.231824  -0.41526   3.77712 0 0 0    0    0 0.07  -0.039569  -0.010905 -0.0097014 0.000773226 -0.00136409 0.000144817  -0.370524 -0.0411194 0.00896598  -0.256191 -0.0899215   -9.80524 
                  95  1.58221 -1.57214  77.8774 -0.225615 -0.408255   3.77299 0 0 0    0    0 0.07 -0.0134755 0.00519568 -0.0225333 0.000789585  -0.0013657 0.000152281  -0.371227 -0.0402504 0.00940836  -0.256181 -0.0896757   -9.80524 
                95.1  1.58584 -1.57378  77.8515 -0.227783 -0.416796   3.77264 0 0 0    0    0 0.07 -0.0154114 -0.0216719 -0.0160499 0.000787682 -0.00138561 0.000173792  -0.370468 -0.0402474 0.00914729  -0.256058 -0.0897862   -9.80525 
                95.2  1.58117 -1.57558  77.8378 -0.219899 -0.409964   3.76861 0 0 0    0    0 0.07  0.00909295 -0.00115163  -0.0261652 0.000790373 -0.00138276 0.000184088  -0.371268 -0.0394747 0.00943857 -0.256077 -0.089545  -9.80525 
                95.3  1.58455 -1.57546  77.8529  -0.21772 -0.406131   3.76879 0 0 0    0    0 0.07  0.0115134 0.00538516 -0.0172141 0.000784502 -0.00138112 0.000176269  -0.371616 -0.0393966 0.00915487 -0.256123 -0.089486  -9.80525 
                95.4  1.57571 -1.57338  77.8679 -0.209796  -0.39874    3.7643 0 0 0    0    0 0.07  0.0282121  0.0209824 -0.0280136 0.000775394 -0.00139306 0.000171433  -0.372175 -0.0388884 0.00947526   -0.25614 -0.0893227   -9.80525 
                95.5  1.57866 -1.57389  77.8185 -0.219148 -0.406964   3.76473 0 0 0    0    0 0.07 -0.00241189 -0.00937643  -0.0180012 0.000770573 -0.00139446 0.000202925  -0.371407 -0.0397499 0.00915937  -0.256139 -0.0895711   -9.80525 
                95.6  1.57065 -1.58476  77.8118 -0.211964 -0.399836   3.76115 0 0 0    0    0 0.07  0.0159433 0.00870991 -0.0246247 0.000762519 -0.00141298 0.000202552  -0.372083 -0.0392056 0.00939609   -0.25617 -0.0893878   -9.80525 
                95.7  1.57188 -1.58764  77.8379  -0.20309 -0.403021   3.75923 0 0 0    0    0 0.07   0.034863 -0.0066391 -0.0231367 0.000757306 -0.00143537 0.000177212  -0.371782 -0.0386111 0.00929004 -0.256039 -0.089338  -9.80525 
                95.8  1.59092 -1.61031  77.8299 -0.196016 -0.394534   3.75491 0 0 0    0    0 0.07 0.0431323 0.0137709 -0.031114 0.000753108 -0.00144902 0.000176147  -0.372576 -0.0383968 0.00958923  -0.256133 -0.0891901   -9.80525 
                95.9 1.59495 -1.6131 77.8117 -0.199294 -0.401549   3.75503 0 0 0    0    0 0.07  0.0223051 -0.0115867 -0.0195275 0.000763395 -0.00144754  0.00017959  -0.371934 -0.0389371  0.0092398  -0.256109 -0.0893676   -9.80525 
                  96  1.61572 -1.61904  77.8102 -0.194013  -0.39374   3.75266 0 0 0    0    0 0.07  0.0298652  0.0106172 -0.0198615 0.000760335 -0.00146328 0.000176968  -0.372712 -0.0387658 0.00931864  -0.256206 -0.0892318   -9.80525 
                96.1 1.61949 -1.6163 77.8515 -0.185568 -0.389235   3.75309 0 0 0    0    0 0.07  0.0448545  0.0150394 -0.0101688 0.000753664 -0.00146901 0.000160779  -0.373013 -0.0383749 0.00906217  -0.256199 -0.0891324   -9.80525 
                96.2  1.63387 -1.58498  77.9292 -0.183313  -0.37935   3.75329 0 0 0    0    0 0.07   0.0371377   0.0381176 -0.00452613 0.000776988 -0.00149019 0.000101509  -0.373642 -0.0385936 0.00898132  -0.256326 -0.0890795   -9.80525 
                96.3  1.64083 -1.57705  77.9908 -0.176276 -0.368204   3.75577 0 0 0    0    0 0.07  0.0463454  0.0547154 0.00604216 0.000788476 -0.00147214 5.64859e-05   -0.37416 -0.0384119 0.00874897  -0.256382 -0.0889823   -9.80525 
                96.4  1.66588 -1.55897  78.0487 -0.179331 -0.364485   3.76059 0 0 0    0    0 0.07 0.0267406 0.0480336 0.0226197 0.000796795   -0.001433 1.03099e-05  -0.374075   -0.03899 0.00818567  -0.256449 -0.0890879   -9.80524 
                96.5  1.67421 -1.54904   78.166 -0.157987 -0.352669   3.76134 0 0 0    0    0 0.07 0.0734126 0.0613893 0.0199718  0.000814549  -0.00139018 -7.66554e-05  -0.374607 -0.0376183 0.00830402  -0.256343 -0.0888025   -9.80525 
                96.6 1.68875 -1.5205 78.1304 -0.165472 -0.356151   3.76858 0 0 0    0    0 0.07 0.0366504 0.0355454 0.0406959  0.000818273  -0.00137337 -4.96021e-05   -0.37383 -0.0388929 0.00748582 -0.256397 -0.089113  -9.80524 
                96.7  1.69302 -1.51405  78.1912 -0.150526    -0.354   3.76867 0 0 0    0    0 0.07 0.0681944 0.0284598 0.0276584  0.000851034  -0.00133941 -9.71739e-05  -0.373682 -0.0378773  0.0079605  -0.256236 -0.0889709   -9.80525 
                96.8  1.71001 -1.51119  78.1419 -0.159763 -0.362129   3.77882 0 0 0    0    0 0.07   0.0275125 -0.00170158   0.0550357  0.000871369  -0.00131286 -5.82176e-05  -0.372731 -0.0393489 0.00686835  -0.256287 -0.0893384   -9.80524 
                96.9  1.71391 -1.50829   78.178 -0.143973 -0.366448   3.77742 0 0 0    0    0 0.07  0.0628711 -0.0153445  0.0319627   0.00093552  -0.00128663 -8.22659e-05  -0.372312 -0.0380861 0.00771186   -0.25605 -0.0891905   -9.80525 
                  97  1.72821 -1.50432  77.9658 -0.153687 -0.380011   3.78759 0 0 0    0    0 0.07  0.0238739 -0.0469788  0.0570323  0.00095552 -0.00128076 8.35733e-05  -0.371186 -0.0396215 0.00654774  -0.256079 -0.0895922   -9.80525 
                97.1  1.72989 -1.49769  78.0248 -0.133917 -0.380432   3.78811 0 0 0    0    0 0.07  0.0680841 -0.0415787  0.0384932  0.00103424 -0.00123724 4.25338e-05  -0.371582 -0.0379545 0.00721964  -0.255917 -0.0892723   -9.80525 
                97.2  1.74504 -1.52548  78.1292 -0.142057 -0.388072   3.80003 0 0 0    0    0 0.07  0.0302344 -0.0514335  0.0674375  0.00101962 -0.00121503 6.82012e-06  -0.371307 -0.0395304 0.00588943 -0.256085 -0.089564  -9.80525 
                97.3  1.74926 -1.52202  78.1819 -0.136943   -0.3878   3.79948 0 0 0    0    0 0.07   0.036922 -0.0407142  0.0402353   0.00102825  -0.00120659 -1.03715e-05  -0.371808 -0.0393709 0.00685239  -0.256142 -0.0894643   -9.80525 
                97.4 1.75305 -1.5555 78.2101 -0.143393 -0.388682   3.81287 0 0 0    0    0 0.07 0.00804135 -0.0328452  0.0769319    0.0010659  -0.00119491 -1.99076e-05  -0.372124  -0.040317 0.00588296 -0.256316 -0.089575  -9.80524 
                97.5  1.75701 -1.55325  78.2236 -0.144172 -0.391114   3.81085 0 0 0    0    0 0.07  0.0050752 -0.0337879  0.0424795   0.00106819  -0.00120636 -1.62596e-05  -0.372164 -0.0404316  0.0067297  -0.256338 -0.0895804   -9.80524 
                97.6 1.74843 -1.5811 78.2642 -0.155899 -0.393667    3.8179 0 0 0    0    0 0.07 -0.0285283 -0.0330292  0.0512043   0.00110108  -0.00119664 -2.81196e-05  -0.372258 -0.0414595 0.00638332 -0.256489 -0.089729  -9.80524 
                97.7  1.75132 -1.58125  78.2173 -0.16789 -0.39934  3.81653 0 0 0    0    0 0.07  -0.052016 -0.0421898  0.0279377   0.00110776  -0.00119346 -1.11844e-06  -0.372054 -0.0421467 0.00719431  -0.256549 -0.0898547   -9.80523 
                97.8  1.73209 -1.60257  78.1684 -0.182161 -0.400178   3.82022 0 0 0    0    0 0.07 -0.0799907 -0.0340105  0.0292072  0.00111683 -0.00119221 2.28434e-05  -0.372347 -0.0429127 0.00712765  -0.256695 -0.0899346   -9.80523 
                97.9  1.73155 -1.60923  78.0629 -0.21163 -0.42021   3.8171 0 0 0    0    0 0.07  -0.137946 -0.0823995 0.00621767  0.00113499 -0.00115628 6.57748e-05  -0.371137 -0.0443537 0.00771169  -0.256698 -0.0903102   -9.80522 
                  98  1.70561 -1.62446  77.9978 -0.231281 -0.427579   3.81455 0 0 0    0    0 0.07   -0.156504  -0.0834286 -0.00824005  0.00112583 -0.00116766 0.000110436  -0.371204 -0.0447755 0.00803803  -0.256764 -0.0903624   -9.80522 
                98.1  1.70559 -1.63443  77.8837 -0.258009 -0.442551   3.81187 0 0 0    0    0 0.07   -0.18625  -0.105118 -0.0144329  0.00111651 -0.00115633 0.000165886  -0.370772 -0.0454602 0.00820748  -0.256788 -0.0905211   -9.80522 
                98.2  1.66973 -1.63532  77.8869 -0.265995 -0.439704    3.8063 0 0 0    0    0 0.07    -0.1601  -0.073266 -0.0301627  0.00107139 -0.00122027 0.000161586  -0.371688 -0.0448238 0.00871573 -0.256841 -0.090301  -9.80522 
                98.3  1.66861 -1.63941  77.7774 -0.289868 -0.448564   3.80443 0 0 0    0    0 0.07  -0.181627 -0.0795035 -0.0260726  0.00105794 -0.00122057 0.000211156  -0.371602 -0.0453288 0.00863031  -0.256894 -0.0903875   -9.80522 
                98.4  1.64016 -1.64634  77.8897 -0.284981 -0.436456   3.79628 0 0 0    0    0 0.07  -0.119855 -0.0305741 -0.0491906 0.000981737 -0.00129592 0.000158874  -0.372977 -0.0438502 0.00923826  -0.256901 -0.0899883   -9.80522 
                98.5  1.64354 -1.64736  77.8391 -0.297743 -0.429147   3.79512 0 0 0    0    0 0.07    -0.12427 -0.00778978  -0.0350452 0.000957876 -0.00132223 0.000179983  -0.373681 -0.0439818 0.00892789  -0.257019 -0.0899186   -9.80522 
                98.6  1.59677 -1.61738  77.9648 -0.279325  -0.41441   3.78462 0 0 0    0    0 0.07 -0.0389661  0.0277638 -0.0612291 0.000889707 -0.00138828 0.000122587  -0.374764 -0.0418885 0.00965688    -0.2569 -0.0894755   -9.80523 
                98.7  1.60469 -1.61552  77.9713 -0.269241 -0.407743   3.78583 0 0 0    0    0 0.07 -0.00199693   0.0333165  -0.0334555 0.000838305 -0.00139132 0.000116283 -0.375077 -0.040993  0.008956  -0.256831 -0.0893169   -9.80523 
                98.8  1.58797 -1.57536  78.0563 -0.246227 -0.397307   3.77807 0 0 0    0    0 0.07  0.0613862  0.0478544 -0.0490829 0.000779617 -0.00142256 7.77592e-05  -0.375577 -0.0393494 0.00942167  -0.256689 -0.0890177   -9.80524 
                98.9  1.59459 -1.57136  78.0854 -0.237371 -0.391159   3.77942 0 0 0    0    0 0.07  0.0674879  0.0486533 -0.0256105 0.000762585 -0.00140889 6.51441e-05  -0.375706 -0.0391772 0.00881683  -0.256687 -0.0889826   -9.80524 
                  99  1.58344 -1.54327  78.2081  -0.21552 -0.385368   3.77396 0 0 0    0    0 0.07  0.109804 0.0461607 -0.036299 0.000713237 -0.00141997  4.0476e-06  -0.375763 -0.0380614 0.00910083  -0.256551 -0.0888158   -9.80524 
                99.1 1.58919 -1.5439 78.2558 -0.206143 -0.390413    3.7736 0 0 0    0    0 0.07    0.10609  0.0182948 -0.0251244  0.000708461  -0.00138604 -6.66274e-07  -0.375113 -0.0381058 0.00876319  -0.256466 -0.0889077   -9.80524 
                99.2   1.5899 -1.53323  78.2665 -0.182659 -0.388425   3.76905 0 0 0    0    0 0.07   0.142544  0.0137859 -0.0329112  0.00065112 -0.00140035 9.38704e-06  -0.375129 -0.0371659 0.00892747  -0.256348 -0.0887703   -9.80525 
                99.3  1.59442 -1.53595  78.2701 -0.184864 -0.395541   3.76899 0 0 0    0    0 0.07   0.0971224 -0.00997659  -0.0220219 0.000694227 -0.00135918 1.42322e-05  -0.374561 -0.0382035 0.00867421  -0.256399 -0.0889927   -9.80524 
                99.4   1.5755 -1.52691  78.2105 -0.170761  -0.39799   3.76539 0 0 0    0    0 0.07   0.108347 -0.0167953 -0.0270372 0.000667902  -0.0013585 6.07766e-05  -0.374457 -0.0378682 0.00881891  -0.256341 -0.0889565   -9.80525 
                99.5   1.5759 -1.52938  78.2038 -0.179632 -0.399522    3.7655 0 0 0    0    0 0.07  0.0548522  -0.016357 -0.0170102 0.000715639 -0.00134893 6.59579e-05  -0.374468 -0.0392062 0.00861363  -0.256511 -0.0891494   -9.80524 
                99.6  1.54035 -1.53123  78.2474 -0.166845 -0.401992    3.7624 0 0 0    0    0 0.07  0.0738741 -0.0217741 -0.0216395  0.00069382 -0.00136141 4.17365e-05  -0.374394 -0.0386266 0.00876454  -0.256427 -0.0890745   -9.80524 
                99.7  1.54063 -1.53327  78.2026 -0.177224 -0.408667   3.76173 0 0 0    0    0 0.07  0.0277931 -0.0332062 -0.0169263 0.000689335 -0.00135013 7.26009e-05  -0.374072 -0.0399178 0.00865513  -0.256542 -0.0893005   -9.80524 
                99.8  1.51686 -1.52201  78.2073 -0.164167 -0.409308   3.75918 0 0 0    0    0 0.07  0.0534451 -0.0294365 -0.0198279 0.000679287 -0.00135619 6.55463e-05  -0.374289 -0.0390523 0.00873399  -0.256466 -0.0891496   -9.80524 
                99.9  1.52099 -1.52027  78.2001 -0.172012 -0.409331   3.76065 0 0 0    0    0 0.07   0.0174892  -0.0221692 -0.00844502 0.000671283 -0.00133024 7.27593e-05  -0.374547  -0.040141 0.00838455  -0.256639 -0.0892744   -9.80524 
                 100  1.50261 -1.49448  78.2112 -0.16289 -0.41068  3.75864 0 0 0    0    0 0.07  0.0358764 -0.0222974 -0.0118725  0.00065851 -0.00132525 6.17186e-05  -0.374623  -0.039488 0.00851485 -0.256569 -0.089172  -9.80524 
               100.1  1.50749 -1.49388  78.2152  -0.16628 -0.411817   3.75962 0 0 0    0    0 0.07   0.0152348  -0.0204148 -0.00476112 0.000656899 -0.00131324 5.81101e-05  -0.374713 -0.0400545 0.00830243  -0.256652 -0.0892418   -9.80524 
               100.2  1.49572 -1.48049  78.2075 -0.157477 -0.413596   3.75836 0 0 0    0    0 0.07   0.0353221  -0.0222819 -0.00747253 0.000635907 -0.00130287 5.94972e-05   -0.37475 -0.0394685 0.00836141  -0.256585 -0.0891551   -9.80524 
               100.3   1.4991 -1.47951  78.1774 -0.166588 -0.415541   3.75921 0 0 0    0    0 0.07 -0.000872908   -0.0219242  -0.00296966 0.000649001 -0.00129151 6.87455e-05  -0.374747 -0.0403519 0.00825575 -0.256694 -0.089279  -9.80523 
               100.4  1.47613 -1.47359  78.1826 -0.157334 -0.414798   3.75795 0 0 0    0    0 0.07   0.0238377  -0.0159298 -0.00768037 0.000633772 -0.00129983 6.59668e-05  -0.374968 -0.0396617 0.00833192  -0.25664 -0.089156  -9.80524 
               100.5  1.48384 -1.47178  78.1851 -0.158552 -0.415431   3.75909 0 0 0    0    0 0.07  0.0125631 -0.0138977 -0.0033734 0.000632303 -0.00129738 6.07714e-05  -0.375039 -0.0399218 0.00813436  -0.256682 -0.0891842   -9.80524 
               100.6  1.48864 -1.47658  78.1455 -0.151939 -0.414106   3.75851 0 0 0    0    0 0.07    0.025034 -0.00823001 -0.00588995 0.000638467 -0.00129807 8.35962e-05  -0.375253 -0.0394813 0.00813568  -0.256658 -0.0890978   -9.80524 
               100.7  1.49757 -1.47436  78.1867 -0.145166 -0.414583   3.75966 0 0 0    0    0 0.07   0.0349148 -0.00924673 -0.00239253 0.000646845 -0.00130481  6.4724e-05  -0.375293 -0.0391216 0.00786888  -0.256621 -0.0890454   -9.80524 
               100.8  1.53101 -1.48649  78.1376 -0.140663 -0.414069   3.76017 0 0 0    0    0 0.07   0.0373036 -0.00714525 0.000324716 0.000657344 -0.00130071 9.22773e-05  -0.375429 -0.0390459 0.00776243  -0.256631 -0.0890191   -9.80524 
               100.9   1.5416 -1.48286  78.1978 -0.123295 -0.412201   3.76007 0 0 0    0    0 0.07    0.0730745  -0.00408509 -0.000802509 0.000661519 -0.00131137    6.62e-05  -0.375658 -0.0379639 0.00773241  -0.256532 -0.0888449   -9.80524 
                 101  1.61336 -1.50864  78.1361 -0.120453 -0.412532   3.76334 0 0 0    0    0 0.07    0.060753 -0.00533747   0.0123663 0.000679142 -0.00129886 0.000100514  -0.375684 -0.0383382 0.00735218  -0.256581 -0.0888944   -9.80524 
               101.1  1.62047 -1.50367  78.2512 -0.0913741  -0.402086    3.76224 0 0 0    0    0 0.07  0.121014 0.0192862 0.0054334 0.000651063 -0.00134408 4.25779e-05  -0.376544 -0.0367145 0.00753571  -0.256502 -0.0885713   -9.80525 
               101.2  1.66154 -1.52662  78.1581 -0.0934551   -0.40465    3.76731 0 0 0    0    0 0.07  0.0824809 0.00675649  0.0232002 0.000689138 -0.00131603 9.11588e-05  -0.376212 -0.0378008 0.00701172 -0.256588  -0.08876  -9.80524 
               101.3 1.66185 -1.5269 78.1394 -0.105655 -0.408118   3.76542 0 0 0    0    0 0.07   0.0292122 -0.00415578  0.00862826  0.00074268 -0.00130093 0.000101571  -0.375867 -0.0392501 0.00751653  -0.256714 -0.0889917   -9.80524 
               101.4  1.64998 -1.54566  78.1145 -0.116166 -0.409932   3.76969 0 0 0    0    0 0.07 -0.00902169  -0.0087199   0.0226366 0.000776807 -0.00128525 0.000115374  -0.375774 -0.0402744 0.00718129  -0.256824 -0.0891414   -9.80523 
               101.5  1.64868 -1.54957  78.0834 -0.130125 -0.415865   3.76766 0 0 0    0    0 0.07   -0.04225 -0.0237127 0.00828496 0.000792099 -0.00127801 0.000139937  -0.375377 -0.0411634 0.00763044  -0.256876 -0.0893032   -9.80523 
               101.6  1.64531 -1.57763  78.0878 -0.141793 -0.414259   3.76965 0 0 0    0    0 0.07  -0.062091 -0.0145699  0.0124761 0.000798413  -0.0012713 0.000142737   -0.37573 -0.0418341 0.00751259  -0.257002 -0.0893502   -9.80523 
               101.7 1.64584  -1.578 78.0964 -0.142159 -0.415733   3.76833 0 0 0    0    0 0.07 -0.0473003  -0.018375  0.0050812 0.000819292 -0.00128461 0.000142691  -0.375732 -0.0413513 0.00785367  -0.256945 -0.0892841   -9.80523 
               101.8  1.66519 -1.59423  78.0954 -0.154186 -0.412881   3.77023 0 0 0    0    0 0.07  -0.0664743 -0.00818451   0.0100938 0.000815708 -0.00127352 0.000153153  -0.376242 -0.0421744 0.00766765 -0.257109 -0.089332  -9.80522 
               101.9 1.66961 -1.5935 78.1343 -0.140933 -0.413263   3.76917 0 0 0    0    0 0.07 -0.0163727 -0.0125037 0.00376159 0.000894796 -0.00128202 0.000130867  -0.376293 -0.0401972 0.00788528  -0.256882 -0.0890677   -9.80523 
                 102  1.70798 -1.61812  78.1225 -0.149692 -0.407195   3.76985 0 0 0    0    0 0.07 -0.0356863 0.00469789 0.00439117 0.000872439 -0.00125406 0.000150744  -0.377137 -0.0411257 0.00791786  -0.257101 -0.0890876   -9.80523 
               102.1  1.70955 -1.61631  78.1484 -0.137447 -0.406999   3.76878 0 0 0    0    0 0.07  0.00532977 -0.00209532 -0.00034014 0.000935488 -0.00125856 0.000143067  -0.377143 -0.0394772 0.00805768  -0.256907 -0.0888727   -9.80523 
               102.2  1.75155 -1.63957  78.1665 -0.149195 -0.402618   3.77027 0 0 0    0    0 0.07 -0.0283632 0.00914159  0.0050107 0.000933231 -0.00125113 0.000141444  -0.377617 -0.0408309 0.00791798  -0.257127 -0.0889927   -9.80523 
               102.3  1.74872 -1.63687  78.2524  -0.13599 -0.396494   3.76938 0 0 0    0    0 0.07  0.0160529  0.0173198 0.00128331 0.000931144  -0.0012513 0.000109729  -0.378152 -0.0394498 0.00803319  -0.257035 -0.0887509   -9.80523 
               102.4 1.76135 -1.6421 78.2528 -0.153841 -0.393317   3.77115 0 0 0    0    0 0.07 -0.0395629  0.0213821 0.00735371 0.000967893 -0.00124407 0.000113146  -0.378234  -0.041113 0.00792778  -0.257239 -0.0889565   -9.80522 
               102.5  1.75816 -1.64461  78.2441 -0.174008 -0.397489   3.77023 0 0 0    0    0 0.07 -0.0796392 0.00297915 0.00300619 0.000971632 -0.00121074 0.000121708  -0.377714 -0.0422991   0.008131   -0.25731 -0.0891683   -9.80522 
               102.6  1.72596 -1.63038  78.3137 -0.191654 -0.396136   3.77105 0 0 0    0    0 0.07  -0.104611 0.00425277 0.00578833  0.00097644  -0.0011995 7.68014e-05  -0.377825 -0.0431518 0.00812959  -0.257423 -0.0892657   -9.80522 
               102.7 1.72935 -1.6305 78.3092 -0.201787 -0.397037   3.77179 0 0 0    0    0 0.07  -0.102074 -0.0020204 0.00779991 0.000960986 -0.00117978 8.32181e-05  -0.377732 -0.0431233 0.00811293 -0.257408 -0.089273  -9.80522 
               102.8   1.6961 -1.59618   78.343 -0.217715 -0.395168   3.77146 0 0 0    0    0 0.07  -0.117663 0.00243882 0.00275931 0.000968958 -0.00117497 6.87129e-05  -0.377939 -0.0436913 0.00832916  -0.257501 -0.0893207   -9.80521 
               102.9  1.70133 -1.59393  78.3371 -0.226115 -0.393727   3.77286 0 0 0    0    0 0.07   -0.10858 0.00255025 0.00577177 0.000949836 -0.00114039 7.23707e-05  -0.378063 -0.0434207 0.00817701  -0.257486 -0.0892726   -9.80521 
                 103  1.67268 -1.56088  78.3595 -0.240271 -0.393185   3.77314 0 0 0    0    0 0.07  -0.117701 0.00256947 0.00265892 0.000954801 -0.00113898 5.98323e-05  -0.378099   -0.04373 0.00822549  -0.257526 -0.0893082   -9.80521 
               103.1   1.6763 -1.55819  78.3675 -0.244349  -0.38489   3.77341 0 0 0    0    0 0.07 -0.0985577  0.0200851 0.00119422 0.000931273 -0.00111164 5.17629e-05  -0.378793 -0.0431626 0.00821343 -0.257551 -0.089155  -9.80521 
               103.2  1.65898 -1.54785  78.4421 -0.254897 -0.385892   3.77242 0 0 0    0    0 0.07 -0.0996672 0.00992987 -0.0049013  0.000931443  -0.00109389 -1.72882e-05  -0.378529 -0.0431903 0.00834725   -0.25752 -0.0891878   -9.80521 
               103.3  1.66432 -1.54609  78.4337 -0.256342 -0.387387    3.7728 0 0 0    0    0 0.07  -0.0780757 0.000598743  -0.0030634  0.000926585  -0.00106951 -1.89525e-05  -0.378342 -0.0424303  0.0081801   -0.25741 -0.0891119   -9.80522 
               103.4  1.66038 -1.53005  78.3953 -0.265317 -0.392383   3.77216 0 0 0    0    0 0.07   -0.080467  -0.0148934 -0.00584001  0.000924549  -0.00106402 -2.88915e-07  -0.377869 -0.0424738  0.0082042  -0.257353 -0.0891712   -9.80522 
               103.5  1.66292 -1.53205  78.3876 -0.274382 -0.397901   3.77171 0 0 0    0    0 0.07     -0.0825  -0.0278427 -0.00653641 0.000912017  -0.0010513 2.69992e-06  -0.377518 -0.0425273 0.00816836  -0.257314 -0.0892183   -9.80522 
               103.6  1.64782 -1.53111  78.4465   -0.2764 -0.399629   3.77208 0 0 0    0    0 0.07  -0.0646645  -0.0283629 -0.00301074   0.00090307  -0.00104445 -2.75278e-05  -0.377635 -0.0419556 0.00799165  -0.257265 -0.0891323   -9.80522 
               103.7  1.65259 -1.53226  78.4377  -0.28489 -0.401103   3.77213 0 0 0    0    0 0.07  -0.0694997  -0.0261899 -0.00211061  0.000879745  -0.00103691 -1.70968e-05  -0.377755 -0.0421476 0.00796335  -0.257302 -0.0891436   -9.80522 
               103.8  1.64759 -1.54001  78.3967 -0.283069 -0.403322    3.7727 0 0 0    0    0 0.07 -0.0454845 -0.0283597 0.00142485  0.00088777 -0.00103069 2.27743e-05  -0.377804 -0.0413394 0.00780272  -0.257218 -0.0890351   -9.80522 
               103.9  1.65161 -1.54222  78.4092  -0.28283 -0.408639   3.77171 0 0 0    0    0 0.07  -0.0334095  -0.0374808 -0.00207652 0.000882419 -0.00103198 1.62001e-05  -0.377604 -0.0408896 0.00792754  -0.257141 -0.0889991   -9.80523 
                 104    1.631 -1.54446  78.3783 -0.279368 -0.412156   3.77131 0 0 0    0    0 0.07  -0.0154125   -0.040479 -0.00162979 0.000890848 -0.00104329 4.29674e-05  -0.377624  -0.040213 0.00792383  -0.257068 -0.0889102   -9.80523 
               104.1  1.63332 -1.54818   78.383   -0.2816 -0.420372   3.76993 0 0 0    0    0 0.07  -0.0165718  -0.0532025 -0.00361079 0.000887423 -0.00105944 4.49008e-05  -0.377234 -0.0402292 0.00810795   -0.25702 -0.0889549   -9.80523 
               104.2  1.65311 -1.56462  78.3924 -0.274068 -0.418793    3.7691 0 0 0    0    0 0.07  0.00755459  -0.0393542 -0.00372722 0.000894999 -0.00104245 3.75324e-05  -0.377948 -0.0393723 0.00818182  -0.257015 -0.0887655   -9.80523 
               104.3  1.65586 -1.56336   78.471 -0.259418 -0.414867   3.76714 0 0 0    0    0 0.07   0.0429824  -0.0229145 -0.00715057  0.000908729  -0.00103718 -3.96876e-06   -0.37872 -0.0381253 0.00837749  -0.256975 -0.0885197   -9.80523 
               104.4  1.67472 -1.55296  78.3617 -0.252262  -0.41639   3.76695 0 0 0    0    0 0.07   0.0524061  -0.0238117 -0.00219237 0.000912892 -0.00103384 6.05482e-05  -0.378812 -0.0378723 0.00832179  -0.256958 -0.0884778   -9.80523 
               104.5  1.67534 -1.55291  78.4283 -0.238491  -0.41777   3.76526 0 0 0    0    0 0.07   0.0759409  -0.0248927 -0.00400852 0.000909529 -0.00103198 2.83939e-05  -0.378935 -0.0371722  0.0084666  -0.256896 -0.0883749   -9.80524 
               104.6  1.69372 -1.55258  78.4483  -0.22823 -0.414979   3.76644 0 0 0    0    0 0.07  0.0838772 -0.0128714 0.00434953 0.000909916 -0.00103162 1.32773e-05  -0.379392 -0.0370082 0.00829625  -0.256936 -0.0883047   -9.80524 
               104.7  1.69616 -1.55001   78.468 -0.223331 -0.412647    3.7658 0 0 0    0    0 0.07   0.0764659 -0.00534436  0.00384011  0.000923432     -0.00103 -6.79463e-07  -0.379662 -0.0373069 0.00844838  -0.257003 -0.0883112   -9.80523 
               104.8  1.70316 -1.55016  78.4165 -0.218924 -0.413207   3.76794 0 0 0    0    0 0.07  0.0693885 -0.0073864  0.0132812 0.000928741 -0.00101577 2.25385e-05  -0.379676 -0.0375824 0.00825393  -0.257035 -0.0883453   -9.80523 
               104.9   1.7081 -1.54792  78.4096 -0.225114  -0.41432   3.76876 0 0 0    0    0 0.07   0.0348832 -0.00911058   0.0133322  0.000957744 -0.000999473  2.40974e-05  -0.379624 -0.0385552 0.00836221  -0.257135 -0.0884717   -9.80523 
                 105 1.69279 -1.5363 78.3828 -0.225486 -0.416473   3.77187 0 0 0    0    0 0.07 0.0246722 -0.014946 0.0218819 0.000970678 -0.00098829 3.68354e-05  -0.379545 -0.0388418 0.00818763  -0.257156 -0.0885169   -9.80523 
               105.1  1.69712 -1.53714  78.3627 -0.238098 -0.419285    3.7711 0 0 0    0    0 0.07 -0.0159701 -0.0183326  0.0129418  0.000988529 -0.000967514  4.86521e-05  -0.379418 -0.0398566 0.00849964  -0.257251 -0.0886542   -9.80523 
               105.2 1.66914 -1.5379 78.3878 -0.238639 -0.419093   3.77303 0 0 0    0    0 0.07 -0.0133784 -0.0150095  0.0169682 0.000968468 -0.00097109 3.50884e-05  -0.379582 -0.0398011 0.00842423  -0.257265 -0.0886301   -9.80523 
               105.3  1.68633 -1.54184  78.3033 -0.263408 -0.431044   3.77432 0 0 0    0    0 0.07  -0.071191 -0.0413126  0.0152768  0.000955809 -0.000949499  8.46401e-05  -0.378789 -0.0414786 0.00855139  -0.257349 -0.0889205   -9.80522 
               105.4  1.61385 -1.54182  78.3538 -0.263028 -0.428756   3.77497 0 0 0    0    0 0.07 -0.0521862 -0.0270132  0.0117784  0.000943647 -0.000969621  6.24473e-05  -0.379318 -0.0409275 0.00866442  -0.257354 -0.0887956   -9.80522 
               105.5  1.61574 -1.54328  78.3192 -0.281783 -0.430108   3.77451 0 0 0    0    0 0.07 -0.0881939 -0.0244174 0.00514186  0.000940668 -0.000974125  8.48992e-05  -0.379405 -0.0419986 0.00889352 -0.257479 -0.088914  -9.80522 
               105.6  1.56505 -1.53075  78.3199 -0.279152  -0.42567   3.77194 0 0 0    0    0 0.07  -0.0592224 -0.00844185 -0.00812201 0.000915185 -0.00100566 9.62643e-05  -0.379967 -0.0411175 0.00924308  -0.257452 -0.0887458   -9.80522 
               105.7  1.56532 -1.53177  78.3466 -0.284942 -0.424682   3.77157 0 0 0    0    0 0.07  -0.0600095 -0.00622246 -0.00830203 0.000895831 -0.00100914 9.12151e-05  -0.380117 -0.0411246 0.00919471  -0.257471 -0.0887308   -9.80522 
               105.8  1.53174 -1.52809  78.4029 -0.276064 -0.416317    3.7683 0 0 0    0    0 0.07 -0.0215888  0.0138662 -0.0179251 0.000880409 -0.00103846 7.11041e-05  -0.380838 -0.0400205 0.00947156  -0.257438 -0.0885209   -9.80522 
               105.9  1.53268 -1.53079  78.4039 -0.281772 -0.421425   3.76846 0 0 0    0    0 0.07  -0.0318464 -0.00422979  -0.0121602 0.000875439 -0.00103933 8.31715e-05  -0.380355 -0.0402269  0.0092462  -0.257403 -0.0885985   -9.80522 
                 106   1.5166 -1.53514  78.4121 -0.266934 -0.413411   3.76491 0 0 0    0    0 0.07  0.0162476  0.0147304 -0.0223332  0.00085179 -0.00106703 8.52843e-05  -0.381069 -0.0387963 0.00949993  -0.257335 -0.0883519   -9.80523 
               106.1  1.52168 -1.53834  78.4153 -0.268624 -0.419155   3.76557 0 0 0    0    0 0.07   0.0064737 -0.00617365  -0.0127081 0.000845426 -0.00106359 9.18396e-05  -0.380526 -0.0389839 0.00918458  -0.257292 -0.0884338   -9.80523 
               106.2  1.53578 -1.55312  78.4108 -0.253861 -0.412457   3.76215 0 0 0    0    0 0.07  0.0442801  0.0100279 -0.0215398 0.000810392 -0.00108419 0.000114065  -0.381129 -0.0379209 0.00941238  -0.25725 -0.088243  -9.80523 
               106.3  1.54162 -1.55305    78.44 -0.247877 -0.412311   3.76271 0 0 0    0    0 0.07  0.0479197  0.0051773 -0.0129861 0.000810561 -0.00108591 0.000104276  -0.381089  -0.037797 0.00912282  -0.257234 -0.0882344   -9.80523 
               106.4  1.55655 -1.55883  78.4353 -0.233998 -0.406464      3.76 0 0 0    0    0 0.07  0.0711651  0.0160059 -0.0198973 0.000795923 -0.00109735 0.000114562  -0.381533 -0.0371031 0.00927629  -0.257213 -0.0881051   -9.80523 
               106.5  1.56034 -1.55821  78.4729 -0.229304 -0.404469    3.7599 0 0 0    0    0 0.07  0.0649074  0.0146725 -0.0164024 0.000798873 -0.00110247 8.46079e-05  -0.381574 -0.0372978 0.00905268 -0.257239 -0.088125  -9.80523 
               106.6  1.57404 -1.56058  78.4308 -0.220534 -0.400264   3.75854 0 0 0    0    0 0.07  0.0703689  0.0192423 -0.0179009 0.000800805 -0.00110927 0.000113452  -0.381832 -0.0371309 0.00898243  -0.257252 -0.0880788   -9.80523 
               106.7  1.57667 -1.56231  78.4809 -0.206927 -0.399647    3.7569 0 0 0    0    0 0.07  0.0873705  0.0130097 -0.0197024 0.000819173 -0.00112512 8.14524e-05  -0.381733  -0.036533 0.00890946  -0.257178 -0.0880194   -9.80523 
               106.8  1.60721 -1.57742  78.4288 -0.197738 -0.396445   3.75616 0 0 0    0    0 0.07  0.0888365  0.0163606 -0.0167354 0.000821876 -0.00112692 0.000101785  -0.381926  -0.036522 0.00871787    -0.2572 -0.0879993   -9.80523 
               106.9  1.61324 -1.57815  78.4707 -0.183884 -0.400497   3.75542 0 0 0    0    0 0.07    0.103419 -0.00147252  -0.0156289 0.000846339 -0.00113682 6.22292e-05  -0.381461 -0.0360344 0.00855716  -0.257095 -0.0879917   -9.80524 
                 107  1.66466 -1.59014  78.4082 -0.178101 -0.399053   3.75704 0 0 0    0    0 0.07   0.0924951 0.000244212 -0.00494882 0.000835831 -0.00111908 0.000105226  -0.381634 -0.0364856  0.0081251  -0.257163 -0.0880292   -9.80523 
               107.1  1.66901 -1.58763  78.4646  -0.16234 -0.393085   3.75627 0 0 0    0    0 0.07    0.109417   0.0121283 -0.00681293 0.000859925  -0.0011111 6.69685e-05  -0.382174 -0.0359949 0.00814517  -0.257175 -0.0879158   -9.80523 
               107.2  1.70306 -1.59469  78.4298 -0.164074 -0.394117   3.75981 0 0 0    0    0 0.07   0.076954  0.0051742 0.00896909 0.000867543  -0.0010984  8.2705e-05   -0.38199 -0.0371482  0.0075953 -0.257273 -0.088072  -9.80523 
               107.3  1.70748 -1.58944  78.4804 -0.150961 -0.390334   3.75896 0 0 0    0    0 0.07  0.0919457    0.01058 0.00351182 0.000875859 -0.00109456 5.47412e-05  -0.382281 -0.0367315 0.00778445  -0.257264 -0.0879925   -9.80523 
               107.4  1.72459 -1.58681  78.4384 -0.158099 -0.394599   3.76386 0 0 0    0    0 0.07  0.0471678 -0.0045049  0.0221157 0.000913789 -0.00106929 7.09098e-05  -0.381832 -0.0380497 0.00730406  -0.257347 -0.0881933   -9.80523 
               107.5  1.72706 -1.58342  78.4581 -0.155228 -0.394347   3.76297 0 0 0    0    0 0.07   0.0430021 -0.00439971   0.0133198 0.000928174  -0.0010594 5.95529e-05  -0.381875 -0.0381873 0.00760185  -0.257366 -0.0882025   -9.80523 
               107.6  1.73097 -1.58079  78.4362 -0.165739  -0.39567   3.76878 0 0 0    0    0 0.07 0.000892348 -0.00670925   0.0326206 0.000986535 -0.00103957 6.63385e-05  -0.381803 -0.0392839 0.00718349  -0.257469 -0.0883375   -9.80522 
               107.7  1.73342 -1.57874  78.4499 -0.161451 -0.392866   3.76727 0 0 0    0    0 0.07    0.013132 0.000729316   0.0183034 0.000987745 -0.00102732 5.84204e-05  -0.382039 -0.0390277  0.0076243   -0.25747 -0.0882814   -9.80522 
               107.8 1.72438 -1.5709 78.4354 -0.176003 -0.398605   3.77292 0 0 0    0    0 0.07 -0.0284919 -0.0141251  0.0345263   0.00102821 -0.000992901   6.8631e-05  -0.381625 -0.0401983  0.0071592  -0.257541 -0.0884586   -9.80522 
               107.9  1.72619 -1.56319   78.462 -0.181008 -0.386595   3.77306 0 0 0    0    0 0.07 -0.0345505  0.0188542  0.0248114   0.00102373 -0.000983582  6.09421e-05  -0.382603 -0.0404994 0.00761718  -0.257682 -0.0883904   -9.80522 
                 108  1.69893 -1.54907  78.4943 -0.194862 -0.388397   3.77921 0 0 0    0    0 0.07 -0.0615108 0.00901916  0.0405985   0.00103892 -0.000954517  3.81036e-05  -0.382312 -0.0413635 0.00711971  -0.257736 -0.0885197   -9.80521 
               108.1 1.70267  -1.545 78.5043 -0.197875 -0.387186   3.77958 0 0 0    0    0 0.07 -0.0529805 0.00789573  0.0297365   0.00103638 -0.000939254  3.51735e-05  -0.382338 -0.0411018 0.00759118  -0.257713 -0.0884849   -9.80521 
               108.2  1.69552 -1.55123  78.4875 -0.213557 -0.393334   3.78617 0 0 0    0    0 0.07 -0.0810984 -0.0114719  0.0462347   0.00104712 -0.000917349  4.86655e-05  -0.381741  -0.041949 0.00715277  -0.257731 -0.0886421   -9.80521 
               108.3  1.69788 -1.55029  78.4811  -0.22402 -0.397843   3.78563 0 0 0    0    0 0.07 -0.0860949 -0.0228034  0.0295045   0.00102956 -0.000890885   5.6327e-05  -0.381464  -0.042101 0.00768592  -0.257715 -0.0886839   -9.80521 
               108.4  1.66789 -1.54227  78.4651  -0.23577 -0.402962    3.7887 0 0 0    0    0 0.07  -0.095034 -0.0322508  0.0293939   0.00101669 -0.000876756  7.17949e-05  -0.381233  -0.042335 0.00766981  -0.257712 -0.0887332   -9.80521 
               108.5   1.6697 -1.54338  78.3861 -0.265547 -0.411129   3.78836 0 0 0    0    0 0.07 -0.146911 -0.044516 0.0164153   0.00100064 -0.000859419   0.00011383  -0.380788 -0.0438924  0.0080989  -0.257817 -0.0889487   -9.80521 
               108.6  1.62594 -1.54983  78.5133   -0.2671 -0.407528   3.78767 0 0 0    0    0 0.07  -0.111186 -0.0247156 0.00508959  0.000959614 -0.000876656  6.36164e-05  -0.381461 -0.0429123 0.00832944  -0.257795 -0.0887722   -9.80521 
               108.7  1.63909 -1.55302  78.4533 -0.280103 -0.418749   3.78857 0 0 0    0    0 0.07  -0.115314  -0.050331 0.00554026 0.000910581 -0.00085999 9.94733e-05  -0.380845 -0.0429828 0.00827112  -0.257734 -0.0888416   -9.80521 
               108.8  1.58292 -1.55717  78.5061 -0.269151 -0.412954   3.78576 0 0 0    0    0 0.07  -0.0541366  -0.0247912 -0.00855753  0.000865024 -0.000892421   7.7792e-05  -0.381686 -0.0414195 0.00859423  -0.257672 -0.0885857   -9.80521 
               108.9 1.58318 -1.5577 78.4557 -0.281844 -0.416974   3.78407 0 0 0    0    0 0.07 -0.0740796 -0.0298225 -0.0119493  0.000845541 -0.000896336  0.000106031  -0.381561 -0.0419031 0.00868995  -0.257706 -0.0886503   -9.80521 
                 109  1.54039 -1.53734  78.4866 -0.265266 -0.408037   3.77783 0 0 0    0    0 0.07 -0.00937549 -0.00101624  -0.0325731  0.000852596 -0.000912737  8.94562e-05  -0.382457 -0.0402183 0.00924288  -0.257638 -0.0883759   -9.80522 
               109.1  1.54171 -1.53833  78.4973  -0.26692 -0.405775   3.77766 0 0 0    0    0 0.07 -0.0128873 0.00446298 -0.0233985  0.000822358 -0.000922912  8.16742e-05  -0.382634 -0.0402933 0.00893036  -0.257665 -0.0883687   -9.80522 
               109.2  1.50102 -1.52598  78.5518 -0.247598 -0.394157   3.77113 0 0 0    0    0 0.07  0.0400782  0.0306163 -0.0397823  0.000854974 -0.000922854  4.80438e-05  -0.383527 -0.0387331  0.0094657  -0.257608 -0.0881099   -9.80522 
               109.3  1.50399 -1.52842  78.5632 -0.244516 -0.394863   3.77087 0 0 0    0    0 0.07  0.0359659  0.0200116 -0.0267518  0.000848133 -0.000935886  4.16262e-05   -0.38325 -0.0387587 0.00902799  -0.257582 -0.0881421   -9.80522 
               109.4  1.51333 -1.53383  78.4915 -0.228598 -0.389942   3.76539 0 0 0    0    0 0.07 0.0701382 0.0251205 -0.037871  0.000824125 -0.000948169  6.81806e-05  -0.383501 -0.0377768 0.00932464  -0.257514 -0.0880104   -9.80522 
               109.5  1.51926 -1.53578  78.5361 -0.212866 -0.390973   3.76435 0 0 0    0    0 0.07  0.0935022  0.0127786 -0.0281332  0.000819717 -0.000960728  3.16042e-05  -0.383291 -0.0371061 0.00903625 -0.257427  -0.08796  -9.80523 
               109.6  1.56996 -1.56129  78.4979 -0.198349 -0.383503   3.76071 0 0 0    0    0 0.07   0.106481  0.0275246 -0.0321464 0.000806467 -0.00097455  6.4461e-05   -0.38379 -0.0367683 0.00913987  -0.257448 -0.0878751   -9.80523 
               109.7  1.57843 -1.56078  78.5637 -0.179212 -0.379515   3.76031 0 0 0    0    0 0.07   0.127235  0.0272496 -0.0216716  0.000808112 -0.000979441  3.15594e-05  -0.383924 -0.0361373 0.00879089  -0.257403 -0.0877964   -9.80523 
               109.8  1.60209 -1.54927  78.5222 -0.166012 -0.374289   3.75903 0 0 0    0    0 0.07    0.12831  0.0318678 -0.0172919  0.000807296 -0.000984807  4.92483e-05  -0.384147  -0.036133 0.00868576  -0.257427 -0.0877751   -9.80523 
               109.9  1.61062 -1.54727  78.5789 -0.149981 -0.370614   3.75911 0 0 0    0    0 0.07   0.13727 0.0313495 -0.010792   0.00080492 -0.000980325  2.17873e-05  -0.384207 -0.0358929 0.00848813  -0.257411 -0.0877449   -9.80523 
                 110  1.63404 -1.54287  78.5246 -0.144194 -0.369476   3.76014 0 0 0    0    0 0.07    0.114322    0.025103 -0.00133934  0.00082265 -0.00096522 4.64212e-05  -0.384043 -0.0365184 0.00827454  -0.257454 -0.0878281   -9.80523 
               110.1  1.6411 -1.5412 78.5856 -0.133806  -0.36744    3.7602 0 0 0    0    0 0.07     0.112346     0.023028 -0.000313968  0.000830137 -0.000953691  1.63981e-05  -0.384011 -0.0365925 0.00826247 -0.257457 -0.087839  -9.80523 
               110.2  1.64193 -1.53464  78.5482 -0.136874 -0.372285   3.76411 0 0 0    0    0 0.07  0.0723537 0.00269603  0.0170204   0.00086208 -0.000924936  3.10633e-05  -0.383461 -0.0376024 0.00786714  -0.257495 -0.0879997   -9.80522 
               110.3  1.64754 -1.53406  78.5584  -0.13275 -0.374705   3.76366 0 0 0    0    0 0.07    0.064747 -0.00615765  0.00966067  0.000870644 -0.000912391  2.43139e-05  -0.383271 -0.0377899 0.00805845  -0.257492 -0.0880365   -9.80522 
               110.4  1.64977 -1.54099  78.5127 -0.137874 -0.377935    3.7673 0 0 0    0    0 0.07  0.0317712 -0.0140885   0.020923  0.000907646 -0.000898563  5.05713e-05  -0.383083 -0.0385897 0.00780947  -0.257547 -0.0881393   -9.80522 
               110.5 1.65355 -1.5422 78.5127 -0.138572 -0.379853   3.76617 0 0 0    0    0 0.07  0.0218636 -0.0167771  0.0103021  0.000914395 -0.000899464  5.04231e-05  -0.383033 -0.0388416 0.00812756  -0.257565 -0.0881687   -9.80522 
               110.6  1.65364 -1.55703  78.4932 -0.145817 -0.379213   3.76938 0 0 0    0    0 0.07 -0.00550574  -0.0105322   0.0188687  0.000940475 -0.000896695  5.78123e-05  -0.383213  -0.039589 0.00790792  -0.257653 -0.0882305   -9.80522 
               110.7  1.65602 -1.55639  78.4824 -0.149666   -0.3774   3.76846 0 0 0    0    0 0.07  -0.0144051 -0.00482787  0.00833187  0.000948278 -0.000906116  5.98557e-05  -0.383405 -0.0398496 0.00821029  -0.257697 -0.0882379   -9.80522 
               110.8  1.65041 -1.56814  78.4799 -0.160053 -0.374325   3.76974 0 0 0    0    0 0.07 -0.0417413 0.00541416 0.00790248 0.000979945 -0.00091567 5.79112e-05  -0.383655 -0.0405511 0.00819466  -0.257788 -0.0882865   -9.80521 
               110.9  1.65288 -1.56725  78.4792 -0.160395 -0.372324   3.76819 0 0 0    0    0 0.07  -0.0320369  0.00639429 -0.00174683 0.000968885 -0.00093243 6.17807e-05  -0.383766 -0.0402986 0.00838932  -0.257776 -0.0882494   -9.80522 
                 111  1.66186 -1.59572  78.4887 -0.169869 -0.369412    3.7682 0 0 0    0    0 0.07  -0.0495346   0.0110376 -0.00412191  0.000962237 -0.000925053  5.59279e-05  -0.383963 -0.0408579 0.00838745  -0.257847 -0.0882878   -9.80521 
               111.1  1.66323 -1.59592   78.482 -0.173243 -0.367906   3.76701 0 0 0    0    0 0.07   -0.045086  0.00923389 -0.00841805  0.000955618 -0.000928611  6.06494e-05   -0.38401 -0.0407362 0.00847404  -0.257841 -0.0882707   -9.80521 
               111.2  1.65779 -1.59485  78.5031 -0.180782 -0.362843   3.76672 0 0 0    0    0 0.07  -0.0543646   0.0188344 -0.00751615  0.000956981 -0.000925902  5.05839e-05  -0.384408 -0.0410935  0.0084121  -0.257913 -0.0882704   -9.80521 
               111.3  1.66059 -1.59406    78.52 -0.176484 -0.357722   3.76573 0 0 0    0    0 0.07 -0.0293957  0.0242527  -0.009748  0.000952939 -0.000923699  3.94748e-05  -0.384728 -0.0402896 0.00839936  -0.257872 -0.0881605   -9.80521 
               111.4  1.66255 -1.59734  78.5363 -0.182581 -0.354641   3.76473 0 0 0    0    0 0.07 -0.0374178  0.0241661 -0.0107681  0.000948569 -0.000926877  2.64996e-05  -0.384794 -0.0406067 0.00841994  -0.257908 -0.0881861   -9.80521 
               111.5  1.66286 -1.60093  78.5223 -0.185642 -0.360326   3.76258 0 0 0    0    0 0.07 -0.0347404 0.00113877 -0.0163988  0.000948805 -0.000933705  4.12295e-05  -0.384074 -0.0404442 0.00851334 -0.257821 -0.088235  -9.80521 
               111.6  1.65746 -1.60599  78.5345 -0.191371 -0.356839   3.75841 0 0 0    0    0 0.07 -0.0425843 0.00819369 -0.0289564  0.000931888 -0.000943198  3.14968e-05  -0.384382 -0.0406969 0.00884888  -0.257874 -0.0882302   -9.80521 
               111.7  1.65616 -1.61021  78.4885 -0.204915 -0.360416   3.75582 0 0 0    0    0 0.07  -0.0663572 -0.00435756  -0.0296775 0.000910268 -0.00094187  5.8895e-05  -0.383972 -0.0414326 0.00882436    -0.2579 -0.0883412   -9.80521 
               111.8 1.60813  -1.594 78.5216 -0.210278 -0.357888   3.75056 0 0 0    0    0 0.07 -0.0644935 0.00126169 -0.0391714 0.000910578 -0.00095253  4.4133e-05  -0.384237 -0.0413542 0.00912827  -0.257919 -0.0883074   -9.80521 
               111.9 1.60634 -1.5972 78.4991 -0.218168 -0.359019   3.74901 0 0 0    0    0 0.07 -0.0684956 -0.0030526 -0.0321593  0.000893007 -0.000944807   5.9136e-05  -0.384146 -0.0414586 0.00888044   -0.25792 -0.0883276   -9.80521 
                 112  1.58991 -1.57746  78.5522 -0.218226 -0.355516   3.74284 0 0 0    0    0 0.07 -0.0499599 0.00441595 -0.0436976  0.000878904 -0.000963245  3.82958e-05  -0.384475 -0.0409442 0.00923693  -0.257905 -0.0882451   -9.80521 
               112.1  1.59278 -1.57833  78.5671 -0.213644 -0.353972   3.74236 0 0 0    0    0 0.07 -0.0241242 0.00506785 -0.0300571  0.000850298 -0.000966263  2.93724e-05  -0.384616 -0.0402614 0.00883387  -0.257859 -0.0881678   -9.80521 
               112.2  1.61294 -1.56705  78.5792 -0.212307 -0.352886   3.73779 0 0 0    0    0 0.07  -0.013404 0.00416436  -0.036102  0.000840996 -0.000964922  2.26911e-05  -0.384672 -0.0399825 0.00899794  -0.257839 -0.0881345   -9.80521 
               112.3  1.62312 -1.56286  78.6914 -0.183344 -0.343493   3.73804 0 0 0    0    0 0.07  0.0660764  0.0228366 -0.0221989  0.000788798  -0.00098334 -3.57565e-05  -0.385418 -0.0379606 0.00855878  -0.257734 -0.0878725   -9.80522 
               112.4  1.6744 -1.5524 78.6882 -0.178669 -0.344085   3.73634 0 0 0    0    0 0.07  0.0630212  0.0134622 -0.0203589  0.000790273 -0.000959008 -3.36449e-05  -0.385203 -0.0380844 0.00848717 -0.257724 -0.087904  -9.80522 
               112.5  1.68053 -1.55028  78.7886  -0.15713 -0.339335   3.73685 0 0 0    0    0 0.07   0.102659  0.0187029 -0.0103183   0.00079155 -0.000938814 -0.000101452  -0.385521 -0.0369789  0.0081641  -0.257658 -0.0877684   -9.80522 
               112.6  1.68922 -1.52674  78.7516 -0.153285 -0.344909   3.73792 0 0 0    0    0 0.07   0.0874689 -0.00149376  -0.0013104  0.000798418 -0.000919141 -7.29681e-05  -0.384889 -0.0374384 0.00786561  -0.257636 -0.0878711   -9.80522 
               112.7  1.69337 -1.52527  78.7712 -0.158819  -0.34838   3.73805 0 0 0    0    0 0.07   0.0534242 -0.00942104  0.00105885  0.000789274 -0.000892633  -8.3435e-05  -0.384581 -0.0386209  0.0079024  -0.257709 -0.0880161   -9.80522 
               112.8  1.68546 -1.50657  78.7326 -0.159265 -0.354607   3.73943 0 0 0    0    0 0.07  0.0401435 -0.0239444 0.00726745   0.00078338 -0.000881785 -5.01434e-05  -0.384081 -0.0391108 0.00772244  -0.257702 -0.0881101   -9.80522 
               112.9  1.68812 -1.50755  78.7301 -0.166792 -0.359847   3.73871 0 0 0    0    0 0.07  0.0123196  -0.030974 0.00283503  0.000756323 -0.000869867 -4.20211e-05  -0.383788 -0.0401549  0.0079739  -0.257764 -0.0882399   -9.80522 
                 113  1.65827 -1.49517  78.6962  -0.17114 -0.367908   3.74009 0 0 0    0    0 0.07 -0.00244207  -0.0447305  0.00848509  0.000751397 -0.000867905 -2.07274e-05  -0.383313 -0.0406249 0.00784483  -0.257757 -0.0883293   -9.80521 
               113.1   1.6622 -1.50005  78.6593 -0.187549 -0.377071   3.73852 0 0 0    0    0 0.07  -0.044891 -0.0566507 0.00105583  0.000755367 -0.000862455 -3.43204e-06  -0.382849 -0.0419414 0.00815006  -0.257825 -0.0885007   -9.80521 
               113.2  1.61325 -1.49909  78.6202 -0.192119 -0.381265   3.73597 0 0 0    0    0 0.07  -0.0465547  -0.0532316 -0.00867083  0.000759567 -0.000877448  2.36289e-05   -0.38296 -0.0419544 0.00842061  -0.257837 -0.0884914   -9.80521 
               113.3  1.61329 -1.50683   78.552 -0.207952 -0.392855   3.73358 0 0 0    0    0 0.07 -0.0760783 -0.0699296 -0.0110973   0.00075292 -0.000867444   7.1719e-05  -0.382466 -0.0426831 0.00857711  -0.257851 -0.0886056   -9.80521 
               113.4  1.57346 -1.50581  78.5379 -0.209364 -0.393743   3.72905 0 0 0    0    0 0.07  -0.061523 -0.0556306 -0.0221332  0.000746793 -0.000900204  8.02862e-05  -0.382947 -0.0422577 0.00907662  -0.257861 -0.0885207   -9.80521 
               113.5  1.57453 -1.50974  78.5115 -0.217072 -0.397974   3.72753 0 0 0    0    0 0.07 -0.0659401  -0.053186 -0.0180993  0.000726939 -0.000917761  9.44617e-05   -0.38305 -0.0423977 0.00900991  -0.257883 -0.0885255   -9.80521 
               113.6  1.57595 -1.51799  78.4683 -0.217003 -0.398439   3.72159 0 0 0    0    0 0.07 -0.0489049 -0.0428065 -0.0330852   0.00071675 -0.000924979  0.000103369  -0.383478 -0.0418533 0.00966293  -0.257875 -0.0884344   -9.80521 
               113.7  1.57824 -1.51967  78.4592 -0.218931 -0.398454   3.72073 0 0 0    0    0 0.07 -0.0421262  -0.032801 -0.0232753  0.000702991 -0.000936264  0.000106569  -0.383855 -0.0416564 0.00937617  -0.257895 -0.0883848   -9.80521 
               113.8   1.5937 -1.51902  78.4703  -0.21611 -0.395687   3.71379 0 0 0    0    0 0.07 -0.0232432 -0.0185777 -0.0400932  0.000685362 -0.000941282  9.44305e-05  -0.384397 -0.0411023 0.00999233  -0.257896 -0.0882844   -9.80521 
               113.9   1.5977 -1.51966  78.5005 -0.208565 -0.393075   3.71336 0 0 0    0    0 0.07  0.00160251 -0.00962979  -0.0279987  0.000693418 -0.000935728  6.61389e-05  -0.384832   -0.04032 0.00955276 -0.257871 -0.088177  -9.80521 
                 114  1.60381 -1.50723  78.4815 -0.205707 -0.390519   3.70789 0 0 0    0    0 0.07  0.00728402 -0.00170771  -0.0375634  0.000696622 -0.000935367  7.17382e-05  -0.385159 -0.0401117 0.00996596  -0.257882 -0.0881283   -9.80521 
               114.1  1.60799 -1.50825  78.5029 -0.203531 -0.392325   3.70811 0 0 0    0    0 0.07   0.0114658 -0.00739588  -0.0242807  0.000695852 -0.000936028  5.41873e-05  -0.385045 -0.0399649 0.00944814   -0.25786 -0.0881268   -9.80521 
               114.2  1.61403 -1.49913  78.4992  -0.20205 -0.393688   3.70336 0 0 0    0    0 0.07   0.0122407 -0.00988537  -0.0325448  0.000694446 -0.000942257  5.52394e-05  -0.384982 -0.0399189 0.00978262   -0.25785 -0.0881268   -9.80521 
               114.3   1.6172 -1.50274  78.4991 -0.205944 -0.403605   3.70346 0 0 0    0    0 0.07 0.000662579  -0.0340111   -0.021025  0.000691633 -0.000956552   5.0948e-05  -0.384207 -0.0402628 0.00939114  -0.257809 -0.0882253   -9.80521 
               114.4  1.63014 -1.50277    78.45 -0.203859 -0.405016    3.6996 0 0 0    0    0 0.07 0.00543165 -0.0299456 -0.0272053  0.000692832 -0.000959715  7.39006e-05   -0.38439 -0.0401042  0.0096294  -0.257812 -0.0881946   -9.80521 
               114.5  1.63433 -1.50515  78.4819 -0.201579 -0.407435   3.69984 0 0 0    0    0 0.07   0.010479 -0.0304304 -0.0155458  0.000697519 -0.000957746  5.96762e-05  -0.384462 -0.0399726 0.00931301  -0.257808 -0.0881779   -9.80521 
               114.6  1.65209 -1.49819  78.4373 -0.198748 -0.405601   3.69926 0 0 0    0    0 0.07  0.0162686 -0.0187169 -0.0112365  0.000701814 -0.000960654   8.6504e-05  -0.384877 -0.0398945 0.00921194  -0.257839 -0.0881362   -9.80521 
               114.7   1.6603 -1.49717  78.5044 -0.188761 -0.405485   3.70024 0 0 0    0    0 0.07   0.0394445  -0.0152793 -0.00295963  0.000694562 -0.000962951  6.10828e-05  -0.385077 -0.0392999 0.00899317  -0.257808 -0.0880672   -9.80522 
               114.8  1.67576 -1.49068   78.474 -0.186113 -0.402624   3.70066 0 0 0    0    0 0.07   0.0360892 -0.00310021  0.00039961  0.000713263 -0.000975816  8.72141e-05  -0.385407 -0.0394576 0.00893896   -0.25785 -0.0880537   -9.80521 
               114.9  1.68312 -1.49197   78.506 -0.177154 -0.411524   3.70122 0 0 0    0    0 0.07  0.0522082 -0.0263521 0.00329708  0.000718307 -0.000967086   6.6809e-05  -0.384826 -0.0389908 0.00885856   -0.25776 -0.0880612   -9.80522 
                 115  1.73393 -1.52405  78.5094 -0.176717 -0.411098   3.70447 0 0 0    0    0 0.07  0.0405332 -0.0182838  0.0140534  0.000713757 -0.000947513   6.5161e-05  -0.385087 -0.0394575 0.00846876 -0.257821 -0.088082  -9.80522 
               115.1  1.73574 -1.52027  78.5428 -0.164775 -0.412338   3.70453 0 0 0    0    0 0.07  0.0628394 -0.0190882 0.00964425  0.000744133 -0.000944711  4.32097e-05  -0.385157 -0.0388263 0.00861088  -0.257776 -0.0880199   -9.80522 
               115.2  1.77245 -1.53661  78.5363 -0.164076 -0.410144   3.70947 0 0 0    0    0 0.07   0.0492298 -0.00836395   0.0243796  0.000741306 -0.000926037  4.86701e-05  -0.385552 -0.0394471 0.00803165  -0.257861 -0.0880443   -9.80521 
               115.3  1.77668 -1.53463  78.5714 -0.163355 -0.407907   3.71015 0 0 0    0    0 0.07   0.0398523 -0.00193927   0.0176268   0.00074348 -0.000912527  2.84975e-05  -0.385804 -0.0398627 0.00827026  -0.257918 -0.0880591   -9.80521 
               115.4  1.76417 -1.52728  78.6007  -0.16787 -0.407832   3.71666 0 0 0    0    0 0.07    0.0183521 -0.000309298     0.035782 0.000744294 -0.00090129 1.95373e-05  -0.385823  -0.040669 0.00765362  -0.257985 -0.0881314   -9.80521 
               115.5  1.76745 -1.52511  78.5847 -0.181748  -0.41268   3.71735 0 0 0    0    0 0.07 -0.0204977 -0.0129448  0.0243647   0.00073082 -0.000865685  3.07977e-05   -0.38534 -0.0419237 0.00802149  -0.258045 -0.0882805   -9.80521 
               115.6  1.73531 -1.49808  78.5974 -0.192746 -0.417542   3.72436 0 0 0    0    0 0.07  -0.043295 -0.0219446  0.0409429  0.000744962 -0.000852624  2.92643e-05  -0.385015 -0.0426769  0.0074225  -0.258077 -0.0883762   -9.80521 
               115.7  1.74282 -1.49456     78.6 -0.192397 -0.419974   3.72509 0 0 0    0    0 0.07 -0.0291224 -0.0232144  0.0286833  0.000742255 -0.000818175  2.65842e-05  -0.385014 -0.0422983 0.00777406  -0.258047 -0.0883413   -9.80521 
               115.8  1.72632 -1.48517  78.5788 -0.205022  -0.42766   3.73179 0 0 0    0    0 0.07 -0.0540351 -0.0366022  0.0428422  0.000745405 -0.000792787  3.89028e-05  -0.384545 -0.0430781 0.00726702  -0.258068 -0.0884502   -9.80521 
               115.9    1.732 -1.48616  78.5356 -0.218784 -0.435354    3.7319 0 0 0    0    0 0.07 -0.0743768 -0.0458702  0.0280372  0.000736998 -0.000780456  5.73188e-05  -0.384172 -0.0437041 0.00776989  -0.258086 -0.0885343    -9.8052 
                 116    1.701 -1.47433  78.5266 -0.230281 -0.441961   3.73933 0 0 0    0    0 0.07 -0.0847659 -0.0512047  0.0471141  0.000745261 -0.000769937  6.07444e-05  -0.384009 -0.0440186 0.00727827  -0.258097 -0.0885766    -9.8052 
               116.1  1.70226 -1.47709  78.4886 -0.244243 -0.448853   3.73736 0 0 0    0    0 0.07 -0.0991916 -0.0557976   0.024383  0.000740283 -0.000749971  8.36966e-05  -0.383842 -0.0443812  0.0078577 -0.258111  -0.08862   -9.8052 
               116.2  1.69451 -1.48874  78.4848 -0.253032 -0.455832   3.74129 0 0 0    0    0 0.07 -0.0958684 -0.0607866  0.0313329  0.000738038 -0.000739653  8.43582e-05  -0.383751 -0.0442798 0.00767047  -0.258096 -0.0886191    -9.8052 
               116.3 1.69582 -1.4894  78.443 -0.268701 -0.459834   3.74057 0 0 0    0    0 0.07  -0.112273 -0.0554268   0.019808 0.000737511 -0.00074422 0.000107657  -0.383861 -0.0447264 0.00810746  -0.258141 -0.0886472    -9.8052 
               116.4  1.67512 -1.49982  78.4609 -0.273003 -0.461397   3.74279 0 0 0    0    0 0.07  -0.093503 -0.0468353  0.0217619  0.000716427 -0.000740326  9.68232e-05  -0.384187 -0.0442384 0.00806413 -0.25813 -0.08858  -9.8052 
               116.5  1.68053 -1.50091  78.4553 -0.284286 -0.459774   3.74313 0 0 0    0    0 0.07  -0.098627 -0.0312993  0.0168131  0.000697857 -0.000738018  9.56747e-05  -0.384642  -0.044463 0.00830588  -0.258186 -0.0885617    -9.8052 
               116.6  1.64332 -1.48877  78.5152 -0.277635 -0.455618   3.74365 0 0 0    0    0 0.07 -0.0542575 -0.0153301  0.0140375  0.000667281 -0.000749496  6.96417e-05  -0.385278  -0.043196 0.00842105  -0.258139 -0.0884053    -9.8052 
               116.7  1.64956 -1.48703  78.5241 -0.278831 -0.451191   3.74265 0 0 0    0    0 0.07   -0.0434904 -0.000302947   0.00706175  0.000647396 -0.000758363  6.64853e-05  -0.385731 -0.0429457 0.00866472  -0.258157 -0.0883477    -9.8052 
               116.8 1.62124 -1.4697 78.5939 -0.268292 -0.449905   3.74222 0 0 0    0    0 0.07 0.000610582 0.000969995  0.00429626  0.000591007 -0.000766956  4.30099e-05  -0.385893 -0.0418579 0.00874471  -0.258085 -0.0882447   -9.80521 
               116.9  1.62663 -1.47064  78.5835  -0.27486 -0.451193   3.74244 0 0 0    0    0 0.07 -0.0178341  -0.002347 0.00495605  0.000604594 -0.000749884  4.92266e-05  -0.385767 -0.0422747 0.00878013 -0.258107 -0.088289  -9.80521 
                 117  1.61075 -1.45982  78.5571  -0.26281 -0.451345   3.74178 0 0 0    0    0 0.07   0.0232077 -0.00421867  0.00181105 0.000548481 -0.00075492 8.24798e-05  -0.385829 -0.0413332 0.00885557  -0.258039 -0.0882057   -9.80521 
               117.1  1.61667 -1.45978  78.5524 -0.264112 -0.455361   3.74171 0 0 0    0    0 0.07  0.0138194 -0.0140458  0.0024811  0.000544441 -0.000735565  9.05545e-05  -0.385587 -0.0415332  0.0088859  -0.258034 -0.0882412   -9.80521 
               117.2  1.59894 -1.45746  78.5564 -0.250471 -0.455642   3.74109 0 0 0    0    0 0.07   0.0479291  -0.0135332 0.000278311  0.000501564 -0.000746147  9.55518e-05  -0.385702 -0.0406205 0.00895201  -0.257973 -0.0881561   -9.80521 
               117.3  1.60336 -1.45891  78.5683 -0.250972 -0.457487   3.74103 0 0 0    0    0 0.07   0.0337156  -0.0148931 0.000187824   0.00049678 -0.000751078  9.78304e-05  -0.385646 -0.0409976 0.00898272  -0.257997 -0.0881918   -9.80521 
               117.4  1.59666 -1.46112  78.5157 -0.236356 -0.457628   3.74063 0 0 0    0    0 0.07    0.0631933   -0.0136823 -0.000102637  0.000485148 -0.000769545  0.000154361  -0.385785 -0.0400453 0.00900203  -0.257936 -0.0881022   -9.80521 
               117.5  1.60039 -1.46217  78.5367 -0.237276 -0.458369   3.74037 0 0 0    0    0 0.07    0.0445507   -0.0120709 -0.000789762 0.000476076 -0.00078935 0.000150132  -0.385802 -0.0406702 0.00907035  -0.257985 -0.0881524   -9.80521 
               117.6 1.59343 -1.4801 78.5721 -0.221808 -0.452125   3.74012 0 0 0    0    0 0.07    0.0718893    0.0053169 -0.000906091  0.000484508 -0.000793172  0.000131101  -0.386556 -0.0396881 0.00907852  -0.257972 -0.0880135   -9.80521 
               117.7  1.59782 -1.48028  78.5737 -0.223988 -0.452024   3.74039 0 0 0    0    0 0.07    0.0479647   0.00486815 -0.000746882   0.00046298 -0.000811591  0.000138664   -0.38647 -0.0405851 0.00906151  -0.258033 -0.0880938   -9.80521 
               117.8  1.57942 -1.48457  78.5741 -0.211142 -0.442821   3.73945 0 0 0    0    0 0.07   0.0682505   0.0261497 -0.00401154  0.000472004 -0.000815123  0.000135096   -0.38738 -0.0398907  0.0092037  -0.258055 -0.0879666   -9.805                   117.9  1.58416 -1.48512  78.5448 -0.214529 -0.445774   3.73909 0 0 0    0    0 0.07  0.0418354  0.0119765 -0.0047949  0.000471531 -0.000823931  0.000154229  -0.386809 -0.0407685 0.00921136  -0.258075 -0.0880821   -9.                 118  1.77417 0.773489  106.225 6.53683 -3.9287 7.47938 0 0 0    0    0 0.07   0.020202 -0.0413127  0.0167899 -0.000408599  9.53188e-05  -0.00118273 -0.0371704  -0.207756 0.00707719 -0.0234495  -0.213797   -9.80664 
                            118.1   1.5733 -1.49276  78.5852 -0.201751 -0.429905   3.73905 0 0 0    0    0 0.07   0.0465322   0.0402565 -0.00265719 0.000475393 -0.00084739 0.000135842  -0.387772  -0.040645 0.00913753  -0.258144 -0.0879               1               118.2  1.55907 -1.48239  78.5846  -0.19532 -0.420923   3.73967 0 0 0    0    0 0.07   0.0497189   0.0533445 0.000206982  0.000478505 -0.000856215  0.000140673   -0.38817 -0.0405585 0.00904068   -0.25817 -0.0               118.               118.3  1.56374 -1.48066   78.616 -0.192251 -0.414533   3.73994 0 0 0    0    0 0.07  0.0438785  0.0556793 0.00069753  0.000480093 -0.000860821  0.000125985  -0.388239 -0.0407073 0.00902242  -0.258187 -               118.4                 118.4 1.56536  -1.498 78.6573 -0.184779 -0.403675   3.74144 0 0 0    0    0 0.07  0.0512853  0.0688465 0.00596153  0.000484674 -0.000872442  9.61928e-05  -0.388672 -0.0405266  0.0088379  -0.258209 -0.0               118.               118.5  1.57198 -1.50011   78.637 -0.181101 -0.408535   3.74092 0 0 0    0    0 0.07   0.048155  0.0380977 0.00178158  0.000496347 -0.000893252  0.000112473   -0.38777 -0.0404951 0.00893088  -0.258133 -               118.6                 118.6  1.61527 -1.54117  78.6006 -0.174653 -0.397699    3.7417 0 0 0    0    0 0.07 0.0522905 0.0544168 0.0040617  0.000499429 -0.000891016  0.000138418  -0.388422 -0.0404723  0.0088534  -0.258185 -               118.7                 118.7  1.62656 -1.53966    78.62 -0.157224 -0.400324    3.7423 0 0 0    0    0 0.07  0.0840138   0.031035 0.00625557  0.000534752 -0.000919851  0.000134125  -0.387761 -0.0392576  0.0087469   -0.2580               118.8   1.               118.8  1.69134 -1.59436  78.5552 -0.153497 -0.392478   3.74385 0 0 0    0    0 0.07  0.0713525  0.0430799 0.00992444  0.000528282 -0.000902557   0.00018255  -0.388205 -0.0397957 0.00865853  -0.25811               118.9  1.6               118.9  1.69978 -1.59139  78.5852 -0.139816 -0.394378   3.74467 0 0 0    0    0 0.07 0.0899447 0.0236998 0.0098173   0.00056845 -0.000926552   0.00016162  -0.387703 -0.0391338 0.00863575  -0.25802                 119  1.6                 119  1.73867 -1.62092  78.6084   -0.1391 -0.389044   3.74788 0 0 0    0    0 0.07 0.0693757 0.0304338   0.01701  0.000565277 -0.000917705  0.000142987   -0.38798 -0.0399994 0.00834655  -0.25811               119.1  1.6               119.1  1.74414 -1.62083  78.5941 -0.137615 -0.391147   3.74756 0 0 0    0    0 0.07  0.0575139  0.0148591 0.00929677  0.000567259 -0.000928004  0.000153312  -0.387491 -0.0404224 0.00861437  -0.25               119.2  1.6460               119.2  1.74693 -1.63621  78.5482  -0.14088 -0.386052   3.75049 0 0 0    0    0 0.07 0.0321037 0.0236731 0.0167112  0.000567509 -0.000922122  0.000180469  -0.387791 -0.0413119 0.00841599  -0.25               119.3  1.6366               119.3     1.75 -1.63501  78.5332 -0.150342 -0.383762   3.75024 0 0 0    0    0 0.07 7.36295e-05   0.0219333  0.00935787  0.000550768 -0.000919715  0.000185479  -0.387705 -0.0423591 0.00865369                119.4  1.63507 0.83               119.4  1.70943 -1.62623  78.5746 -0.155576 -0.376385   3.75249 0 0 0    0    0 0.07 -0.0149505  0.0341623  0.0139792 0.000537629 -0.00091802 0.000153585  -0.388154 -0.0429195 0.008514               119.5  1.61625 0.85161               119.5  1.71609 -1.62654  78.5183 -0.175598 -0.376496   3.75235 0 0 0    0    0 0.07 -0.0612856  0.0247849  0.0090389  0.000478797 -0.000907764  0.000190631  -0.387767 -0.0444523 0.008               119.6  1.60839 0.868755                 119.6  1.63859 -1.61049   78.579 -0.183282 -0.369585   3.75337 0 0 0    0    0 0.07 -0.0675739  0.0344148  0.0107897  0.000481579 -0.000901841  0.000139444  -0.388186 -0.0446815 0.               119.7  1.59122 0.887868  106               119.7  1.64364 -1.61229  78.5313 -0.202615 -0.373495   3.75332 0 0 0    0    0 0.07 -0.0977691  0.0150165 0.00703234  0.000413478 -0.000901952  0.000174126   -0.38746 -0.0457               119.8  1.58723 0.898765  106.208                 119.8  1.59688 -1.59731  78.6009 -0.206142 -0.364083    3.7526 0 0 0    0    0 0.07 -0.0833928  0.0336142 0.00199161  0.000424168 -0.000887866  0.000132667  -0.388293 -0.0               119.9  1.58078 0.905081  106.312  6.3               119.9 1.59999 -1.5943 78.5946 -0.210651 -0.361176   3.75308 0 0 0    0    0 0.07 -0.0738884  0.0295393 0.00417185  0.000413671 -0.000875003  0.000128862  -0.388288 -0.0                 120  1.58284 0.914463  106.361                   120 1.57853 -1.5693 78.6488 -0.212291 -0.352866   3.75311 0 0 0    0    0 0.07 -0.0600618  0.0425284 0.00380446  0.000417872 -0.000873453   9.1869e-05  -0.388845 -0.0443               120.1  1.59287 0.920545  106.424                 120.1 1.58244 -1.5682 78.6699 -0.211219 -0.349834   3.75342 0 0 0    0    0 0.07 -0.0426385  0.0372468 0.00317347  0.000410701 -0.000856941  6.48415e-05  -0.388793 -0.0437415               120.2  1.59424 0.920421  106.45               120.2  1.58143 -1.55556  78.7449 -0.209921 -0.342746   3.75442 0 0 0    0    0 0.07 -0.0286793  0.0442077  0.0055675    0.0004145 -0.000846491  4.69904e-06  -0.389146 -0.0432               120.3  1.60599 0.911991   106.45                 120.3 1.58843 -1.5557 78.7677 -0.207095 -0.342193   3.75526 0 0 0    0    0 0.07 -0.0140241  0.0328365 0.00502493  0.000412667 -0.000831755  -7.9586e-06  -0.388852 -0.0               120.4  1.60833 0.911138  106.465  6.3               120.4  1.58895 -1.54661  78.7839 -0.204806 -0.339366   3.75803 0 0 0    0    0 0.07 -0.00338118    0.030275   0.0123336   0.00042046 -0.000821026 -2.40325e-05  -0.38884               120.5  1.63441 0.928114  106.347  6.3620               120.5  1.59583 -1.54631  78.8175 -0.200064 -0.342358   3.75841 0 0 0    0    0 0.07  0.0085002  0.0130137 0.00904972  0.000425059 -0.000810427 -4.75863e-05  -0.38837               120.6  1.64508 0.935713  106.368  6.37185 -               120.6  1.60423 -1.54435  78.7631 -0.198812 -0.344526   3.76187 0 0 0    0    0 0.07     0.0103 0.00323145  0.0185483  0.000426054 -0.000806152 -1.27585e-05  -0.38               120.7  1.69213 0.955376  106.317  6.37693 -3.8               120.7  1.61186 -1.54313  78.8005 -0.192727  -0.34646    3.7622 0 0 0    0    0 0.07   0.0238378 -0.00394655   0.0137858  0.000437287 -0.000795978  -3.9023e-               120.8  1.71358 0.953631  106.395  6.40143 -3.81663  7.4               120.8  1.62038 -1.53388  78.7516 -0.193086 -0.351457   3.76588 0 0 0    0    0 0.07  0.0173495 -0.0167008  0.0228023   0.00044388 -0.000794707 -1.4               120.9  1.77463 0.956313  106.327  6.41358 -3.79889  7.47966 0               120.9  1.62691 -1.53428  78.7978 -0.179637 -0.353144   3.76541 0 0 0    0    0 0.07 0.0482852 -0.019201 0.0133787  0.000466382 -0.000782777 -                 121  1.79637 0.956405  106.424  6.43248 -3.79124  7.47859 0 0                  121  1.65291 -1.53071  78.7043 -0.181545 -0.363272   3.77079 0 0 0    0    0 0.07  0.0313216 -0.0425641  0.0290551  0.000479451 -0.00076996               121.1  1.87404 0.963918  106.234  6.45346 -3.78311  7.47517 0 0 0                 121.1  1.65613 -1.53243  78.7195 -0.181653 -0.368568   3.76951 0 0 0    0    0 0.07  0.0227535 -0.0460176  0.0145494 0.000486596 -0.000754               121.2  1.91012 0.963298  106.407  6.49416 -3.76944  7.47456 0 0 0                 121.2  1.65337 -1.53628  78.6716 -0.185953 -0.376132   3.77456 0 0 0    0    0 0.07  0.0050436 -0.0546513  0.0277849  0.000492597 -0.00074               121.3   2.0199 0.968604  106.336  6.53226 -3.76698  7.46754 0 0 0    0               121.3   1.6589 -1.53934  78.6471 -0.194132 -0.383243   3.77323 0 0 0    0    0 0.07 -0.0174721 -0.0596208  0.0120267  0.000489628 -0.00               121.4  2.05508 0.961032  106.546  6.57731 -3.76245  7.46678 0 0 0    0                  121.4  1.65223 -1.54667  78.5729 -0.199467 -0.389883     3.776 0 0 0    0    0 0.07 -0.0275863  -0.062453  0.0177256  0.000               121.5  2.09995 0.963879  106.297   6.6211 -3.76053  7.45946 0 0 0    0    0 0.07   0.               121.5  1.65548 -1.54968  78.5669  -0.19921 -0.397702   3.77457 0 0 0    0    0 0.07 -0.0194154 -0.0685305 0.00613188 0.0               121.6 2.11795 0.94926 106.426  6.64574 -3.76596  7.45671 0 0 0    0    0 0.07   0.343               121.6  1.66532 -1.57175  78.4693 -0.204156 -0.403113   3.77507 0 0 0    0    0 0.07 -0.0279487 -0.0657509 0.00424044                121.7 2.14135 0.94655 106.322  6.69069 -3.77105  7.44997 0 0 0    0    0 0.07   0.381431 0.               121.7  1.66675 -1.57841   78.437 -0.212467 -0.411274   3.77316 0 0 0    0    0 0.07  -0.0414189  -0.0708419                121.8 2.14358 0.93349 106.326  6.69318 -3.77632   7.4461 0 0 0    0    0 0.07    0.293578 -0.0073907               121.8  1.6537 -1.5938 78.4423 -0.212293 -0.410404   3.77221 0 0 0    0    0 0.07  -0.0319755  -0.0531521                121.9  2.09167 0.898147  106.134  6.72911 -3.78223  7.44268 0 0 0    0    0 0.07   0.318851 -0.0218824                121.9  1.66123 -1.59499  78.4313 -0.215291  -0.41049   3.77177 0 0 0    0    0 0.07  -0.0322111  -0.04                 122  2.07751 0.881918  106.153  6.71849 -3.79817  7.43878 0 0 0    0    0 0.07   0.214111 -0.0588967 -0.043                 122  1.63427 -1.58063   78.477 -0.213422 -0.407332   3.77061 0 0 0    0    0 0.07 -0.0198249 -               122.1  1.98133 0.813996  106.093  6.74549 -3.80631  7.44213 0 0 0    0    0 0.07   0.233199 -0.0666634 -0.012502               122.1  1.63707 -1.57956  78.4891 -0.225767 -0.398292   3.77078 0 0 0    0    0 0.07  -0.04915               122.2  1.95569 0.810114  106.062   6.7139 -3.81803   7.4401 0 0 0    0    0 0.07  0.0963965 -0.0811609 -0.015462               122.2  1.59909 -1.54817  78.5292 -0.224176 -0.393287   3.77033 0 0 0    0    0 0.07 -0.032               122.3  1.85269 0.790813  106.151  6.70893 -3.83612  7.43788 0 0 0    0    0 0.07  0.0571789  -0.113773 -0.0182317 -0.0               122.3 1.60194 -1.5491 78.5451 -0.230185  -0.39142    3.7693 0 0 0    0    0 0.07  -0.04               122.4  1.82525 0.787278  106.052  6.67958 -3.84667  7.43379 0 0 0    0    0 0.07 -0.0341842  -0.113642 -0.0258289 -0.0003               122.4  1.58555 -1.51339    78.54 -0.228055 -0.390073   3.76665 0 0 0    0    0 0.07                122.5  1.77123 0.795858  106.139  6.65347 -3.87281   7.4303 0 0 0    0    0 0.07 -0.0985803  -0.160944 -0.0309018 -0.0003797               122.5  1.58879 -1.51199  78.5776 -0.228391 -0.386407   3.76651 0 0 0    0    0 0.               122.6 1.75821 0.80037 106.035  6.63416 -3.87867  7.43123 0 0 0    0    0 0.07  -0.122173  -0.134638 -0.0151092 -0.000387992  0.               122.6  1.58813 -1.50765  78.6231 -0.221163 -0.384728    3.7654 0 0 0    0                 122.7  1.74873 0.811444  106.089  6.60415 -3.90025  7.43121 0 0 0    0    0 0.07   -0.171331    -0.16055 -0.00945024 -0.000393226  0.               122.7   1.5965 -1.50499  78.6568 -0.211794 -0.386284   3.76612 0 0 0    0                 122.8  1.74469 0.812504  106.022  6.59978 -3.90162  7.43061 0 0 0    0    0 0.07   -0.138701   -0.123791 -0.00757104 -0.000386725  0.               122.8  1.61202 -1.50991  78.6496 -0.207549 -0.388845   3.76588 0 0 0                   122.9  1.75079 0.795798  106.028  6.57543 -3.92579  7.43486 0 0 0    0    0 0.07 -0.166814 -0.159509 0.0112196 -0.000384437  0.000120073 -0               122.9  1.61537 -1.51014  78.6556 -0.210251 -0.389777   3.765                 123 1.74455 0.80449 105.972  6.57076 -3.92136  7.43501 0 0 0    0    0 0.07  -0.136958  -0.108321 0.00911651 -0.000372129  0.000128582  -0.00089227 -                 123  1.61244 -1.50475  78.6067  -0.20907 -0.39429               123.1  1.74732 0.817837  106.033  6.55166 -3.93904  7.43674 0 0 0    0    0 0.07 -0.150939 -0.129712  0.011273 -0.000373995  0.000127353 -0.000916785 -0.0391               123.1   1.6153 -1.50467  78.6149 -0.210657  -               123.2  1.74572 0.819549  106.039  6.55411 -3.93653  7.43475 0 0 0    0    0 0.07  -0.105742 -0.0901381 0.00026023 -0.000344044  0.000145861 -0.000926784 -0.0400531                  123.2  1.62529 -1.50995  78.6083 -0.209               123.3  1.74946 0.810575   106.01  6.53628 -3.94462  7.43647 0 0 0    0    0 0.07  -0.124346 -0.0893903 0.00649557 -0.000356578  0.000161321  -0.00089806 -0.0404074   -0.21366                123.3  1.62785 -1.51089  78.60               123.4  1.73941 0.816764  105.981  6.52988 -3.94646  7.43653 0 0 0    0    0 0.07  -0.109126 -0.0729328 0.00465641 -0.000344336  0.000170532 -0.000881588 -0.0408904  -0.212881 0.0060               123.4  1.60989 -1.50893                123.5  1.70319 0.832371  106.021 6.51482 -3.9477 7.43372 0 0 0    0    0 0.07   -0.121419  -0.0574236 -0.00930942 -0.000343064   0.00017545  -0.00091211 -0.0416272  -0.213044 0.0065173               123.5  1.61084 -1.               123.6  1.67784 0.843284  105.928  6.48677 -3.94765  7.43325 0 0 0    0    0 0.07  -0.162845 -0.0425257  -0.007956 -0.000377081  0.000193678 -0.000869614 -0.0426459  -0.214242 0.00646399 -0.0               123.6  1.59225                123.7  1.62278 0.875658  106.095   6.4584 -3.94559  7.42986 0 0 0    0    0 0.07  -0.198034 -0.0238631 -0.0178221 -0.000375944  0.000193511 -0.000967496  -0.043608  -0.215106 0.00683044 -0.0241               123.7  1.592               123.8  1.61675 0.890155  106.098 6.44877 -3.9364  7.4317 0 0 0    0    0 0.07   -0.173089  0.00734262 -0.00344797 -0.000370342  0.000204382 -0.000964493 -0.0442792   -0.21395 0.00631992 -0.0242094  -               123.8                123.9  1.63034 0.911778  106.426  6.41855 -3.93291  7.43126 0 0 0    0    0 0.07   -0.211019   0.0158201 -0.00186006 -0.000369001  0.000207005  -0.00119033 -0.0448991  -0.214935 0.00635872 -0.0242879   -0.               123                 124  1.62493 0.935402  106.366  6.40725 -3.92022  7.43402 0 0 0    0    0 0.07 -0.188678  0.045038 0.0110521 -0.000362363  0.000216345  -0.00114058 -0.0455073   -0.21387 0.00592463 -0.0242977  -0.213962                            124.1   1.6235 0.983178  106.359   6.3798 -3.90916  7.43329 0 0 0    0    0 0.07  -0.214276  0.0651231 0.00557494 -0.000359453  0.000215531  -0.00113029 -0.0463348  -0.214376 0.00618662 -0.0243761  -0.213973   -                        124.2 1.62541 1.00159 106.334   6.3805 -3.90415  7.43562 0 0 0    0    0 0.07 -0.158423 0.0623785   0.01318 -0.000344233  0.000219253  -0.00111842 -0.0455906  -0.212682 0.00592582 -0.0242656  -0.213869   -9.80664 
               124.3 1.64765 1.01316 106.352  6.35693 -3.88991  7.43531 0 0 0    0    0 0.07  -0.182117  0.0872425 0.00841302 -0.000353555  0.000228918  -0.00112907 -0.0465021  -0.213066  0.0061267 -0.024347  -0.21387  -9.80664 
               124.4 1.64291 1.02603 106.303   6.3512 -3.88822  7.43439 0 0 0    0    0 0.07  -0.151378  0.0691895 0.00129029 -0.000346353   0.00022156  -0.00110692 -0.0455981  -0.212301 0.00634425 -0.0242538   -0.21384   -9.80664 
               124.5  1.6321 1.03621 106.325  6.32997 -3.87469  7.43202 0 0 0    0    0 0.07   -0.171257   0.0906294 -0.00925748 -0.000349713  0.000219121   -0.0011215 -0.0462746  -0.212564 0.00659563 -0.0243134   -0.21384   -9.80664 
               124.6 1.61917  1.0319  106.28  6.31805 -3.88939  7.42857 0 0 0    0    0 0.07   -0.15894  0.0262019 -0.0210748 -0.000352907  0.000205169    -0.001099 -0.0445014  -0.212794 0.00690195 -0.0241856  -0.213912   -9.80664 
               124.7 1.60048 1.00678 106.326  6.29366 -3.88367  7.42874 0 0 0    0    0 0.07  -0.185676  0.0372473 -0.0113169 -0.000356649  0.000202376  -0.00112525 -0.0449326  -0.213313 0.00664463 -0.0242346  -0.213937   -9.80664 
               124.8  1.59819 0.991372  106.318  6.29524 -3.89792  7.42342 0 0 0    0    0 0.07  -0.134217 -0.0111267 -0.0270111 -0.000355259  0.000175593   -0.0011128 -0.0432656  -0.212415 0.00712223 -0.024081 -0.213922  -9.80664 
               124.9  1.61467 0.915142  106.417  6.28121 -3.89902  7.42562 0 0 0    0    0 0.07   -0.136207 -0.00990646 -0.00568073 -0.000358529   0.00018198  -0.00115101 -0.0432851  -0.212472  0.0064928 -0.0240849  -0.213925   -9.80664 
                 125  1.61804 0.896698  106.455  6.29314 -3.91648  7.42156 0 0 0    0    0 0.07 -0.0691096 -0.0558873 -0.0204754 -0.000350344  0.000161402  -0.00116343 -0.0415709   -0.21119 0.00688071 -0.0239172  -0.213882   -9.80664 
               125.1  1.63179 0.825672  106.384  6.29338 -3.92297  7.42466 0 0 0    0    0 0.07 -0.0487177 -0.0599329 0.00193539 -0.000350653  0.000178688  -0.00107945 -0.0413437  -0.210734 0.00634973 -0.0238866  -0.213855   -9.80664 
               125.2  1.64374 0.805554  106.436  6.31073 -3.93753  7.42088 0 0 0    0    0 0.07 0.00895417 -0.0855574 -0.0127348 -0.000337025  0.000158493  -0.00107769 -0.0402917  -0.209527 0.00673832 -0.0237712  -0.213797   -9.80664 
               125.3  1.67362 0.753797  106.216  6.31722 -3.94313  7.42777 0 0 0    0    0 0.07  0.026449 -0.077548 0.0241382  -0.00033571  0.000172214 -0.000980376 -0.0403858  -0.209088 0.00582883 -0.0237648  -0.213763   -9.80664 
               125.4  1.68844 0.745461  106.287  6.34192 -3.94905  7.42613 0 0 0    0    0 0.07  0.0856235 -0.0748677 0.00997478 -0.000301454  0.000161808  -0.00103367 -0.0400244  -0.207648 0.00618444 -0.0236947  -0.213666   -9.80664 
               125.5  1.73456 0.719921  106.214  6.36035 -3.95639    7.427 0 0 0    0    0 0.07   0.114507 -0.0768197  0.0112539   -0.0003006   0.00017245 -0.000953515 -0.0397952  -0.206909 0.00619914 -0.0236556  -0.213619   -9.80665 
               125.6  1.74449 0.714973  106.282  6.38016 -3.96303  7.42719 0 0 0    0    0 0.07   0.137257 -0.0766904 0.00830909 -0.000285863  0.000167499 -0.000981975 -0.0396713  -0.206258 0.00632108 -0.023627 -0.213575  -9.80665 
               125.7  1.75614 0.706235  106.237  6.40153 -3.96699  7.42799 0 0 0    0    0 0.07   0.159942 -0.0681446 0.00823328 -0.000277879  0.000181764 -0.000936412 -0.0398045  -0.205488 0.00628189 -0.023613 -0.213516  -9.80665 
               125.8  1.76029 0.712272  106.295  6.40851 -3.96948  7.43057 0 0 0    0    0 0.07    0.13988 -0.0601398  0.0131414 -0.000286151   0.00019589 -0.000988784 -0.0404626  -0.206104 0.00601387 -0.0236785  -0.213541   -9.80665 
               125.9  1.75788 0.740084  106.161  6.42633 -3.96995  7.43065 0 0 0    0    0 0.07   0.151519 -0.0462421 0.00766827 -0.000277659  0.000202682 -0.000908999 -0.0409142  -0.205524 0.00617544 -0.0236935  -0.213486   -9.80665 
                 126  1.76172 0.761018  106.196  6.43051 -3.96206  7.43556 0 0 0    0    0 0.07   0.127165 -0.0145347  0.0230178 -0.000280224  0.000224268 -0.000919505 -0.0424724  -0.206106 0.00550111 -0.0238209  -0.213482   -9.80665 
               126.1  1.76341 0.814608   106.19  6.43998 -3.95073   7.4344 0 0 0    0    0 0.07   0.120071  0.0222473 0.00878271 -0.000277886  0.000221522 -0.000911945   -0.04384  -0.205956 0.00591838 -0.023914 -0.213429  -9.80665 
               126.2  1.75708 0.833311  106.213  6.43457 -3.94858  7.43779 0 0 0    0    0 0.07 0.0761521 0.0220307 0.0179339 -0.000280354  0.000235755 -0.000922328 -0.0443582  -0.207435 0.00566744 -0.0239951  -0.213518   -9.80665 
               126.3  1.72667 0.873073   106.29  6.43945 -3.93804  7.43472 0 0 0    0    0 0.07   0.0689459   0.0452746 0.000733136 -0.000266531  0.000236055 -0.000994246 -0.0452276  -0.207388 0.00639801 -0.0240557  -0.213488   -9.80665 
               126.4   1.7132 0.891136   106.24  6.42595 -3.93928   7.4367 0 0 0    0    0 0.07  0.0184197  0.0311815 0.00674033 -0.000289123  0.000241898 -0.000975289 -0.0453274  -0.209284  0.0061994  -0.02412 -0.213618  -9.80664 
               126.5  1.68849 0.925472   106.34  6.42138 -3.92849   7.4311 0 0 0    0    0 0.07 0.000521736    0.054011  -0.0182698 -0.000288992  0.000231689  -0.00104386 -0.0462636  -0.209582 0.00712786 -0.0241953   -0.21361   -9.80664 
               126.6  1.67185 0.933953  106.246 6.39879 -3.9329 7.43039 0 0 0    0    0 0.07 -0.0585835  0.0285067 -0.0153733 -0.000300523  0.000229103  -0.00100295 -0.0460723  -0.211778 0.00708269 -0.024248 -0.213769  -9.80664 
               126.7  1.64309 0.950574  106.237  6.38122 -3.92292  7.42811 0 0 0    0    0 0.07 -0.0922402  0.0505359 -0.0175865 -0.000293105  0.000210749 -0.000997807   -0.04707  -0.212565 0.00717783 -0.0243413  -0.213795   -9.80664 
               126.8  1.63941 0.948097  106.251  6.37848 -3.93073  7.42684 0 0 0    0    0 0.07   -0.07658  0.0172148 -0.0171611 -0.000294129   0.00021009  -0.00099924 -0.0458275   -0.21242 0.00715614 -0.0242502  -0.213821   -9.80664 
               126.9  1.65279 0.932017  106.248  6.36438 -3.92386  7.42762 0 0 0    0    0 0.07  -0.0964453   0.0331421 -0.00596673 -0.000293307  0.000205617 -0.000995295 -0.0464633  -0.212803 0.00681401 -0.0243059  -0.213829   -9.80664 
                 127  1.66739 0.925514  106.328  6.38429 -3.92739  7.42697 0 0 0    0    0 0.07  -0.0198697   0.0145189 -0.00674045 -0.000299894  0.000211977  -0.00102923 -0.0451207  -0.210737 0.00678442 -0.0241515  -0.213725   -9.80664 
               127.1  1.70089 0.895656  106.238   6.3854 -3.92054  7.43216 0 0 0    0    0 0.07 -0.0111022  0.0309306  0.0175993 -0.000306129  0.000225658 -0.000949509 -0.0454901  -0.210348 0.00596733 -0.0241656  -0.213688   -9.80664 
               127.2  1.71027 0.892494  106.279  6.39599 -3.92779  7.43205 0 0 0    0    0 0.07  0.0202898 0.00264072 0.00982432 -0.000307516   0.00022736 -0.000954282 -0.0443898  -0.209754 0.00620604 -0.0240722  -0.213679   -9.80664 
               127.3  1.72565 0.870963  106.241   6.3992 -3.92262  7.43619 0 0 0    0    0 0.07 0.0246327 0.0169939 0.0230983 -0.000313713  0.000248423 -0.000906504 -0.0447515  -0.209539 0.00582584 -0.0240904  -0.213654   -9.80664 
               127.4  1.72459 0.877895  106.258  6.39971 -3.92373  7.43608 0 0 0    0    0 0.07  0.0201995 0.00962006   0.014205 -0.000313679   0.00024672 -0.000911856 -0.0445966  -0.209745 0.00609908 -0.0240861  -0.213672   -9.80664 
               127.5   1.7185 0.886543  106.272  6.40253 -3.91725  7.43677 0 0 0    0    0 0.07 0.0232706 0.0252456 0.0113323 -0.000303079  0.000257951 -0.000918347  -0.045033  -0.209526 0.00616924 -0.0241095  -0.213645   -9.80664 
               127.6 1.72418  0.8939 106.314  6.40909 -3.91595  7.43742 0 0 0    0    0 0.07  0.0352399  0.0221481 0.00996932 -0.000295407   0.00025633 -0.000928767 -0.0448244  -0.209248 0.00623188 -0.0240872  -0.213632   -9.80664 
               127.7 1.74883 0.88984 106.399  6.41525 -3.90658  7.43918 0 0 0    0    0 0.07 0.0428961 0.0429724 0.0135363 -0.000287067  0.000282295  -0.00100192  -0.045365  -0.208832 0.00609756 -0.0241117  -0.213588   -9.80664 
               127.8  1.75872 0.892578  106.468  6.42735 -3.90788  7.43909 0 0 0    0    0 0.07  0.0639665  0.0276575 0.00824559 -0.00027555 0.000270919 -0.00102568 -0.0447107  -0.208394 0.00627607 -0.0240548  -0.213577   -9.80665 
               127.9  1.77238 0.888017  106.437  6.43476 -3.89794  7.43943 0 0 0    0    0 0.07  0.0682335  0.0488014 0.00604117 -0.000276601  0.000272474  -0.00100388 -0.0453052  -0.208095 0.00629861 -0.0240868   -0.21354   -9.80665 
                 128  1.77415 0.885026  106.459  6.43921 -3.90405  7.43749 0 0 0    0    0 0.07   0.0627162   0.0187123 -0.00424559 -0.000275204  0.000267983  -0.00100892 -0.0445034  -0.208577 0.00664475 -0.024046 -0.213596  -9.80664 
               128.1  1.77139 0.865498  106.412  6.44772 -3.89281  7.43861 0 0 0    0    0 0.07  0.0698784  0.0472647 0.00380544 -0.000281256  0.000266573 -0.000964609 -0.0452011   -0.20815 0.00643516 -0.0240817  -0.213547   -9.80665 
               128.2  1.77124 0.870017  106.415  6.44799 -3.89544  7.43835 0 0 0    0    0 0.07  0.0535304  0.0271539 0.00235285  -0.00027649  0.000264873 -0.000965945 -0.0448365  -0.208806 0.00655175 -0.0240751  -0.213602   -9.80664 
               128.3  1.77679 0.877491  106.352  6.45589 -3.88742  7.43846 0 0 0    0    0 0.07  0.0614665  0.0424616 0.00370995 -0.000270512  0.000269449 -0.000909263 -0.0452035  -0.208462 0.00654383 -0.0240907  -0.213569   -9.80665 
               128.4  1.78252 0.887315  106.402   6.4625 -3.88473   7.4407 0 0 0    0    0 0.07 0.0636885 0.0391724 0.0117752 -0.000267173   0.00026925 -0.000931543 -0.0450723  -0.208479 0.00631764 -0.0240819  -0.213573   -9.80665 
               128.5  1.79655 0.913438  106.314  6.47013 -3.87503  7.44208 0 0 0    0    0 0.07 0.0683228 0.0569095 0.0149277 -0.000263143   0.00028635 -0.000867556 -0.0455489  -0.208206 0.00626641 -0.0241066  -0.213542   -9.80665 
               128.6  1.79956 0.929096  106.354  6.47109 -3.86955  7.44503 0 0 0    0    0 0.07 0.0539674 0.0568916  0.021834 -0.000275047  0.000293754 -0.000880987 -0.0456977  -0.208675 0.00611291 -0.0241294  -0.213569   -9.80665 
               128.7  1.80632 0.942647  106.321  6.47232 -3.85565  7.44629 0 0 0    0    0 0.07 0.0429712 0.0833412 0.0197058 -0.000276836  0.000316588  -0.00086009  -0.046504   -0.20877 0.00620544 -0.0241861  -0.213554   -9.80665 
               128.8  1.81709 0.951351  106.383  6.48253 -3.85729  7.44863 0 0 0    0    0 0.07 0.0603639 0.0572242 0.0210887  -0.00026585  0.000297109 -0.000891878 -0.0455954  -0.208607 0.00619307 -0.024121 -0.213568  -9.80665 
               128.9  1.83792 0.953073  106.243  6.48982 -3.84126   7.4498 0 0 0    0    0 0.07 0.0655321 0.0881885 0.0187154 -0.000261799  0.000317174 -0.000774713 -0.0464253  -0.208214 0.00626665 -0.0241651  -0.213519   -9.80665 
                 129  1.84052 0.962517   106.24 6.49058  -3.843 7.45201 0 0 0    0    0 0.07 0.0521731 0.0619047 0.0186417 -0.000266041  0.000308144 -0.000770899 -0.0457367  -0.208953 0.00628934 -0.0241403  -0.213587   -9.80664 
               129.1  1.83759 0.958891   106.15  6.48978 -3.83282  7.45181 0 0 0    0    0 0.07  0.0366396  0.0749283 0.00954529 -0.000269519  0.000305082   -0.0007078 -0.0462701  -0.209343 0.00657157 -0.0241864  -0.213598   -9.80664 
               129.2  1.82899 0.961276  106.143  6.48362 -3.84405  7.45284 0 0 0    0    0 0.07   0.013249  0.0265963 0.00792682 -0.000269211  0.000300339 -0.000702534 -0.0450071  -0.210645  0.0066762 -0.024141 -0.213717  -9.80664 
               129.3  1.80417 0.956915   106.13  6.47658 -3.83598  7.45467 0 0 0    0    0 0.07 -0.00858633    0.043106   0.0125591 -0.000252624  0.000303511 -0.000690391 -0.0457594  -0.211205 0.00651875 -0.0242044  -0.213731   -9.80664 
               129.4  1.80493 0.960616  106.138  6.47462 -3.83972  7.45595 0 0 0    0    0 0.07 -0.00963652    0.022766   0.0115098 -0.000251918   0.00029774 -0.000692976 -0.0450941  -0.211534 0.00655664 -0.0241715  -0.213771   -9.80664 
               129.5  1.81847 0.933187  106.168  6.46933 -3.83448  7.45884 0 0 0    0    0 0.07 -0.019623   0.03142 0.0183808 -0.000265887  0.000310983 -0.000721001 -0.0455375  -0.211858 0.00623892 -0.024208 -0.213778  -9.80664 
               129.6  1.82316 0.920891  106.223   6.4818 -3.84777  7.45693 0 0 0    0    0 0.07   0.017691 -0.0104312 0.00341705 -0.000253538  0.000263343 -0.000747816 -0.0434956  -0.211059 0.00691452 -0.0240589  -0.213786   -9.80664 
               129.7  1.84404 0.868064  106.279  6.48907 -3.84558  7.46042 0 0 0    0    0 0.07   0.0343974 -0.00198835   0.0148791 -0.000252834  0.000274053 -0.000795829 -0.0436621  -0.210401  0.0062792 -0.0240496   -0.21374   -9.80664 
               129.8  1.85191 0.853012  106.354 6.50527 -3.8599 7.45829 0 0 0    0    0 0.07  0.0677517 -0.0389914 0.00109813 -0.000239174  0.000215857 -0.000846697 -0.0417376  -0.209627  0.0069331 -0.0239091  -0.213746   -9.80664 
               129.9  1.86068 0.784633   106.41  6.51151 -3.86833  7.46114 0 0 0    0    0 0.07  0.0690859 -0.0530746 0.00967218 -0.000242173  0.000230058 -0.000898738 -0.0412577  -0.209894 0.00641728 -0.0238852  -0.213776   -9.80664 
                 130  1.86155 0.774106   106.49     6.52 -3.87866  7.46008 0 0 0    0    0 0.07   0.0750813  -0.0670367 0.000733658  -0.00024233  0.000196236 -0.000969406 -0.0406512  -0.209923 0.00679597 -0.0238487  -0.213794   -9.80664 
               130.1    1.856 0.743185  106.474  6.53032 -3.88713  7.46318 0 0 0    0    0 0.07  0.0848737 -0.0741208  0.0117696 -0.000243087  0.000197991 -0.000959754 -0.0403548  -0.209704 0.00620235 -0.0238222  -0.213788   -9.80664 
               130.2   1.8498 0.744374  106.477  6.52322 -3.89646  7.46405 0 0 0    0    0 0.07   0.047682 -0.0815019 0.00742573 -0.000258891  0.000193874 -0.000952702 -0.0407229  -0.211392 0.00628226 -0.0238914  -0.213886   -9.80664 
               130.3  1.81262 0.731958  106.439  6.52648 -3.90281  7.46778 0 0 0    0    0 0.07  0.0451284 -0.0778899  0.0178268    -0.000254  0.000196908 -0.000927723 -0.0409657  -0.211491 0.00587243 -0.0239086  -0.213887   -9.80664 
               130.4  1.79521 0.737554  106.352  6.50587 -3.90834  7.46726 0 0 0    0    0 0.07 -0.0194079 -0.0751348 0.00652377  -0.00025321  0.000189836 -0.000883286 -0.0419087  -0.213544 0.00616429 -0.0240248  -0.213995   -9.80664 
               130.5  1.75655 0.738569  106.253  6.49713 -3.90936  7.46876 0 0 0    0    0 0.07 -0.0376744 -0.0577496 0.00895671 -0.000241543  0.000189252 -0.000803711 -0.0426656  -0.213909 0.00603176 -0.0240833  -0.213999   -9.80664 
               130.6  1.74624 0.747703  106.231  6.48619 -3.90691  7.46878 0 0 0    0    0 0.07 -0.0551392  -0.039463 0.00531779 -0.000239382  0.000188243  -0.00078917 -0.0435087  -0.214221 0.00610886 -0.0241461  -0.213998   -9.80664 
               130.7  1.72058 0.750753  106.291 6.47352 -3.9067 7.47001 0 0 0    0    0 0.07 -0.0748994 -0.0308946 0.00677284 -0.000234629  0.000186923 -0.000827908 -0.0440994  -0.214692 0.00597412 -0.0241958  -0.214012   -9.80664 
               130.8  1.71085 0.760206   106.26   6.4623 -3.90485  7.46969 0 0 0    0    0 0.07 -0.0843228 -0.0200999 0.00113708  -0.00023717  0.000187036 -0.000817473 -0.0446155  -0.214843 0.00607385 -0.0242324  -0.214008   -9.80664 
               130.9  1.70298 0.767418  106.267  6.45153 -3.90046  7.46954 0 0 0    0    0 0.07   -0.0908279  -0.00320236 -0.000685868 -0.000237601  0.000189547 -0.000819293 -0.0452169  -0.214841 0.00607451 -0.0242696  -0.213992   -9.80664 
                 131  1.69941 0.773192  106.255     6.45 -3.90352  7.47056 0 0 0    0    0 0.07  -0.070849 -0.0124869 0.00168499 -0.000234056  0.000187726  -0.00081062 -0.0448374  -0.214375 0.00594666 -0.0242336  -0.213974   -9.80664 
               131.1  1.69489 0.773712  106.246  6.44173 -3.89942  7.47021 0 0 0    0    0 0.07  -0.0755153  0.00141338 -0.00180164 -0.000229566  0.000193088  -0.00080299 -0.0452857  -0.214313 0.00597684 -0.0242594  -0.213958   -9.80664 
               131.2  1.68926 0.781147   106.22  6.43601 -3.90104  7.46985 0 0 0    0    0 0.07  -0.0717167 -0.00455606 -0.00523905 -0.000234469  0.000193511 -0.000790606 -0.0451205  -0.214228 0.00598345 -0.0242471  -0.213957   -9.80664 
               131.3  1.64978 0.800479  106.283  6.41993 -3.89434  7.46691 0 0 0    0    0 0.07 -0.0986777  0.0147336 -0.0163778 -0.000235796  0.000193974 -0.000820996 -0.0458934  -0.214671 0.00624376 -0.0243059  -0.213963   -9.80664 
               131.4  1.62222 0.816573  106.199   6.3888 -3.89634  7.46661 0 0 0    0    0 0.07  -0.157198 0.00462982 -0.0136092   -0.0002678  0.000197133 -0.000778978 -0.0461413  -0.216174 0.00615475 -0.0243608  -0.214047   -9.80663 
               131.5  1.54782 0.846024  106.272 6.36094 -3.8909 7.46301 0 0 0    0    0 0.07  -0.195719  0.0176366 -0.0248088 -0.000269144  0.000203647 -0.000810818  -0.046832  -0.216919 0.00641598 -0.0244221  -0.214073   -9.80663 
               131.6  1.52322 0.866404  106.191  6.33255 -3.88505  7.46339 0 0 0    0    0 0.07  -0.222664  0.0273977 -0.0151638 -0.000280742  0.000211217 -0.000769378 -0.0473345  -0.217416 0.00610099 -0.0244655  -0.214091   -9.80663 
               131.7  1.48053 0.892763  106.268  6.30042 -3.87661  7.46049 0 0 0    0    0 0.07  -0.254372  0.0436269 -0.0203784 -0.000272028  0.000206877 -0.000810288  -0.048032  -0.217972 0.00625966 -0.0245216  -0.214105   -9.80663 
               131.8 1.47094 0.90833  106.24  6.29046 -3.87359  7.46176 0 0 0    0    0 0.07   -0.217905    0.039194 -0.00609785 -0.000272571  0.000210608 -0.000794444 -0.0475597  -0.216938 0.00588265 -0.024467 -0.214057  -9.80663 
               131.9  1.47723 0.949631  106.237  6.25252 -3.86891  7.46007 0 0 0    0    0 0.07   -0.267135   0.0420531 -0.00887998 -0.000262731   0.00020348 -0.000791884  -0.048036  -0.218099 0.00605033 -0.0245253  -0.214113   -9.80663 
                 132  1.47704 0.966034  106.251  6.25073 -3.86208  7.46257 0 0 0    0    0 0.07  -0.207925  0.0491363 0.00426876  -0.00025483  0.000223216 -0.000801785  -0.047602  -0.216262 0.00560005 -0.0244527  -0.214016   -9.80663 
               132.1  1.51832 0.987207   106.39  6.22466 -3.85555  7.46297 0 0 0    0    0 0.07 -0.224865 0.0547381 0.0045229 -0.000262563  0.000227423 -0.000930119 -0.0478952  -0.216643  0.0055988 -0.0244799  -0.214031   -9.80663 
               132.2  1.53855 0.988321   106.48  6.24844 -3.85075  7.46156 0 0 0    0    0 0.07  -0.113864  0.0526116 -0.0016764 -0.000253276   0.00023061 -0.000962464 -0.0464507  -0.212793 0.00582072 -0.0242939  -0.213842   -9.80664 
               132.3  1.60136 0.994574  106.419  6.23516 -3.84526  7.45918 0 0 0    0    0 0.07   -0.120328   0.0542137 -0.00978128 -0.000263722  0.000236056 -0.000924849 -0.0465252   -0.21295 0.00616171 -0.0243016  -0.213849   -9.80664 
               132.4   1.6172 0.998286  106.484  6.2554 -3.8428  7.4583 0 0 0    0    0 0.07   -0.038557   0.0477898 -0.00818959 -0.000248678   0.00024472 -0.000970593 -0.0452856  -0.210258  0.0061054 -0.024159  -0.21372  -9.80664 
               132.5 1.66343 1.01007 106.311  6.26082 -3.83425  7.45701 0 0 0    0    0 0.07  -0.0137244   0.0602923 -0.00963972 -0.000254246  0.000245945  -0.00087257 -0.0453446  -0.209271  0.0061432 -0.0241377   -0.21366   -9.80664 
               132.6 1.68077 1.00233 106.365  6.28107 -3.83704  7.45447 0 0 0    0    0 0.07 0.0426246  0.037907 -0.013544 -0.000250993  0.000244557 -0.000898589 -0.0439236  -0.207711 0.00636234 -0.0240128  -0.213601   -9.80664 
               132.7  1.72061 0.979642  106.164  6.29858 -3.82542  7.45807 0 0 0    0    0 0.07  0.0806905  0.0639418 0.00883475 -0.000272334  0.000251225 -0.000781847 -0.0442248  -0.206359 0.00567607 -0.0239974  -0.213512   -9.80665 
               132.8  1.72942 0.975015  106.244  6.31472 -3.82762  7.45655 0 0 0    0    0 0.07   0.103171  0.0407308 0.00105082 -0.000268206  0.000250177 -0.000806003 -0.0433307  -0.205979 0.00596135 -0.0239346  -0.213512   -9.80665 
               132.9  1.76325 0.948236  106.202  6.34171 -3.81706  7.45682 0 0 0    0    0 0.07  0.153415 0.0610139 0.0030313 -0.000262542  0.000253738 -0.000748764 -0.0434006  -0.204549 0.00589818 -0.0239026  -0.213427   -9.80665 
                 133  1.79138 0.930497  106.412  6.38694 -3.82162  7.45415 0 0 0    0    0 0.07    0.232668   0.0320448 -0.00653685 -0.000248589  0.000238235 -0.000823957 -0.0419001  -0.202726 0.00621181  -0.02377 -0.213359  -9.80665 
               133.1 1.83471 0.88161 106.368  6.42715 -3.81969   7.4576 0 0 0    0    0 0.07  0.283224 0.0291114 0.0102175 -0.000252621  0.000250297 -0.000785076 -0.0413511  -0.201484 0.00563635 -0.0237064  -0.213301   -9.80665 
               133.2  1.85128 0.865734  106.502   6.4479 -3.83356  7.45546 0 0 0    0    0 0.07   0.266506 -0.0167128 -0.0023493 -0.000257023   0.00023868 -0.000849574 -0.0402696  -0.202463 0.00611225 -0.0236696  -0.213384   -9.80665 
               133.3  1.85785 0.849468  106.399  6.48848 -3.83944  7.45335 0 0 0    0    0 0.07    0.308872  -0.0292431 -0.00964732 -0.000251927  0.000222412 -0.000774358  -0.039524  -0.201462 0.00636663 -0.0236022  -0.213345   -9.80665 
               133.4 1.86335 0.83209 106.511  6.50228 -3.85414  7.45078 0 0 0    0    0 0.07    0.26679 -0.0625515 -0.0157786  -0.00027795  0.000208202 -0.000820846 -0.0390403  -0.203083 0.00665486 -0.0236146   -0.21345   -9.80665 
               133.5   1.8638 0.805919  106.411  6.53375 -3.86192  7.45164 0 0 0    0    0 0.07   0.283976 -0.0680447 -0.0048301 -0.000268674  0.000207348 -0.000736191 -0.0387948  -0.202766 0.00635091 -0.0235917  -0.213438   -9.80665 
               133.6  1.87123 0.798403   106.49  6.54474 -3.87141  7.45217 0 0 0    0    0 0.07     0.242206   -0.0769759 -0.000419171 -0.000298343  0.000206175 -0.000778165  -0.039044  -0.204158 0.00629432 -0.0236397  -0.213513   -9.80665 
               133.7   1.8788 0.794448  106.419  6.57032 -3.88515  7.45464 0 0 0    0    0 0.07   0.249813 -0.0957196 0.00994128 -0.000298682  0.000204826 -0.000735184 -0.0385129  -0.204246  0.0059901 -0.0236098  -0.213531   -9.80665 
               133.8  1.88722 0.805053  106.458  6.57635 -3.88093  7.45865 0 0 0    0    0 0.07   0.202197 -0.0576614  0.0241309 -0.000305418  0.000219991 -0.000749032  -0.040058  -0.205305 0.00565673 -0.0237247  -0.213557   -9.80665 
               133.9  1.90769 0.816731  106.298  6.60318 -3.88238  7.46109 0 0 0    0    0 0.07   0.224986 -0.0448337  0.0264685 -0.000298772  0.000226529 -0.000655275 -0.0402241  -0.204704 0.00563544  -0.02372 -0.213518  -9.80665 
                 134  1.92373 0.821159  106.412  6.62232 -3.87674  7.46338 0 0 0    0    0 0.07   0.220436 -0.0169066  0.0269764  -0.00029078  0.000229184 -0.000707116 -0.0410051  -0.204704 0.00564936 -0.0237655    -0.2135   -9.80665 
               134.1  1.95283 0.841491  106.192  6.64116 -3.87453  7.46543 0 0 0    0    0 0.07    0.216319 -0.00479073   0.0257486 -0.000291628  0.000232006 -0.000598354 -0.0413786  -0.204851  0.0057212 -0.0237906  -0.213499   -9.80665 
               134.2  1.96569 0.857957  106.233  6.64718 -3.86404  7.46909 0 0 0    0    0 0.07  0.179096 0.0258443   0.03209 -0.000286391  0.000236356 -0.000615056 -0.0424859  -0.205652 0.00560811 -0.0238723  -0.213519   -9.80665 
               134.3  1.99653 0.887911  106.143  6.66084 -3.85201  7.47049 0 0 0    0    0 0.07  0.172471 0.0540823 0.0268806 -0.000297726   0.00023908  -0.00055398 -0.0433014  -0.205727 0.00580161 -0.0239203  -0.213504   -9.80665 
               134.4  2.00183 0.900378  106.132  6.66067 -3.84671  7.47215 0 0 0    0    0 0.07   0.13153 0.0551188 0.0238008 -0.000310698  0.000243741 -0.000552647 -0.0436942   -0.20693 0.00596711 -0.0239717  -0.213561   -9.80665 
               134.5  1.97084 0.913161  106.129   6.6686 -3.83176  7.47179 0 0 0    0    0 0.07  0.120722 0.0832659 0.0128793 -0.000302868   0.00025846 -0.000552556 -0.0445883  -0.207073 0.00628005 -0.0240248  -0.213547   -9.80665 
               134.6  1.96791 0.923741  106.085 6.65705 -3.8357 7.47323 0 0 0    0    0 0.07 0.0629905 0.0507254 0.0114822 -0.000350228  0.000244559 -0.000551888 -0.0442335  -0.209097 0.00638163 -0.0240558  -0.213664   -9.80664 
               134.7  1.92969 0.917841  106.116  6.65495 -3.82103  7.47556 0 0 0    0    0 0.07 0.0411548 0.0819619 0.0151819 -0.000350417  0.000256091 -0.000574053 -0.0452297  -0.209505 0.00621049 -0.0241178  -0.213661   -9.80664 
               134.8  1.91149 0.922141  106.015  6.62995 -3.82543  7.47268 0 0 0    0    0 0.07  -0.0353826   0.0481408 -0.00561828 -0.000383691  0.000247941 -0.000552916 -0.0450061  -0.211818 0.00673948 -0.0241649  -0.213788   -9.80664 
               134.9  1.85948 0.899786  106.021  6.61684 -3.81415  7.47735 0 0 0    0    0 0.07 -0.0631946  0.0686785  0.0137291 -0.000372424  0.000262804 -0.000558993 -0.0456965  -0.212356  0.0062049 -0.0242124  -0.213799   -9.80664 
                 135  1.85141 0.909368  105.995  6.60853 -3.81534  7.47745 0 0 0    0    0 0.07 -0.0674977  0.0469478 0.00518871 -0.000379019  0.000252533 -0.000545547 -0.0452179  -0.212656 0.00634081 -0.0241956  -0.213826   -9.80664 
               135.1  1.84322 0.894563   106.07  6.59374 -3.80614   7.4795 0 0 0    0    0 0.07 -0.0897114   0.060982 0.00789524 -0.000371183  0.000253284 -0.000586974 -0.0457364  -0.213121 0.00611579 -0.0242329  -0.213836   -9.80664 
               135.2  1.84662 0.895753  106.113  6.60227 -3.80851  7.47924 0 0 0    0    0 0.07  -0.0423302   0.0378042 0.000480735 -0.000373117  0.000256947 -0.000596094 -0.0447795  -0.212162 0.00620899 -0.024161 -0.213812  -9.80664 
               135.3  1.87037 0.867683  106.093  6.59163 -3.79588  7.48268 0 0 0    0    0 0.07 -0.0597659  0.0647418  0.0135333 -0.000371689  0.000257564 -0.000584799 -0.0455595  -0.212411 0.00583654 -0.0242056  -0.213805   -9.80664 
               135.4  1.88011 0.856373  106.148 6.60719 -3.7987 7.47848 0 0 0    0    0 0.07 -0.00100339   0.0382533  -0.0088326 -0.000370556  0.000247271 -0.000618472 -0.0445069  -0.211242 0.00633035 -0.0241251  -0.213772   -9.80664 
               135.5    1.884 0.800931   106.18  6.60949 -3.79578  7.48102 0 0 0    0    0 0.07 0.00772365  0.0348506 0.00271385 -0.000378626  0.000256844 -0.000641389 -0.0443934  -0.211107 0.00581975 -0.0241148  -0.213768   -9.80664 
               135.6  1.88113 0.789289  106.208  6.61316 -3.80992  7.47826 0 0 0    0    0 0.07   0.017788 -0.0134753 -0.0118422   -0.0003863  0.000236252 -0.000648336 -0.0430074  -0.211345 0.00629328 -0.0240517  -0.213813   -9.80664 
               135.7  1.84857 0.738552  106.227  6.61497 -3.80872  7.47699 0 0 0    0    0 0.07   0.0202928 -0.00805093  -0.0124744 -0.000374663  0.000246293 -0.000659491 -0.0432254  -0.211277 0.00628536 -0.0240611  -0.213805   -9.80664 
               135.8  1.84401 0.726487  106.229 6.61342 -3.8229 7.47419 0 0 0    0    0 0.07  0.0127213 -0.0470887 -0.0197379  -0.00038408  0.000229562 -0.000660232  -0.042335  -0.211871 0.00649868 -0.0240303  -0.213855   -9.80664 
               135.9  1.81936 0.702086  106.112  6.60908 -3.83162  7.47357 0 0 0    0    0 0.07 -0.00285901  -0.0616917  -0.0149872 -0.000386093  0.000227539 -0.000594789 -0.0421838  -0.212379 0.00638334 -0.0240342  -0.213885   -9.80664 
                 136  1.80943 0.696386  106.086  6.60417 -3.84003  7.47164 0 0 0    0    0 0.07 -0.0130114 -0.0704583 -0.0168981 -0.000393185  0.000220946 -0.000581628 -0.0421459  -0.212733 0.00644069 -0.0240407  -0.213904   -9.80664 
               136.1  1.78417 0.677683  105.983  6.59321 -3.85373  7.47037 0 0 0    0    0 0.07 -0.0387052 -0.0931647 -0.0165686 -0.000393665  0.000219913 -0.000485787 -0.0418915  -0.213602 0.00643545 -0.0240481  -0.213954   -9.80664 
               136.2  1.77561 0.667277  105.988  6.59548 -3.86275  7.46874 0 0 0    0    0 0.07 -0.0218394 -0.0955644  -0.017031 -0.000394054  0.000212655 -0.000484494 -0.0417854  -0.213168 0.00641174 -0.0240326  -0.213934   -9.80664 
               136.3 1.75213 0.64674 106.002  6.58331 -3.87783  7.46961 0 0 0    0    0 0.07  -0.0474195    -0.11632 -0.00792619 -0.000382274  0.000216929 -0.000493755 -0.0416011   -0.21412  0.0060897 -0.0240454  -0.213986   -9.80664 
               136.4  1.73781 0.645068  105.981   6.5703 -3.88547  7.46902 0 0 0    0    0 0.07  -0.0685652   -0.109632 -0.00795006 -0.000379486  0.000210843 -0.000487535 -0.0421277  -0.214622  0.0060623 -0.0240829  -0.213999   -9.80664 
               136.5  1.69114 0.657549  106.112   6.5438 -3.89862  7.46786 0 0 0    0    0 0.07  -0.126326  -0.119568 -0.0100296 -0.000337937  0.000197538 -0.000582724 -0.0424429  -0.216119 0.00614171 -0.0241339  -0.214063   -9.80663 
               136.6   1.6673 0.672843  106.012  6.51222 -3.89744  7.47066 0 0 0    0    0 0.07  -0.177185  -0.086906 0.00408808 -0.000322196  0.000172999 -0.000537959 -0.0437799  -0.217082 0.00579268 -0.0242202  -0.214078   -9.80663 
               136.7   1.6009 0.713311   106.18 6.48046 -3.9106 7.47225 0 0 0    0    0 0.07  -0.218271  -0.103136 0.00971258 -0.000281107  0.000170213 -0.000676368 -0.043781 -0.218204 0.0056954 -0.0242468  -0.214132   -9.80663 
               136.8   1.5749 0.744135  106.066  6.44746 -3.90828  7.47811 0 0 0    0    0 0.07  -0.248525 -0.0724975  0.0287305 -0.000276822  0.000163516 -0.000640237 -0.0449653  -0.218667 0.00506595 -0.024314 -0.214128  -9.80663 
               136.9 1.52358 0.81491 106.226  6.40723 -3.90702  7.47651 0 0 0    0    0 0.07  -0.296496 -0.0491702  0.0108884 -0.000241305  0.000136477 -0.000718117 -0.0459881  -0.219555 0.00557681 -0.0243836  -0.214146   -9.80663 
                 137  1.50645 0.852984  106.127  6.38125 -3.89424  7.48178 0 0 0    0    0 0.07   -0.290721 -0.00116212   0.0284093 -0.000255964  0.000125644 -0.000658943 -0.0471405  -0.218892 0.00510511 -0.0244241  -0.214089   -9.80663 
               137.1  1.47282 0.927279  106.191  6.33589 -3.88926  7.47955 0 0 0    0    0 0.07  -0.340974  0.0127254 0.00759775 -0.000226815  0.000101732 -0.000691725 -0.0479098  -0.219924 0.00575726 -0.0244837   -0.21412   -9.80663 
               137.2  1.45899 0.954371  106.123  6.31588 -3.88139  7.48339 0 0 0    0    0 0.07 -0.310658 0.0305622 0.0189946 -0.000234725  0.000117857 -0.000636479 -0.0480564  -0.218774 0.00532224 -0.0244655  -0.214062   -9.80663 
               137.3 1.46258 0.99931 106.199  6.27303 -3.87038  7.48367 0 0 0    0    0 0.07 -0.346476 0.0541553  0.012653 -0.000227338  0.000119414 -0.000681036 -0.0490368  -0.219473 0.00553827 -0.0245283  -0.214073   -9.80663 
               137.4 1.46912 1.01976 106.202  6.27499 -3.86205  7.48661 0 0 0    0    0 0.07 -0.262172 0.0628653 0.0177114 -0.000188033  0.000138061 -0.000689728 -0.0482972  -0.216481 0.00518408 -0.0244258  -0.213946   -9.80664 
               137.5 1.56072 1.05489  106.26  6.24786 -3.84227  7.48476 0 0 0    0    0 0.07  -0.267425   0.100803 0.00410542 -0.000206628  0.000149496  -0.00074046 -0.0496408  -0.216106 0.00572386 -0.0244806  -0.213898   -9.80664 
               137.6 1.58052 1.06302  106.34  6.27429 -3.83113   7.4841 0 0 0    0    0 0.07   -0.141596    0.105809 4.94593e-06  -0.00010519    0.0001303 -0.000790871 -0.0480527  -0.211087 0.00578349 -0.0242908  -0.213691   -9.80664 
               137.7 1.64133 1.06831 106.171  6.26207 -3.80687  7.48003 0 0 0    0    0 0.07  -0.137474   0.143794 -0.0142529  -0.00012067  0.000165526 -0.000623255 -0.0494945  -0.210349 0.00646532 -0.0243429  -0.213625   -9.80664 
               137.8 1.64965 1.06239 106.223  6.27917 -3.80667   7.4756 0 0 0    0    0 0.07 -0.0609622   0.110235   -0.02605 -6.55104e-05   0.00011128 -0.000615845 -0.0469611  -0.207702 0.00697661 -0.0241597  -0.213553   -9.80665 
               137.9 1.67564 1.00418 106.249  6.28337 -3.78542  7.47318 0 0 0    0    0 0.07 -0.0300302    0.14274 -0.0236145 -5.25242e-05  0.000127399 -0.000622962  -0.047598  -0.206432 0.00691154 -0.0241628  -0.213477   -9.80665 
                 138  1.68832 0.986226  106.286  6.30248 -3.79684  7.46892 0 0 0    0    0 0.07  0.0313064  0.0710243 -0.0326024 -3.56724e-05  8.23284e-05 -0.000627928 -0.0450788  -0.205403 0.00707245 -0.0240177  -0.213482   -9.80665 
               138.1  1.73039 0.916986   106.25  6.31645 -3.78202  7.47002 0 0 0    0    0 0.07  0.0652348  0.0963135 -0.0129863 -3.27955e-05  9.78739e-05 -0.000605654 -0.0453631  -0.204497 0.00663373 -0.0240118  -0.213432   -9.80665 
               138.2  1.7351 0.90944 106.315  6.33098 -3.79019  7.46934 0 0 0    0    0 0.07  0.0875226  0.0471381 -0.0124309 -2.90433e-05  6.58813e-05 -0.000624605 -0.0441366  -0.204381 0.00662065 -0.0239501  -0.213453   -9.80665 
               138.3  1.71808 0.879004  106.302  6.35045 -3.78556  7.46846 0 0 0    0    0 0.07  0.118823 0.0465106 -0.010719   -1.237e-05  6.34027e-05 -0.000604896 -0.0439108   -0.20371 0.00656875 -0.0239247  -0.213425   -9.80665 
               138.4  1.71286 0.868421   106.32  6.34495 -3.79997  7.46587 0 0 0    0    0 0.07    0.074341 -0.00428314  -0.0169108 -5.58874e-05  3.34938e-05 -0.000620767 -0.0430697  -0.205167 0.00687439 -0.0239156  -0.213513   -9.80665 
               138.5  1.67084 0.849291  106.331  6.35704 -3.80397  7.46522 0 0 0    0    0 0.07   0.086151 -0.0140982 -0.0129946 -4.61939e-05   1.9122e-05 -0.000624823 -0.0426787  -0.204918 0.00672495 -0.0238914  -0.213509   -9.80665 
               138.6  1.66134 0.842411  106.326  6.34848 -3.81965  7.46422 0 0 0    0    0 0.07  0.0422162 -0.0541082 -0.0125246 -8.85958e-05 -2.78957e-06 -0.000620895 -0.0419906  -0.206574 0.00680757 -0.0238933  -0.213603   -9.80664 
               138.7    1.632 0.817434  106.281  6.35312 -3.82867   7.4665 0 0 0    0    0 0.07  0.0431335 -0.0668299 0.00249521 -8.85188e-05 -6.24818e-06 -0.000597981 -0.0417002  -0.206648 0.00644478 -0.0238808  -0.213613   -9.80664 
               138.8  1.62354 0.806008  106.317  6.34787 -3.84222  7.46362 0 0 0    0    0 0.07   0.0168233  -0.0878815 -0.00969052 -0.000100908 -1.46083e-05 -0.000613994 -0.0414361  -0.207463 0.00676343 -0.0238852  -0.213657   -9.80664 
               138.9  1.60529 0.778063  106.394  6.34697 -3.85443  7.46496 0 0 0    0    0 0.07 0.00931699 -0.0999021 -0.0011961 -9.45794e-05 -5.72818e-06 -0.000684305 -0.0412512  -0.207741  0.0064975 -0.0238822  -0.213674   -9.80664 
                 139  1.60469 0.776764  106.408   6.3476 -3.86237  7.46523 0 0 0    0    0 0.07    0.0084453   -0.0966668 -0.000360571 -8.25538e-05  -7.5141e-06 -0.000693467  -0.041416  -0.207709 0.00643347 -0.0238895   -0.21367   -9.80664 
               139.1  1.63127 0.780432  106.413  6.35251 -3.87037  7.46821 0 0 0    0    0 0.07  0.0176379 -0.0928516  0.0130633 -8.07455e-05 -2.46024e-06 -0.000696283 -0.0414621  -0.207319 0.00591719 -0.0238839  -0.213651   -9.80664 
               139.2  1.64133 0.789489  106.461  6.36415 -3.87026   7.4707 0 0 0    0    0 0.07  0.0436033 -0.0687911  0.0187918 -6.73551e-05  7.60743e-06 -0.000713136 -0.0419675  -0.206296 0.00570785 -0.0238872  -0.213592   -9.80665 
               139.3  1.66468 0.812608   106.38  6.37249 -3.87499  7.47013 0 0 0    0    0 0.07  0.0564479 -0.0633492 0.00763826 -6.34774e-05  1.15434e-05  -0.00067806 -0.0420404  -0.205936 0.00591474 -0.0238833  -0.213573   -9.80665 
               139.4    1.679 0.817519  106.456  6.38849 -3.87249  7.47126 0 0 0    0    0 0.07  0.0867186 -0.0379692  0.0104233 -4.76815e-05   2.2676e-05 -0.000703213 -0.0423945  -0.205083 0.00585173 -0.0238832  -0.213525   -9.80665 
               139.5  1.71198 0.839652  106.416  6.40166 -3.87045  7.47155 0 0 0    0    0 0.07   0.101542 -0.0198676 0.00824224 -4.47922e-05  2.87681e-05 -0.000687372 -0.0426772  -0.204679 0.00589903 -0.0238887    -0.2135   -9.80665 
               139.6  1.72824 0.849392  106.533  6.42157 -3.86545  7.47475 0 0 0    0    0 0.07     0.129177 -0.000408891    0.0185318 -2.87711e-05  3.70211e-05  -0.00073398 -0.0428954  -0.204016 0.00567507 -0.0238858  -0.213464   -9.80665 
               139.7 1.78265 0.85634 106.502  6.44048 -3.85606  7.47344 0 0 0    0    0 0.07   0.148486  0.0282341 0.00643165 -3.08635e-05  5.23806e-05 -0.000712179 -0.0433798  -0.203448    0.00597 -0.023898 -0.213428  -9.80665 
               139.8  1.79638 0.861244  106.592 6.46068 -3.8552 7.47474 0 0 0    0    0 0.07   0.164526  0.0229386 0.00896131 -1.28241e-05  5.09278e-05  -0.00076938 -0.0431556  -0.203181 0.00589981 -0.023882 -0.213419  -9.80665 
               139.9  1.82016 0.869942  106.519  6.48446 -3.84525  7.47398 0 0 0    0    0 0.07    0.18794  0.0450642 0.00242555  1.63791e-06  6.60461e-05 -0.000715191 -0.0435771  -0.202436 0.00608009 -0.0238881  -0.213376   -9.80665 
                 140   1.8246 0.877599  106.538  6.48775 -3.84468   7.4747 0 0 0    0    0 0.07   0.150701  0.0355866 0.00336345 -3.88449e-05  6.64722e-05 -0.000725679  -0.043657  -0.203707 0.00606761 -0.0239163  -0.213435   -9.80665 
               140.1  1.82691 0.892303  106.454  6.50277 -3.83692   7.4719 0 0 0    0    0 0.07   0.153585  0.0478865 -0.0094763  -3.9667e-05   7.8694e-05 -0.000666018 -0.0440592  -0.203572 0.00658055 -0.0239341  -0.213421   -9.80665 
               140.2  1.82383 0.892168  106.495  6.49902 -3.83819  7.47066 0 0 0    0    0 0.07   0.107006  0.0321216 -0.0115636 -0.000111631  7.28511e-05 -0.000678373 -0.0440714  -0.205452 0.00670934 -0.0239707  -0.213512   -9.80665 
               140.3 1.81067 0.87383 106.532 6.51174 -3.8303 7.46851 0 0 0    0    0 0.07  0.114339 0.0467021  -0.01616 -0.000102357  7.67886e-05 -0.000699983 -0.0444449  -0.205129 0.00679994 -0.0239826  -0.213489   -9.80665 
               140.4  1.80644 0.869218  106.557  6.50673 -3.83844  7.46648 0 0 0    0    0 0.07  0.0714073  0.0120465 -0.0190275 -0.000140598  5.90638e-05 -0.000714054 -0.0438498  -0.206786 0.00692271 -0.0239859  -0.213579   -9.80665 
               140.5 1.77436 0.87001  106.58  6.51225 -3.83467  7.46646 0 0 0    0    0 0.07  0.0683052  0.0198076 -0.0109107 -0.000134474  6.48224e-05 -0.000723938 -0.0441031  -0.206853 0.00670278 -0.0239989  -0.213578   -9.80665 
               140.6  1.76681 0.883059  106.577  6.49949 -3.83082  7.46839 0 0 0    0    0 0.07   0.0173827   0.0249363 0.000659617  -0.00016472  7.82228e-05 -0.000725271 -0.0446952  -0.208174 0.00644376 -0.0240517  -0.213629   -9.80664 
               140.7  1.74339 0.912813  106.538  6.49612 -3.81864  7.46971 0 0 0    0    0 0.07 0.00336879   0.054792 0.00762724 -0.000164516  9.66413e-05 -0.000698053 -0.0455331  -0.208296 0.00628076 -0.0240938   -0.21362   -9.80664 
               140.8   1.7366 0.930419  106.529  6.48447 -3.81014  7.47141 0 0 0    0    0 0.07 -0.028265 0.0642522 0.0110024 -0.000181995  0.000108629 -0.000699045 -0.0459935  -0.209006 0.00620259 -0.0241288  -0.213645   -9.80664 
               140.9 1.72647 0.94886 106.507  6.47562 -3.80008  7.47297 0 0 0    0    0 0.07 -0.0460893   0.076358  0.0137309 -0.000179446   0.00012114 -0.000682164 -0.0463868  -0.209328 0.00615084 -0.0241534  -0.213653   -9.80664 
                 141  1.72679 0.958672  106.521  6.47183 -3.79646  7.47259 0 0 0    0    0 0.07 -0.0439877  0.0659364 0.00799278 -0.000178071  0.000115576 -0.000684324 -0.0461063  -0.209362 0.00633987 -0.0241409   -0.21366   -9.80664 
               141.1  1.74484 0.966001  106.497  6.45648 -3.78212  7.47251 0 0 0    0    0 0.07 -0.0757899  0.0914538 0.00520028 -0.000185983  0.000121286 -0.000673883 -0.0468891  -0.209909 0.00641626 -0.0241876  -0.213671   -9.80664 
               141.2  1.74682 0.977432  106.484  6.45459 -3.77846  7.47308 0 0 0    0    0 0.07 -0.0605784  0.0778226 0.00454867 -0.000180892  0.000118453 -0.000666466 -0.0464158  -0.209678 0.00641819 -0.0241613  -0.213669   -9.80664 
               141.3   1.7595 0.978214  106.378  6.44539 -3.76805  7.47269 0 0 0    0    0 0.07  -0.0691363   0.0873546 0.000675159 -0.000191275  0.000122281 -0.000561028 -0.0466722  -0.209833 0.00650411 -0.024176 -0.213672  -9.80664 
               141.4  1.76063 0.975048  106.392  6.44428 -3.77484  7.47086 0 0 0    0    0 0.07 -0.0531559  0.0460788 -0.0073449 -0.000190385  0.000110854 -0.000560884 -0.0454693  -0.209799 0.00678353 -0.0241205  -0.213692   -9.80664 
               141.5  1.76187 0.950328   106.39  6.43479 -3.76655  7.47041 0 0 0    0    0 0.07   -0.064238   0.0576945 -0.00600518 -0.000192556  0.000115651 -0.000559106  -0.045868  -0.210024 0.00672659 -0.0241426  -0.213695   -9.80664 
               141.6   1.7557 0.947692  106.404  6.42806 -3.77456  7.46893 0 0 0    0    0 0.07 -0.0644426  0.0215539 -0.0101245 -0.000200498  9.55184e-05 -0.000568088 -0.0448313  -0.210389 0.00689789 -0.0241032   -0.21373   -9.80664 
               141.7  1.73819 0.935608  106.396  6.42039 -3.77084  7.47006 0 0 0    0    0 0.07 -0.0674865  0.0271441  -0.001648 -0.000199781  9.95403e-05 -0.000560027 -0.045005 -0.210461 0.0065521 -0.0241121   -0.21373   -9.80664 
               141.8  1.73192 0.937656  106.407  6.41535 -3.77507  7.47009 0 0 0    0    0 0.07  -0.0628484  0.00876569 -0.00149523 -0.000203621  8.32156e-05 -0.000562591 -0.0443788  -0.210512 0.00656159 -0.0240855  -0.213744   -9.80664 
               141.9  1.71249 0.917138  106.431  6.41069 -3.77463  7.47305 0 0 0    0    0 0.07 -0.0584722 0.00808072  0.0114878 -0.000193059  8.86795e-05 -0.000576028 -0.0442933  -0.210397 0.00618519 -0.0240794   -0.21374   -9.80664 
                 142  1.71231 0.922035  106.445 6.41287 -3.7761 7.47391 0 0 0    0    0 0.07 -0.0367974 0.00207409   0.010374 -0.000181664  7.95077e-05 -0.000579358 -0.0439063  -0.209835 0.00620794 -0.024052 -0.213723  -9.80664 
               142.1  1.72458 0.905111  106.454  6.41521 -3.77323  7.47645 0 0 0    0    0 0.07 -0.0188412 0.00942029  0.0159483 -0.000177998  8.33939e-05 -0.000582379  -0.043972   -0.20927 0.00597822 -0.0240444  -0.213697   -9.80664 
               142.2  1.74004 0.898867  106.524  6.43564 -3.77723  7.47489 0 0 0    0    0 0.07   0.0415528 -0.00454343   0.0027747 -0.000166918  7.42486e-05 -0.000594534 -0.0430287    -0.2077 0.00630676 -0.0239742  -0.213646   -9.80664 
               142.3 1.78811  0.8622 106.437  6.45036 -3.78219  7.47602 0 0 0    0    0 0.07  0.0759101 -0.0187951 0.00411417 -0.000168293   7.5724e-05 -0.000555029 -0.0424367  -0.207043 0.00620706 -0.0239362  -0.213628   -9.80664 
               142.4  1.81715 0.838599  106.623  6.49732 -3.78975  7.47195 0 0 0    0    0 0.07    0.18479 -0.0346328 -0.0142083 -0.000116011  4.89559e-05  -0.00074318 -0.0411974  -0.204584 0.00653338 -0.0238375  -0.213543   -9.80665 
               142.5  1.91038 0.780348  106.515  6.53324 -3.79025  7.47406 0 0 0    0    0 0.07    0.238776  -0.0271597 -0.00175961 -0.000117433  6.02766e-05 -0.000699685 -0.0410124  -0.203253 0.00597209 -0.0238046  -0.213488   -9.80665 
               142.6  1.93621 0.766212  106.697  6.57324 -3.78926  7.47109 0 0 0    0    0 0.07   0.284908 -0.0187609 -0.0125301 -6.84495e-05  5.12673e-05 -0.000852712 -0.0408993   -0.20202 0.00626623 -0.0237783  -0.213435   -9.80665 
               142.7 1.98647 0.75198  106.35  6.61764 -3.78613  7.47079 0 0 0    0    0 0.07    0.333874 -0.00580157 -0.00974576 -4.58253e-05  5.94663e-05 -0.000659847 -0.0409068  -0.200549 0.00602955 -0.0237522   -0.21337   -9.80665 
               142.8  1.99652 0.750791  106.385  6.63007 -3.78834  7.47167 0 0 0    0    0 0.07    0.284751  -0.0118873 -0.00389115 -7.60804e-05  6.23665e-05 -0.000671599 -0.0413651  -0.202328  0.0058283 -0.0238029  -0.213441   -9.80665 
               142.9  1.98745 0.744287  106.326  6.66412 -3.78531  7.47037 0 0 0    0    0 0.07    0.305574 -0.00122068 -0.00868192  -7.0962e-05  7.05026e-05 -0.000619181 -0.0416163  -0.201697 0.00591429 -0.0238031  -0.213409   -9.80665 
                 143  1.98239 0.741144  106.313  6.66041 -3.79021  7.46818 0 0 0    0    0 0.07  0.222244 -0.016138 -0.014552 -0.000115568  7.49387e-05  -0.00062255 -0.0421717  -0.204844 0.00621475 -0.0238841  -0.213536   -9.80665 
               143.1   1.9366 0.745449  106.324  6.69062 -3.78885  7.46718 0 0 0    0    0 0.07    0.248611 -0.00892078  -0.0123267 -0.000101306  7.00857e-05 -0.000622968 -0.0422255  -0.204029 0.00611254 -0.0238714    -0.2135   -9.80665 
               143.2  1.92317 0.750061  106.282  6.67612 -3.79879  7.46866 0 0 0    0    0 0.07    0.148052  -0.0347748 -0.00300008 -0.000146562  7.56622e-05 -0.000630627 -0.0425459   -0.20758 0.00595158 -0.0239481  -0.213644   -9.80664 
               143.3  1.84792 0.794884  106.309   6.6904 -3.81028  7.46372 0 0 0    0    0 0.07   0.148204 -0.0599895 -0.0232247 -0.000136148  5.19607e-05  -0.00064584 -0.0418859  -0.207842 0.00652656 -0.0239276  -0.213666   -9.80664 
               143.4  1.82908 0.805066  106.227  6.66461 -3.81404  7.46457 0 0 0    0    0 0.07  0.0434771 -0.0554635 -0.0125619 -0.000198606  7.94114e-05 -0.000589239  -0.043065   -0.21089 0.00628916 -0.0240306  -0.213769   -9.80664 
               143.5  1.78349 0.838937  106.265  6.65597 -3.81605  7.46412 0 0 0    0    0 0.07  0.00965439  -0.0465749 -0.00991739 -0.000194253  8.32041e-05 -0.000631422 -0.0437399  -0.211891 0.00614976 -0.0240759  -0.213797   -9.80664 
               143.6 1.77462 0.85731 106.232   6.6444 -3.80853  7.46647 0 0 0    0    0 0.07 -0.0201881 -0.0158805 0.00187865 -0.000205497  0.000117807 -0.000608886 -0.0451609  -0.212595 0.00553438 -0.0241446    -0.2138   -9.80664 
               143.7   1.7692 0.894226   106.26 6.63213 -3.8021  7.4642 0 0 0    0    0 0.07 -0.0468249 0.00603024 -0.0078072 -0.000211244  0.000126894 -0.000621104 -0.0463271  -0.213314 0.00595171 -0.0242048  -0.213807   -9.80664 
               143.8  1.78001 0.900872  106.286  6.64126 -3.79612  7.46474 0 0 0    0    0 0.07  -0.0109449    0.020195 -0.00182456 -0.000185255  0.000129504 -0.000635142 -0.0464486  -0.211844 0.00568496 -0.0241823  -0.213747   -9.80664 
               143.9  1.82547 0.891125  106.385   6.6404 -3.78175  7.46462 0 0 0    0    0 0.07  -0.00880196    0.0579675 -8.79354e-05 -0.000190497  0.000136138 -0.000690005 -0.047673 -0.211427 0.0056225 -0.024223 -0.213709  -9.80664 
                 144  1.82859 0.888405  106.405  6.64701 -3.78512  7.46305 0 0 0    0    0 0.07   0.0115095   0.0337798 -0.00596041 -0.000187265  0.000132144 -0.000698155 -0.0466601  -0.211058  0.0058141 -0.0241764  -0.213712   -9.80664 
               144.1  1.83319 0.867709   106.41  6.64779 -3.77669  7.46375 0 0 0    0    0 0.07   0.0117275   0.0491142 0.000959081 -0.000190549   0.00013374 -0.000699257 -0.0471103  -0.210957 0.00564071 -0.0241923    -0.2137   -9.80664 
               144.2  1.8304 0.87278 106.397  6.64523 -3.77504  7.46345 0 0 0    0    0 0.07   0.00350003    0.0399708 -0.000657184 -0.000188137  0.000134113 -0.000692125 -0.0469538  -0.211322 0.00570814 -0.0241926  -0.213718   -9.80664 
               144.3  1.81909 0.870752   106.41  6.64335 -3.76611  7.46391 0 0 0    0    0 0.07 -0.00159472   0.0553309  0.00130294 -0.000184474  0.000125036 -0.000697753 -0.0473955  -0.211372 0.00562157 -0.0242112  -0.213712   -9.80664 
               144.4  1.81865 0.871907  106.401  6.64694 -3.76989  7.46249 0 0 0    0    0 0.07  0.00907002   0.0303331 -0.00604838 -0.000187565  0.000137816 -0.000692878 -0.0466489  -0.211332 0.00580715 -0.0241805  -0.213723   -9.80664 
               144.5  1.81493 0.877438  106.349  6.64564 -3.76898  7.46061 0 0 0    0    0 0.07 0.00472796  0.0237164 -0.0118809 -0.000181644  0.000138652 -0.000650429 -0.0465377  -0.211556 0.00598377 -0.0241801  -0.213734   -9.80664 
6279 -1.52787  78.7159 -0.170645 -0.433686    3.7504 0 0 0    0    0 0.07  0.0115083  0.0004028 -0.0117858  0.000301501   -0.0005149 -0.000122557  -0.395194 -0.0404721 0.00879341   -0.25855 -0.0877038    -9.8052 
               144.2  1.57065 -1.54103  78.6856 -0.170115 -0.429113   3.74942 0 0 0    0    0 0.07 0.00816482  0.0125417  -0.010899   0.00029079 -0.000506297 -9.43243e-05  -0.395624 -0.0406383  0.0087898  -0.258571 -0.0876946    -9.8052 
               144.3  1.57393 -1.54072  78.7304 -0.169192 -0.425187   3.74893 0 0 0    0    0 0.07   0.0073814   0.0196813 -0.00844317  0.000289307 -0.000503118 -0.000119481  -0.395869 -0.0406775 0.00872259  -0.258581 -0.0876875    -9.8052 
               144.4  1.57291 -1.53716  78.7555  -0.16821 -0.419259   3.74828 0 0 0    0    0 0.07   0.0060353    0.029541 -0.00680612  0.000295141 -0.000495294 -0.000128173  -0.396259 -0.0407394 0.00871371  -0.258597 -0.0876761    -9.8052 
               144.5  1.58069 -1.53153  78.8195 -0.156078 -0.412038   3.74881 0 0 0    0    0 0.07   0.0352648   0.0393237 -0.00132129  0.000314008   -0.0004865 -0.000161505  -0.396759 -0.0397436 0.00853777  -0.258581 -0.0876242    -9.8052 
0.195619 -9.80584 
               144.4  -2.44159 -0.639524   79.2582  -0.246033 -0.0313585    4.43401 0 0 0    0    0 0.07   -0.019606  -0.0157959 -0.00354832  0.000114111 -0.000516454 -6.73181e-05   0.110502   0.306291 0.00721564 0.153791 0.195664 -9.80584 
               144.5  -2.40641 -0.593409   79.2189  -0.242818 -0.0330111    4.43416 0 0 0    0    0 0.07  -0.00301983   -0.0144603 -0.000268856  6.79507e-05 -0.000524196 -4.82173e-05   0.110454   0.306702 0.00718059 0.153804 0.195684 -9.80584 
               144.6  -2.39703 -0.578873   79.2646   -0.23861 -0.0330137    4.43617 0 0 0    0    0 0.07   0.0102602 -0.00870254  0.00762265  4.39864e-05 -0.000502721 -8.47989e-05   0.110295   0.307031 0.00698513 0.153808 0.195705 -9.80584 
